date,symbol,Risk_Label
2022-01-03,AAPL,High Risk
2022-01-04,AAPL,High Risk
2022-01-05,AAPL,High Risk
2022-01-06,AAPL,High Risk
2022-01-07,AAPL,High Risk
2022-01-10,AAPL,High Risk
2022-01-11,AAPL,High Risk
2022-01-12,AAPL,High Risk
2022-01-13,AAPL,High Risk
2022-01-14,AAPL,High Risk
2022-01-18,AAPL,High Risk
2022-01-19,AAPL,High Risk
2022-01-20,AAPL,High Risk
2022-01-21,AAPL,High Risk
2022-01-24,AAPL,High Risk
2022-01-25,AAPL,High Risk
2022-01-26,AAPL,High Risk
2022-01-27,AAPL,High Risk
2022-01-28,AAPL,High Risk
2022-01-31,AAPL,High Risk
2022-02-01,AAPL,High Risk
2022-02-02,AAPL,High Risk
2022-02-03,AAPL,High Risk
2022-02-04,AAPL,High Risk
2022-02-07,AAPL,High Risk
2022-02-08,AAPL,High Risk
2022-02-09,AAPL,High Risk
2022-02-10,AAPL,High Risk
2022-02-11,AAPL,High Risk
2022-02-14,AAPL,High Risk
2022-02-15,AAPL,High Risk
2022-02-16,AAPL,High Risk
2022-02-17,AAPL,High Risk
2022-02-18,AAPL,High Risk
2022-02-22,AAPL,High Risk
2022-02-23,AAPL,High Risk
2022-02-24,AAPL,High Risk
2022-02-25,AAPL,High Risk
2022-02-28,AAPL,High Risk
2022-03-01,AAPL,High Risk
2022-03-02,AAPL,High Risk
2022-03-03,AAPL,High Risk
2022-03-04,AAPL,High Risk
2022-03-07,AAPL,High Risk
2022-03-08,AAPL,High Risk
2022-03-09,AAPL,High Risk
2022-03-10,AAPL,High Risk
2022-03-11,AAPL,High Risk
2022-03-14,AAPL,High Risk
2022-03-15,AAPL,High Risk
2022-03-16,AAPL,High Risk
2022-03-17,AAPL,High Risk
2022-03-18,AAPL,High Risk
2022-03-21,AAPL,High Risk
2022-03-22,AAPL,High Risk
2022-03-23,AAPL,High Risk
2022-03-24,AAPL,High Risk
2022-03-25,AAPL,High Risk
2022-03-28,AAPL,High Risk
2022-03-29,AAPL,High Risk
2022-03-30,AAPL,High Risk
2022-03-31,AAPL,High Risk
2022-04-01,AAPL,High Risk
2022-04-04,AAPL,High Risk
2022-04-05,AAPL,High Risk
2022-04-06,AAPL,High Risk
2022-04-07,AAPL,High Risk
2022-04-08,AAPL,High Risk
2022-04-11,AAPL,High Risk
2022-04-12,AAPL,High Risk
2022-04-13,AAPL,High Risk
2022-04-14,AAPL,High Risk
2022-04-18,AAPL,High Risk
2022-04-19,AAPL,High Risk
2022-04-20,AAPL,High Risk
2022-04-21,AAPL,High Risk
2022-04-22,AAPL,High Risk
2022-04-25,AAPL,High Risk
2022-04-26,AAPL,High Risk
2022-04-27,AAPL,High Risk
2022-04-28,AAPL,High Risk
2022-04-29,AAPL,High Risk
2022-05-02,AAPL,High Risk
2022-05-03,AAPL,High Risk
2022-05-04,AAPL,High Risk
2022-05-05,AAPL,High Risk
2022-05-06,AAPL,High Risk
2022-05-09,AAPL,High Risk
2022-05-10,AAPL,High Risk
2022-05-11,AAPL,High Risk
2022-05-12,AAPL,High Risk
2022-05-13,AAPL,High Risk
2022-05-16,AAPL,High Risk
2022-05-17,AAPL,High Risk
2022-05-18,AAPL,High Risk
2022-05-19,AAPL,High Risk
2022-05-20,AAPL,High Risk
2022-05-23,AAPL,High Risk
2022-05-24,AAPL,High Risk
2022-05-25,AAPL,High Risk
2022-05-26,AAPL,High Risk
2022-05-27,AAPL,High Risk
2022-05-31,AAPL,High Risk
2022-06-01,AAPL,High Risk
2022-06-02,AAPL,High Risk
2022-06-03,AAPL,High Risk
2022-06-06,AAPL,High Risk
2022-06-07,AAPL,High Risk
2022-06-08,AAPL,High Risk
2022-06-09,AAPL,High Risk
2022-06-10,AAPL,High Risk
2022-06-13,AAPL,High Risk
2022-06-14,AAPL,High Risk
2022-06-15,AAPL,High Risk
2022-06-16,AAPL,High Risk
2022-06-17,AAPL,High Risk
2022-06-21,AAPL,High Risk
2022-06-22,AAPL,High Risk
2022-06-23,AAPL,High Risk
2022-06-24,AAPL,High Risk
2022-06-27,AAPL,High Risk
2022-06-28,AAPL,High Risk
2022-06-29,AAPL,High Risk
2022-06-30,AAPL,High Risk
2022-07-01,AAPL,High Risk
2022-07-05,AAPL,High Risk
2022-07-06,AAPL,High Risk
2022-07-07,AAPL,High Risk
2022-07-08,AAPL,High Risk
2022-07-11,AAPL,High Risk
2022-07-12,AAPL,High Risk
2022-07-13,AAPL,High Risk
2022-07-14,AAPL,High Risk
2022-07-15,AAPL,High Risk
2022-07-18,AAPL,High Risk
2022-07-19,AAPL,High Risk
2022-07-20,AAPL,High Risk
2022-07-21,AAPL,High Risk
2022-07-22,AAPL,High Risk
2022-07-25,AAPL,High Risk
2022-07-26,AAPL,High Risk
2022-07-27,AAPL,High Risk
2022-07-28,AAPL,High Risk
2022-07-29,AAPL,High Risk
2022-08-01,AAPL,High Risk
2022-08-02,AAPL,High Risk
2022-08-03,AAPL,High Risk
2022-08-04,AAPL,High Risk
2022-08-05,AAPL,High Risk
2022-08-08,AAPL,High Risk
2022-08-09,AAPL,High Risk
2022-08-10,AAPL,High Risk
2022-08-11,AAPL,High Risk
2022-08-12,AAPL,High Risk
2022-08-15,AAPL,High Risk
2022-08-16,AAPL,High Risk
2022-08-17,AAPL,High Risk
2022-08-18,AAPL,High Risk
2022-08-19,AAPL,High Risk
2022-08-22,AAPL,High Risk
2022-08-23,AAPL,High Risk
2022-08-24,AAPL,High Risk
2022-08-25,AAPL,High Risk
2022-08-26,AAPL,High Risk
2022-08-29,AAPL,High Risk
2022-08-30,AAPL,High Risk
2022-08-31,AAPL,High Risk
2022-09-01,AAPL,High Risk
2022-09-02,AAPL,High Risk
2022-09-06,AAPL,High Risk
2022-09-07,AAPL,High Risk
2022-09-08,AAPL,High Risk
2022-09-09,AAPL,High Risk
2022-09-12,AAPL,High Risk
2022-09-13,AAPL,High Risk
2022-09-14,AAPL,High Risk
2022-09-15,AAPL,High Risk
2022-09-16,AAPL,High Risk
2022-09-19,AAPL,High Risk
2022-09-20,AAPL,High Risk
2022-09-21,AAPL,High Risk
2022-09-22,AAPL,High Risk
2022-09-23,AAPL,High Risk
2022-09-26,AAPL,High Risk
2022-09-27,AAPL,High Risk
2022-09-28,AAPL,High Risk
2022-09-29,AAPL,High Risk
2022-09-30,AAPL,High Risk
2022-10-03,AAPL,High Risk
2022-10-04,AAPL,High Risk
2022-10-05,AAPL,High Risk
2022-10-06,AAPL,High Risk
2022-10-07,AAPL,High Risk
2022-10-10,AAPL,High Risk
2022-10-11,AAPL,High Risk
2022-10-12,AAPL,High Risk
2022-10-13,AAPL,High Risk
2022-10-14,AAPL,High Risk
2022-10-17,AAPL,High Risk
2022-10-18,AAPL,High Risk
2022-10-19,AAPL,High Risk
2022-10-20,AAPL,High Risk
2022-10-21,AAPL,High Risk
2022-10-24,AAPL,High Risk
2022-10-25,AAPL,High Risk
2022-10-26,AAPL,High Risk
2022-10-27,AAPL,High Risk
2022-10-28,AAPL,High Risk
2022-10-31,AAPL,High Risk
2022-11-01,AAPL,High Risk
2022-11-02,AAPL,High Risk
2022-11-03,AAPL,High Risk
2022-11-04,AAPL,High Risk
2022-11-07,AAPL,High Risk
2022-11-08,AAPL,High Risk
2022-11-09,AAPL,High Risk
2022-11-10,AAPL,High Risk
2022-11-11,AAPL,High Risk
2022-11-14,AAPL,High Risk
2022-11-15,AAPL,High Risk
2022-11-16,AAPL,High Risk
2022-11-17,AAPL,High Risk
2022-11-18,AAPL,High Risk
2022-11-21,AAPL,High Risk
2022-11-22,AAPL,High Risk
2022-11-23,AAPL,High Risk
2022-11-25,AAPL,High Risk
2022-11-28,AAPL,High Risk
2022-11-29,AAPL,High Risk
2022-11-30,AAPL,High Risk
2022-12-01,AAPL,High Risk
2022-12-02,AAPL,High Risk
2022-12-05,AAPL,High Risk
2022-12-06,AAPL,High Risk
2022-12-07,AAPL,High Risk
2022-12-08,AAPL,High Risk
2022-12-09,AAPL,High Risk
2022-12-12,AAPL,High Risk
2022-12-13,AAPL,High Risk
2022-12-14,AAPL,High Risk
2022-12-15,AAPL,High Risk
2022-12-16,AAPL,High Risk
2022-12-19,AAPL,High Risk
2022-12-20,AAPL,High Risk
2022-12-21,AAPL,High Risk
2022-12-22,AAPL,High Risk
2022-12-23,AAPL,High Risk
2022-12-27,AAPL,High Risk
2022-12-28,AAPL,High Risk
2022-12-29,AAPL,High Risk
2022-12-30,AAPL,High Risk
2023-01-03,AAPL,High Risk
2023-01-04,AAPL,High Risk
2023-01-05,AAPL,High Risk
2023-01-06,AAPL,High Risk
2023-01-09,AAPL,High Risk
2023-01-10,AAPL,High Risk
2023-01-11,AAPL,High Risk
2023-01-12,AAPL,High Risk
2023-01-13,AAPL,High Risk
2023-01-17,AAPL,High Risk
2023-01-18,AAPL,High Risk
2023-01-19,AAPL,High Risk
2023-01-20,AAPL,High Risk
2023-01-23,AAPL,High Risk
2023-01-24,AAPL,High Risk
2023-01-25,AAPL,High Risk
2023-01-26,AAPL,High Risk
2023-01-27,AAPL,High Risk
2023-01-30,AAPL,High Risk
2023-01-31,AAPL,High Risk
2023-02-01,AAPL,High Risk
2023-02-02,AAPL,High Risk
2023-02-03,AAPL,High Risk
2023-02-06,AAPL,High Risk
2023-02-07,AAPL,High Risk
2023-02-08,AAPL,High Risk
2023-02-09,AAPL,High Risk
2023-02-10,AAPL,High Risk
2023-02-13,AAPL,High Risk
2023-02-14,AAPL,High Risk
2023-02-15,AAPL,High Risk
2023-02-16,AAPL,High Risk
2023-02-17,AAPL,High Risk
2023-02-21,AAPL,High Risk
2023-02-22,AAPL,High Risk
2023-02-23,AAPL,High Risk
2023-02-24,AAPL,High Risk
2023-02-27,AAPL,High Risk
2023-02-28,AAPL,High Risk
2023-03-01,AAPL,High Risk
2023-03-02,AAPL,High Risk
2023-03-03,AAPL,High Risk
2023-03-06,AAPL,High Risk
2023-03-07,AAPL,High Risk
2023-03-08,AAPL,High Risk
2023-03-09,AAPL,High Risk
2023-03-10,AAPL,High Risk
2023-03-13,AAPL,High Risk
2023-03-14,AAPL,High Risk
2023-03-15,AAPL,High Risk
2023-03-16,AAPL,High Risk
2023-03-17,AAPL,High Risk
2023-03-20,AAPL,High Risk
2023-03-21,AAPL,High Risk
2023-03-22,AAPL,High Risk
2023-03-23,AAPL,High Risk
2023-03-24,AAPL,High Risk
2023-03-27,AAPL,High Risk
2023-03-28,AAPL,High Risk
2023-03-29,AAPL,High Risk
2023-03-30,AAPL,High Risk
2023-03-31,AAPL,High Risk
2023-04-03,AAPL,High Risk
2023-04-04,AAPL,High Risk
2023-04-05,AAPL,High Risk
2023-04-06,AAPL,High Risk
2023-04-10,AAPL,High Risk
2023-04-11,AAPL,High Risk
2023-04-12,AAPL,High Risk
2023-04-13,AAPL,High Risk
2023-04-14,AAPL,High Risk
2023-04-17,AAPL,High Risk
2023-04-18,AAPL,High Risk
2023-04-19,AAPL,High Risk
2023-04-20,AAPL,High Risk
2023-04-21,AAPL,High Risk
2023-04-24,AAPL,High Risk
2023-04-25,AAPL,High Risk
2023-04-26,AAPL,High Risk
2023-04-27,AAPL,High Risk
2023-04-28,AAPL,High Risk
2023-05-01,AAPL,High Risk
2023-05-02,AAPL,High Risk
2023-05-03,AAPL,High Risk
2023-05-04,AAPL,High Risk
2023-05-05,AAPL,High Risk
2023-05-08,AAPL,High Risk
2023-05-09,AAPL,High Risk
2023-05-10,AAPL,High Risk
2023-05-11,AAPL,High Risk
2023-05-12,AAPL,High Risk
2023-05-15,AAPL,High Risk
2023-05-16,AAPL,High Risk
2023-05-17,AAPL,High Risk
2023-05-18,AAPL,High Risk
2023-05-19,AAPL,High Risk
2023-05-22,AAPL,High Risk
2023-05-23,AAPL,High Risk
2023-05-24,AAPL,High Risk
2023-05-25,AAPL,High Risk
2023-05-26,AAPL,High Risk
2023-05-30,AAPL,High Risk
2023-05-31,AAPL,High Risk
2023-06-01,AAPL,High Risk
2023-06-02,AAPL,High Risk
2023-06-05,AAPL,High Risk
2023-06-06,AAPL,High Risk
2023-06-07,AAPL,High Risk
2023-06-08,AAPL,High Risk
2023-06-09,AAPL,High Risk
2023-06-12,AAPL,High Risk
2023-06-13,AAPL,High Risk
2023-06-14,AAPL,High Risk
2023-06-15,AAPL,High Risk
2023-06-16,AAPL,High Risk
2023-06-20,AAPL,High Risk
2023-06-21,AAPL,High Risk
2023-06-22,AAPL,High Risk
2023-06-23,AAPL,High Risk
2023-06-26,AAPL,High Risk
2023-06-27,AAPL,High Risk
2023-06-28,AAPL,High Risk
2023-06-29,AAPL,High Risk
2023-06-30,AAPL,High Risk
2023-07-03,AAPL,High Risk
2023-07-05,AAPL,High Risk
2023-07-06,AAPL,High Risk
2023-07-07,AAPL,High Risk
2023-07-10,AAPL,High Risk
2023-07-11,AAPL,High Risk
2023-07-12,AAPL,High Risk
2023-07-13,AAPL,High Risk
2023-07-14,AAPL,High Risk
2023-07-17,AAPL,High Risk
2023-07-18,AAPL,High Risk
2023-07-19,AAPL,High Risk
2023-07-20,AAPL,High Risk
2023-07-21,AAPL,High Risk
2023-07-24,AAPL,High Risk
2023-07-25,AAPL,High Risk
2023-07-26,AAPL,High Risk
2023-07-27,AAPL,High Risk
2023-07-28,AAPL,High Risk
2023-07-31,AAPL,High Risk
2023-08-01,AAPL,High Risk
2023-08-02,AAPL,High Risk
2023-08-03,AAPL,High Risk
2023-08-04,AAPL,High Risk
2023-08-07,AAPL,High Risk
2023-08-08,AAPL,High Risk
2023-08-09,AAPL,High Risk
2023-08-10,AAPL,High Risk
2023-08-11,AAPL,High Risk
2023-08-14,AAPL,High Risk
2023-08-15,AAPL,High Risk
2023-08-16,AAPL,High Risk
2023-08-17,AAPL,High Risk
2023-08-18,AAPL,High Risk
2023-08-21,AAPL,High Risk
2023-08-22,AAPL,High Risk
2023-08-23,AAPL,High Risk
2023-08-24,AAPL,High Risk
2023-08-25,AAPL,High Risk
2023-08-28,AAPL,High Risk
2023-08-29,AAPL,High Risk
2023-08-30,AAPL,High Risk
2023-08-31,AAPL,High Risk
2023-09-01,AAPL,High Risk
2023-09-05,AAPL,High Risk
2023-09-06,AAPL,High Risk
2023-09-07,AAPL,High Risk
2023-09-08,AAPL,High Risk
2023-09-11,AAPL,High Risk
2023-09-12,AAPL,High Risk
2023-09-13,AAPL,High Risk
2023-09-14,AAPL,High Risk
2023-09-15,AAPL,High Risk
2023-09-18,AAPL,High Risk
2023-09-19,AAPL,High Risk
2023-09-20,AAPL,High Risk
2023-09-21,AAPL,High Risk
2023-09-22,AAPL,High Risk
2023-09-25,AAPL,High Risk
2023-09-26,AAPL,High Risk
2023-09-27,AAPL,High Risk
2023-09-28,AAPL,High Risk
2023-09-29,AAPL,High Risk
2023-10-02,AAPL,High Risk
2023-10-03,AAPL,High Risk
2023-10-04,AAPL,High Risk
2023-10-05,AAPL,High Risk
2023-10-06,AAPL,High Risk
2023-10-09,AAPL,High Risk
2023-10-10,AAPL,High Risk
2023-10-11,AAPL,High Risk
2023-10-12,AAPL,High Risk
2023-10-13,AAPL,High Risk
2023-10-16,AAPL,High Risk
2023-10-17,AAPL,High Risk
2023-10-18,AAPL,High Risk
2023-10-19,AAPL,High Risk
2023-10-20,AAPL,High Risk
2023-10-23,AAPL,High Risk
2023-10-24,AAPL,High Risk
2023-10-25,AAPL,High Risk
2023-10-26,AAPL,High Risk
2023-10-27,AAPL,High Risk
2023-10-30,AAPL,High Risk
2023-10-31,AAPL,High Risk
2023-11-01,AAPL,High Risk
2023-11-02,AAPL,High Risk
2023-11-03,AAPL,High Risk
2023-11-06,AAPL,High Risk
2023-11-07,AAPL,High Risk
2023-11-08,AAPL,High Risk
2023-11-09,AAPL,High Risk
2023-11-10,AAPL,High Risk
2023-11-13,AAPL,High Risk
2023-11-14,AAPL,High Risk
2023-11-15,AAPL,High Risk
2023-11-16,AAPL,High Risk
2023-11-17,AAPL,High Risk
2023-11-20,AAPL,High Risk
2023-11-21,AAPL,High Risk
2023-11-22,AAPL,High Risk
2023-11-24,AAPL,High Risk
2023-11-27,AAPL,High Risk
2023-11-28,AAPL,High Risk
2023-11-29,AAPL,High Risk
2023-11-30,AAPL,High Risk
2023-12-01,AAPL,High Risk
2023-12-04,AAPL,High Risk
2023-12-05,AAPL,High Risk
2023-12-06,AAPL,High Risk
2023-12-07,AAPL,High Risk
2023-12-08,AAPL,High Risk
2023-12-11,AAPL,High Risk
2023-12-12,AAPL,High Risk
2023-12-13,AAPL,High Risk
2023-12-14,AAPL,High Risk
2023-12-15,AAPL,High Risk
2023-12-18,AAPL,High Risk
2023-12-19,AAPL,High Risk
2023-12-20,AAPL,High Risk
2023-12-21,AAPL,High Risk
2023-12-22,AAPL,High Risk
2023-12-26,AAPL,High Risk
2023-12-27,AAPL,High Risk
2023-12-28,AAPL,High Risk
2023-12-29,AAPL,High Risk
2024-01-02,AAPL,High Risk
2024-01-03,AAPL,High Risk
2024-01-04,AAPL,High Risk
2024-01-05,AAPL,High Risk
2024-01-08,AAPL,High Risk
2024-01-09,AAPL,High Risk
2024-01-10,AAPL,High Risk
2024-01-11,AAPL,High Risk
2024-01-12,AAPL,High Risk
2024-01-16,AAPL,High Risk
2024-01-17,AAPL,High Risk
2024-01-18,AAPL,High Risk
2024-01-19,AAPL,High Risk
2024-01-22,AAPL,High Risk
2024-01-23,AAPL,High Risk
2024-01-24,AAPL,High Risk
2024-01-25,AAPL,High Risk
2024-01-26,AAPL,High Risk
2024-01-29,AAPL,High Risk
2024-01-30,AAPL,High Risk
2024-01-31,AAPL,High Risk
2024-02-01,AAPL,High Risk
2024-02-02,AAPL,High Risk
2024-02-05,AAPL,High Risk
2024-02-06,AAPL,High Risk
2024-02-07,AAPL,High Risk
2024-02-08,AAPL,High Risk
2024-02-09,AAPL,High Risk
2024-02-12,AAPL,High Risk
2024-02-13,AAPL,High Risk
2024-02-14,AAPL,High Risk
2024-02-15,AAPL,High Risk
2024-02-16,AAPL,High Risk
2024-02-20,AAPL,High Risk
2024-02-21,AAPL,High Risk
2024-02-22,AAPL,High Risk
2024-02-23,AAPL,High Risk
2024-02-26,AAPL,High Risk
2024-02-27,AAPL,High Risk
2024-02-28,AAPL,High Risk
2024-02-29,AAPL,High Risk
2024-03-01,AAPL,High Risk
2024-03-04,AAPL,High Risk
2024-03-05,AAPL,High Risk
2024-03-06,AAPL,High Risk
2024-03-07,AAPL,High Risk
2024-03-08,AAPL,High Risk
2024-03-11,AAPL,High Risk
2024-03-12,AAPL,High Risk
2024-03-13,AAPL,High Risk
2024-03-14,AAPL,High Risk
2024-03-15,AAPL,High Risk
2024-03-18,AAPL,High Risk
2024-03-19,AAPL,High Risk
2024-03-20,AAPL,High Risk
2024-03-21,AAPL,High Risk
2024-03-22,AAPL,High Risk
2024-03-25,AAPL,High Risk
2024-03-26,AAPL,High Risk
2024-03-27,AAPL,High Risk
2024-03-28,AAPL,High Risk
2024-04-01,AAPL,High Risk
2024-04-02,AAPL,High Risk
2024-04-03,AAPL,High Risk
2024-04-04,AAPL,High Risk
2024-04-05,AAPL,High Risk
2024-04-08,AAPL,High Risk
2024-04-09,AAPL,High Risk
2024-04-10,AAPL,High Risk
2024-04-11,AAPL,High Risk
2024-04-12,AAPL,High Risk
2024-04-15,AAPL,High Risk
2024-04-16,AAPL,High Risk
2024-04-17,AAPL,High Risk
2024-04-18,AAPL,High Risk
2024-04-19,AAPL,High Risk
2024-04-22,AAPL,High Risk
2024-04-23,AAPL,High Risk
2024-04-24,AAPL,High Risk
2024-04-25,AAPL,High Risk
2024-04-26,AAPL,High Risk
2024-04-29,AAPL,High Risk
2024-04-30,AAPL,High Risk
2024-05-01,AAPL,High Risk
2024-05-02,AAPL,High Risk
2024-05-03,AAPL,High Risk
2024-05-06,AAPL,High Risk
2024-05-07,AAPL,High Risk
2024-05-08,AAPL,High Risk
2024-05-09,AAPL,High Risk
2024-05-10,AAPL,High Risk
2024-05-13,AAPL,High Risk
2024-05-14,AAPL,High Risk
2024-05-15,AAPL,High Risk
2024-05-16,AAPL,High Risk
2024-05-17,AAPL,High Risk
2024-05-20,AAPL,High Risk
2024-05-21,AAPL,High Risk
2024-05-22,AAPL,High Risk
2024-05-23,AAPL,High Risk
2024-05-24,AAPL,High Risk
2024-05-28,AAPL,High Risk
2024-05-29,AAPL,High Risk
2024-05-30,AAPL,High Risk
2024-05-31,AAPL,High Risk
2024-06-03,AAPL,High Risk
2024-06-04,AAPL,High Risk
2024-06-05,AAPL,High Risk
2024-06-06,AAPL,High Risk
2024-06-07,AAPL,High Risk
2024-06-10,AAPL,High Risk
2024-06-11,AAPL,High Risk
2024-06-12,AAPL,High Risk
2024-06-13,AAPL,High Risk
2024-06-14,AAPL,High Risk
2024-06-17,AAPL,High Risk
2024-06-18,AAPL,High Risk
2024-06-20,AAPL,High Risk
2024-06-21,AAPL,High Risk
2024-06-24,AAPL,High Risk
2024-06-25,AAPL,High Risk
2024-06-26,AAPL,High Risk
2024-06-27,AAPL,High Risk
2024-06-28,AAPL,High Risk
2024-07-01,AAPL,High Risk
2024-07-02,AAPL,High Risk
2024-07-03,AAPL,High Risk
2024-07-05,AAPL,High Risk
2024-07-08,AAPL,High Risk
2024-07-09,AAPL,High Risk
2024-07-10,AAPL,High Risk
2024-07-11,AAPL,High Risk
2024-07-12,AAPL,High Risk
2024-07-15,AAPL,High Risk
2024-07-16,AAPL,High Risk
2024-07-17,AAPL,High Risk
2024-07-18,AAPL,High Risk
2024-07-19,AAPL,High Risk
2024-07-22,AAPL,High Risk
2024-07-23,AAPL,High Risk
2024-07-24,AAPL,High Risk
2024-07-25,AAPL,High Risk
2024-07-26,AAPL,High Risk
2024-07-29,AAPL,High Risk
2024-07-30,AAPL,High Risk
2024-07-31,AAPL,High Risk
2024-08-01,AAPL,High Risk
2024-08-02,AAPL,High Risk
2024-08-05,AAPL,High Risk
2024-08-06,AAPL,High Risk
2024-08-07,AAPL,High Risk
2024-08-08,AAPL,High Risk
2024-08-09,AAPL,High Risk
2024-08-12,AAPL,High Risk
2024-08-13,AAPL,High Risk
2024-08-14,AAPL,High Risk
2024-08-15,AAPL,High Risk
2024-08-16,AAPL,High Risk
2024-08-19,AAPL,High Risk
2024-08-20,AAPL,High Risk
2024-08-21,AAPL,High Risk
2024-08-22,AAPL,High Risk
2024-08-23,AAPL,High Risk
2024-08-26,AAPL,High Risk
2024-08-27,AAPL,High Risk
2024-08-28,AAPL,High Risk
2024-08-29,AAPL,High Risk
2024-08-30,AAPL,High Risk
2024-09-03,AAPL,High Risk
2024-09-04,AAPL,High Risk
2024-09-05,AAPL,High Risk
2024-09-06,AAPL,High Risk
2024-09-09,AAPL,High Risk
2024-09-10,AAPL,High Risk
2024-09-11,AAPL,High Risk
2024-09-12,AAPL,High Risk
2024-09-13,AAPL,High Risk
2024-09-16,AAPL,High Risk
2024-09-17,AAPL,High Risk
2024-09-18,AAPL,High Risk
2024-09-19,AAPL,High Risk
2024-09-23,AAPL,High Risk
2024-09-24,AAPL,High Risk
2024-09-25,AAPL,High Risk
2024-09-26,AAPL,High Risk
2024-09-27,AAPL,High Risk
2024-09-30,AAPL,High Risk
2024-10-01,AAPL,High Risk
2024-10-02,AAPL,High Risk
2024-10-03,AAPL,High Risk
2024-10-04,AAPL,High Risk
2024-10-07,AAPL,High Risk
2024-10-08,AAPL,High Risk
2024-10-09,AAPL,High Risk
2024-10-10,AAPL,High Risk
2024-10-11,AAPL,High Risk
2024-10-14,AAPL,High Risk
2024-10-15,AAPL,High Risk
2024-10-16,AAPL,High Risk
2024-10-17,AAPL,High Risk
2024-10-18,AAPL,High Risk
2024-10-21,AAPL,High Risk
2024-10-22,AAPL,High Risk
2024-10-23,AAPL,High Risk
2024-10-24,AAPL,High Risk
2024-10-25,AAPL,High Risk
2024-10-28,AAPL,High Risk
2024-10-29,AAPL,High Risk
2024-10-30,AAPL,High Risk
2024-10-31,AAPL,High Risk
2024-11-01,AAPL,High Risk
2024-11-04,AAPL,High Risk
2024-11-05,AAPL,High Risk
2024-11-06,AAPL,High Risk
2024-11-07,AAPL,High Risk
2024-11-08,AAPL,High Risk
2024-11-11,AAPL,High Risk
2024-11-12,AAPL,High Risk
2024-11-13,AAPL,High Risk
2024-11-14,AAPL,High Risk
2024-11-15,AAPL,High Risk
2024-11-18,AAPL,High Risk
2024-11-19,AAPL,High Risk
2024-11-20,AAPL,High Risk
2024-11-21,AAPL,High Risk
2024-11-22,AAPL,High Risk
2024-11-25,AAPL,High Risk
2024-11-26,AAPL,High Risk
2024-11-27,AAPL,High Risk
2024-11-29,AAPL,High Risk
2024-12-02,AAPL,High Risk
2024-12-03,AAPL,High Risk
2024-12-04,AAPL,High Risk
2024-12-05,AAPL,High Risk
2024-12-06,AAPL,High Risk
2024-12-09,AAPL,High Risk
2024-12-10,AAPL,High Risk
2024-12-11,AAPL,High Risk
2024-12-12,AAPL,High Risk
2024-12-13,AAPL,High Risk
2024-12-16,AAPL,High Risk
2024-12-17,AAPL,High Risk
2024-12-18,AAPL,High Risk
2024-12-19,AAPL,High Risk
2024-12-20,AAPL,High Risk
2024-12-23,AAPL,High Risk
2024-12-24,AAPL,High Risk
2024-12-26,AAPL,High Risk
2024-12-27,AAPL,High Risk
2024-12-30,AAPL,High Risk
2024-12-31,AAPL,High Risk
2025-01-02,AAPL,High Risk
2025-01-03,AAPL,High Risk
2025-01-06,AAPL,High Risk
2025-01-07,AAPL,High Risk
2025-01-08,AAPL,High Risk
2025-01-10,AAPL,High Risk
2025-01-13,AAPL,High Risk
2025-01-14,AAPL,High Risk
2025-01-15,AAPL,High Risk
2025-01-16,AAPL,High Risk
2025-01-17,AAPL,High Risk
2025-01-21,AAPL,High Risk
2025-01-22,AAPL,High Risk
2025-01-23,AAPL,High Risk
2025-01-24,AAPL,High Risk
2025-01-27,AAPL,High Risk
2025-01-28,AAPL,High Risk
2025-01-29,AAPL,High Risk
2025-01-30,AAPL,High Risk
2025-01-31,AAPL,High Risk
2025-02-03,AAPL,High Risk
2025-02-04,AAPL,High Risk
2025-02-05,AAPL,High Risk
2025-02-06,AAPL,High Risk
2025-02-07,AAPL,High Risk
2025-02-10,AAPL,High Risk
2025-02-11,AAPL,High Risk
2025-02-12,AAPL,High Risk
2025-02-13,AAPL,High Risk
2025-02-14,AAPL,High Risk
2025-02-18,AAPL,High Risk
2025-02-19,AAPL,High Risk
2025-02-20,AAPL,High Risk
2025-02-21,AAPL,High Risk
2025-02-24,AAPL,High Risk
2025-02-25,AAPL,High Risk
2025-02-26,AAPL,High Risk
2025-02-27,AAPL,High Risk
2025-02-28,AAPL,High Risk
2025-03-03,AAPL,High Risk
2025-03-04,AAPL,High Risk
2025-03-05,AAPL,High Risk
2025-03-06,AAPL,High Risk
2025-03-07,AAPL,High Risk
2025-03-10,AAPL,High Risk
2025-03-11,AAPL,High Risk
2025-03-12,AAPL,High Risk
2025-03-13,AAPL,High Risk
2025-03-14,AAPL,High Risk
2025-03-17,AAPL,High Risk
2025-03-18,AAPL,High Risk
2025-03-19,AAPL,High Risk
2025-03-20,AAPL,High Risk
2025-03-21,AAPL,High Risk
2025-03-24,AAPL,High Risk
2025-03-25,AAPL,High Risk
2025-03-26,AAPL,High Risk
2025-03-27,AAPL,High Risk
2025-03-28,AAPL,High Risk
2025-03-31,AAPL,High Risk
2025-04-01,AAPL,High Risk
2025-04-02,AAPL,High Risk
2025-04-03,AAPL,High Risk
2025-04-04,AAPL,High Risk
2025-04-07,AAPL,High Risk
2025-04-08,AAPL,High Risk
2025-04-09,AAPL,High Risk
2025-04-10,AAPL,High Risk
2025-04-11,AAPL,High Risk
2025-04-14,AAPL,High Risk
2025-04-15,AAPL,High Risk
2025-04-16,AAPL,High Risk
2025-04-17,AAPL,High Risk
2025-04-21,AAPL,High Risk
2025-04-22,AAPL,High Risk
2025-04-23,AAPL,High Risk
2025-04-24,AAPL,High Risk
2025-04-25,AAPL,High Risk
2025-04-28,AAPL,High Risk
2025-04-29,AAPL,High Risk
2025-04-30,AAPL,High Risk
2025-05-01,AAPL,High Risk
2025-05-02,AAPL,High Risk
2025-05-05,AAPL,High Risk
2025-05-06,AAPL,High Risk
2025-05-07,AAPL,High Risk
2025-05-08,AAPL,High Risk
2025-05-09,AAPL,High Risk
2022-01-03,ABT,High Risk
2022-01-04,ABT,High Risk
2022-01-05,ABT,High Risk
2022-01-06,ABT,High Risk
2022-01-07,ABT,High Risk
2022-01-10,ABT,High Risk
2022-01-11,ABT,High Risk
2022-01-12,ABT,Medium Risk
2022-01-13,ABT,Medium Risk
2022-01-14,ABT,Medium Risk
2022-01-18,ABT,Medium Risk
2022-01-19,ABT,Medium Risk
2022-01-20,ABT,Medium Risk
2022-01-21,ABT,Medium Risk
2022-01-24,ABT,Medium Risk
2022-01-25,ABT,Medium Risk
2022-01-26,ABT,Medium Risk
2022-01-27,ABT,Medium Risk
2022-01-28,ABT,Medium Risk
2022-01-31,ABT,Medium Risk
2022-02-01,ABT,Medium Risk
2022-02-02,ABT,Medium Risk
2022-02-03,ABT,Medium Risk
2022-02-04,ABT,Medium Risk
2022-02-07,ABT,Medium Risk
2022-02-08,ABT,Medium Risk
2022-02-09,ABT,Medium Risk
2022-02-10,ABT,Medium Risk
2022-02-11,ABT,Medium Risk
2022-02-14,ABT,Medium Risk
2022-02-15,ABT,Medium Risk
2022-02-16,ABT,Medium Risk
2022-02-17,ABT,Medium Risk
2022-02-18,ABT,Medium Risk
2022-02-22,ABT,Medium Risk
2022-02-23,ABT,Medium Risk
2022-02-24,ABT,Medium Risk
2022-02-25,ABT,Medium Risk
2022-02-28,ABT,Medium Risk
2022-03-01,ABT,Medium Risk
2022-03-02,ABT,Medium Risk
2022-03-03,ABT,Medium Risk
2022-03-04,ABT,Medium Risk
2022-03-07,ABT,Medium Risk
2022-03-08,ABT,Medium Risk
2022-03-09,ABT,Medium Risk
2022-03-10,ABT,Medium Risk
2022-03-11,ABT,Medium Risk
2022-03-14,ABT,Medium Risk
2022-03-15,ABT,Medium Risk
2022-03-16,ABT,Medium Risk
2022-03-17,ABT,Medium Risk
2022-03-18,ABT,Medium Risk
2022-03-21,ABT,Medium Risk
2022-03-22,ABT,Medium Risk
2022-03-23,ABT,Medium Risk
2022-03-24,ABT,Medium Risk
2022-03-25,ABT,Medium Risk
2022-03-28,ABT,Medium Risk
2022-03-29,ABT,Medium Risk
2022-03-30,ABT,Medium Risk
2022-03-31,ABT,Medium Risk
2022-04-01,ABT,Medium Risk
2022-04-04,ABT,Medium Risk
2022-04-05,ABT,Medium Risk
2022-04-06,ABT,Medium Risk
2022-04-07,ABT,Medium Risk
2022-04-08,ABT,Medium Risk
2022-04-11,ABT,Medium Risk
2022-04-12,ABT,Medium Risk
2022-04-13,ABT,Medium Risk
2022-04-14,ABT,Medium Risk
2022-04-18,ABT,Medium Risk
2022-04-19,ABT,Medium Risk
2022-04-20,ABT,Medium Risk
2022-04-21,ABT,Medium Risk
2022-04-22,ABT,Medium Risk
2022-04-25,ABT,Medium Risk
2022-04-26,ABT,Medium Risk
2022-04-27,ABT,Medium Risk
2022-04-28,ABT,Medium Risk
2022-04-29,ABT,Medium Risk
2022-05-02,ABT,Medium Risk
2022-05-03,ABT,Medium Risk
2022-05-04,ABT,Medium Risk
2022-05-05,ABT,Medium Risk
2022-05-06,ABT,Medium Risk
2022-05-09,ABT,Medium Risk
2022-05-10,ABT,Medium Risk
2022-05-11,ABT,Medium Risk
2022-05-12,ABT,Medium Risk
2022-05-13,ABT,Medium Risk
2022-05-16,ABT,Medium Risk
2022-05-17,ABT,Medium Risk
2022-05-18,ABT,Medium Risk
2022-05-19,ABT,Medium Risk
2022-05-20,ABT,Medium Risk
2022-05-23,ABT,Medium Risk
2022-05-24,ABT,Medium Risk
2022-05-25,ABT,Medium Risk
2022-05-26,ABT,Medium Risk
2022-05-27,ABT,Medium Risk
2022-05-31,ABT,Medium Risk
2022-06-01,ABT,Medium Risk
2022-06-02,ABT,Medium Risk
2022-06-03,ABT,Medium Risk
2022-06-06,ABT,Medium Risk
2022-06-07,ABT,Medium Risk
2022-06-08,ABT,Medium Risk
2022-06-09,ABT,Medium Risk
2022-06-10,ABT,Medium Risk
2022-06-13,ABT,Medium Risk
2022-06-14,ABT,Medium Risk
2022-06-15,ABT,Medium Risk
2022-06-16,ABT,Medium Risk
2022-06-17,ABT,Medium Risk
2022-06-21,ABT,Medium Risk
2022-06-22,ABT,Medium Risk
2022-06-23,ABT,Medium Risk
2022-06-24,ABT,Medium Risk
2022-06-27,ABT,Medium Risk
2022-06-28,ABT,Medium Risk
2022-06-29,ABT,Medium Risk
2022-06-30,ABT,Medium Risk
2022-07-01,ABT,Medium Risk
2022-07-05,ABT,Medium Risk
2022-07-06,ABT,Medium Risk
2022-07-07,ABT,Medium Risk
2022-07-08,ABT,Medium Risk
2022-07-11,ABT,Medium Risk
2022-07-12,ABT,Medium Risk
2022-07-13,ABT,Medium Risk
2022-07-14,ABT,Medium Risk
2022-07-15,ABT,Medium Risk
2022-07-18,ABT,Medium Risk
2022-07-19,ABT,Medium Risk
2022-07-20,ABT,Medium Risk
2022-07-21,ABT,Medium Risk
2022-07-22,ABT,Medium Risk
2022-07-25,ABT,Medium Risk
2022-07-26,ABT,Medium Risk
2022-07-27,ABT,Medium Risk
2022-07-28,ABT,Medium Risk
2022-07-29,ABT,Medium Risk
2022-08-01,ABT,Medium Risk
2022-08-02,ABT,Medium Risk
2022-08-03,ABT,Medium Risk
2022-08-04,ABT,Medium Risk
2022-08-05,ABT,Medium Risk
2022-08-08,ABT,Medium Risk
2022-08-09,ABT,Medium Risk
2022-08-10,ABT,Medium Risk
2022-08-11,ABT,Medium Risk
2022-08-12,ABT,Medium Risk
2022-08-15,ABT,Medium Risk
2022-08-16,ABT,Medium Risk
2022-08-17,ABT,Medium Risk
2022-08-18,ABT,Medium Risk
2022-08-19,ABT,Medium Risk
2022-08-22,ABT,Medium Risk
2022-08-23,ABT,Medium Risk
2022-08-24,ABT,Medium Risk
2022-08-25,ABT,Medium Risk
2022-08-26,ABT,Medium Risk
2022-08-29,ABT,Medium Risk
2022-08-30,ABT,Medium Risk
2022-08-31,ABT,Medium Risk
2022-09-01,ABT,Medium Risk
2022-09-02,ABT,Medium Risk
2022-09-06,ABT,Medium Risk
2022-09-07,ABT,Medium Risk
2022-09-08,ABT,Medium Risk
2022-09-09,ABT,Medium Risk
2022-09-12,ABT,Medium Risk
2022-09-13,ABT,Medium Risk
2022-09-14,ABT,Medium Risk
2022-09-15,ABT,Medium Risk
2022-09-16,ABT,Medium Risk
2022-09-19,ABT,Medium Risk
2022-09-20,ABT,Medium Risk
2022-09-21,ABT,Medium Risk
2022-09-22,ABT,Medium Risk
2022-09-23,ABT,Medium Risk
2022-09-26,ABT,Medium Risk
2022-09-27,ABT,Medium Risk
2022-09-28,ABT,Medium Risk
2022-09-29,ABT,Medium Risk
2022-09-30,ABT,Medium Risk
2022-10-03,ABT,Medium Risk
2022-10-04,ABT,Medium Risk
2022-10-05,ABT,Medium Risk
2022-10-06,ABT,Medium Risk
2022-10-07,ABT,Medium Risk
2022-10-10,ABT,Medium Risk
2022-10-11,ABT,Medium Risk
2022-10-12,ABT,Medium Risk
2022-10-13,ABT,Medium Risk
2022-10-14,ABT,Medium Risk
2022-10-17,ABT,Medium Risk
2022-10-18,ABT,Medium Risk
2022-10-19,ABT,Medium Risk
2022-10-20,ABT,Medium Risk
2022-10-21,ABT,Medium Risk
2022-10-24,ABT,Medium Risk
2022-10-25,ABT,Medium Risk
2022-10-26,ABT,Medium Risk
2022-10-27,ABT,Medium Risk
2022-10-28,ABT,Medium Risk
2022-10-31,ABT,Medium Risk
2022-11-01,ABT,Medium Risk
2022-11-02,ABT,Medium Risk
2022-11-03,ABT,Medium Risk
2022-11-04,ABT,Medium Risk
2022-11-07,ABT,Medium Risk
2022-11-08,ABT,Medium Risk
2022-11-09,ABT,Medium Risk
2022-11-10,ABT,Medium Risk
2022-11-11,ABT,Medium Risk
2022-11-14,ABT,Medium Risk
2022-11-15,ABT,Medium Risk
2022-11-16,ABT,Medium Risk
2022-11-17,ABT,Medium Risk
2022-11-18,ABT,Medium Risk
2022-11-21,ABT,Medium Risk
2022-11-22,ABT,Medium Risk
2022-11-23,ABT,Medium Risk
2022-11-25,ABT,Medium Risk
2022-11-28,ABT,Medium Risk
2022-11-29,ABT,Medium Risk
2022-11-30,ABT,Medium Risk
2022-12-01,ABT,Medium Risk
2022-12-02,ABT,Medium Risk
2022-12-05,ABT,Medium Risk
2022-12-06,ABT,Medium Risk
2022-12-07,ABT,Medium Risk
2022-12-08,ABT,Medium Risk
2022-12-09,ABT,Medium Risk
2022-12-12,ABT,Medium Risk
2022-12-13,ABT,Medium Risk
2022-12-14,ABT,Medium Risk
2022-12-15,ABT,Medium Risk
2022-12-16,ABT,Medium Risk
2022-12-19,ABT,Medium Risk
2022-12-20,ABT,Medium Risk
2022-12-21,ABT,Medium Risk
2022-12-22,ABT,Medium Risk
2022-12-23,ABT,Medium Risk
2022-12-27,ABT,Medium Risk
2022-12-28,ABT,Medium Risk
2022-12-29,ABT,Medium Risk
2022-12-30,ABT,Medium Risk
2023-01-03,ABT,Medium Risk
2023-01-04,ABT,Medium Risk
2023-01-05,ABT,Medium Risk
2023-01-06,ABT,Medium Risk
2023-01-09,ABT,Medium Risk
2023-01-10,ABT,Medium Risk
2023-01-11,ABT,Medium Risk
2023-01-12,ABT,Medium Risk
2023-01-13,ABT,Medium Risk
2023-01-17,ABT,Medium Risk
2023-01-18,ABT,Medium Risk
2023-01-19,ABT,Medium Risk
2023-01-20,ABT,Medium Risk
2023-01-23,ABT,Medium Risk
2023-01-24,ABT,Medium Risk
2023-01-25,ABT,Medium Risk
2023-01-26,ABT,Medium Risk
2023-01-27,ABT,Medium Risk
2023-01-30,ABT,Medium Risk
2023-01-31,ABT,Medium Risk
2023-02-01,ABT,Medium Risk
2023-02-02,ABT,Medium Risk
2023-02-03,ABT,Medium Risk
2023-02-06,ABT,Medium Risk
2023-02-07,ABT,Medium Risk
2023-02-08,ABT,Medium Risk
2023-02-09,ABT,Medium Risk
2023-02-10,ABT,Medium Risk
2023-02-13,ABT,Medium Risk
2023-02-14,ABT,Medium Risk
2023-02-15,ABT,Medium Risk
2023-02-16,ABT,Medium Risk
2023-02-17,ABT,Medium Risk
2023-02-21,ABT,Medium Risk
2023-02-22,ABT,Medium Risk
2023-02-23,ABT,Medium Risk
2023-02-24,ABT,Medium Risk
2023-02-27,ABT,Medium Risk
2023-02-28,ABT,Medium Risk
2023-03-01,ABT,Medium Risk
2023-03-02,ABT,Medium Risk
2023-03-03,ABT,Medium Risk
2023-03-06,ABT,Medium Risk
2023-03-07,ABT,Medium Risk
2023-03-08,ABT,Medium Risk
2023-03-09,ABT,Medium Risk
2023-03-10,ABT,Medium Risk
2023-03-13,ABT,Medium Risk
2023-03-14,ABT,Medium Risk
2023-03-15,ABT,Medium Risk
2023-03-16,ABT,Medium Risk
2023-03-17,ABT,Medium Risk
2023-03-20,ABT,Medium Risk
2023-03-21,ABT,Medium Risk
2023-03-22,ABT,Medium Risk
2023-03-23,ABT,Medium Risk
2023-03-24,ABT,Medium Risk
2023-03-27,ABT,Medium Risk
2023-03-28,ABT,Medium Risk
2023-03-29,ABT,Medium Risk
2023-03-30,ABT,Medium Risk
2023-03-31,ABT,Medium Risk
2023-04-03,ABT,Medium Risk
2023-04-04,ABT,Medium Risk
2023-04-05,ABT,Medium Risk
2023-04-06,ABT,Medium Risk
2023-04-10,ABT,Medium Risk
2023-04-11,ABT,Medium Risk
2023-04-12,ABT,Medium Risk
2023-04-13,ABT,Medium Risk
2023-04-14,ABT,Medium Risk
2023-04-17,ABT,Medium Risk
2023-04-18,ABT,Medium Risk
2023-04-19,ABT,Medium Risk
2023-04-20,ABT,Medium Risk
2023-04-21,ABT,Medium Risk
2023-04-24,ABT,Medium Risk
2023-04-25,ABT,Medium Risk
2023-04-26,ABT,Medium Risk
2023-04-27,ABT,Medium Risk
2023-04-28,ABT,Medium Risk
2023-05-01,ABT,Medium Risk
2023-05-02,ABT,Medium Risk
2023-05-03,ABT,Medium Risk
2023-05-04,ABT,Medium Risk
2023-05-05,ABT,Medium Risk
2023-05-08,ABT,Medium Risk
2023-05-09,ABT,Medium Risk
2023-05-10,ABT,Medium Risk
2023-05-11,ABT,Medium Risk
2023-05-12,ABT,Medium Risk
2023-05-15,ABT,Medium Risk
2023-05-16,ABT,Medium Risk
2023-05-17,ABT,Medium Risk
2023-05-18,ABT,Medium Risk
2023-05-19,ABT,Medium Risk
2023-05-22,ABT,Medium Risk
2023-05-23,ABT,Medium Risk
2023-05-24,ABT,Medium Risk
2023-05-25,ABT,Medium Risk
2023-05-26,ABT,Medium Risk
2023-05-30,ABT,Medium Risk
2023-05-31,ABT,Medium Risk
2023-06-01,ABT,Medium Risk
2023-06-02,ABT,Medium Risk
2023-06-05,ABT,Medium Risk
2023-06-06,ABT,Medium Risk
2023-06-07,ABT,Medium Risk
2023-06-08,ABT,Medium Risk
2023-06-09,ABT,Medium Risk
2023-06-12,ABT,Medium Risk
2023-06-13,ABT,Medium Risk
2023-06-14,ABT,Medium Risk
2023-06-15,ABT,Medium Risk
2023-06-16,ABT,Medium Risk
2023-06-20,ABT,Medium Risk
2023-06-21,ABT,Medium Risk
2023-06-22,ABT,Medium Risk
2023-06-23,ABT,Medium Risk
2023-06-26,ABT,Medium Risk
2023-06-27,ABT,Medium Risk
2023-06-28,ABT,Medium Risk
2023-06-29,ABT,Medium Risk
2023-06-30,ABT,Medium Risk
2023-07-03,ABT,Medium Risk
2023-07-05,ABT,Medium Risk
2023-07-06,ABT,Medium Risk
2023-07-07,ABT,Medium Risk
2023-07-10,ABT,Medium Risk
2023-07-11,ABT,Medium Risk
2023-07-12,ABT,Medium Risk
2023-07-13,ABT,Medium Risk
2023-07-14,ABT,Medium Risk
2023-07-17,ABT,Medium Risk
2023-07-18,ABT,Medium Risk
2023-07-19,ABT,Medium Risk
2023-07-20,ABT,Medium Risk
2023-07-21,ABT,Medium Risk
2023-07-24,ABT,Medium Risk
2023-07-25,ABT,Medium Risk
2023-07-26,ABT,Medium Risk
2023-07-27,ABT,Medium Risk
2023-07-28,ABT,Medium Risk
2023-07-31,ABT,Medium Risk
2023-08-01,ABT,Medium Risk
2023-08-02,ABT,Medium Risk
2023-08-03,ABT,Medium Risk
2023-08-04,ABT,Medium Risk
2023-08-07,ABT,Medium Risk
2023-08-08,ABT,Medium Risk
2023-08-09,ABT,Medium Risk
2023-08-10,ABT,Medium Risk
2023-08-11,ABT,Medium Risk
2023-08-14,ABT,Medium Risk
2023-08-15,ABT,Medium Risk
2023-08-16,ABT,Medium Risk
2023-08-17,ABT,Medium Risk
2023-08-18,ABT,Medium Risk
2023-08-21,ABT,Medium Risk
2023-08-22,ABT,Medium Risk
2023-08-23,ABT,Medium Risk
2023-08-24,ABT,Medium Risk
2023-08-25,ABT,Medium Risk
2023-08-28,ABT,Medium Risk
2023-08-29,ABT,Medium Risk
2023-08-30,ABT,Medium Risk
2023-08-31,ABT,Medium Risk
2023-09-01,ABT,Medium Risk
2023-09-05,ABT,Medium Risk
2023-09-06,ABT,Medium Risk
2023-09-07,ABT,Medium Risk
2023-09-08,ABT,Medium Risk
2023-09-11,ABT,Medium Risk
2023-09-12,ABT,Medium Risk
2023-09-13,ABT,Medium Risk
2023-09-14,ABT,Medium Risk
2023-09-15,ABT,Medium Risk
2023-09-18,ABT,Medium Risk
2023-09-19,ABT,Medium Risk
2023-09-20,ABT,Medium Risk
2023-09-21,ABT,Medium Risk
2023-09-22,ABT,Medium Risk
2023-09-25,ABT,Medium Risk
2023-09-26,ABT,Medium Risk
2023-09-27,ABT,Medium Risk
2023-09-28,ABT,Medium Risk
2023-09-29,ABT,Medium Risk
2023-10-02,ABT,Medium Risk
2023-10-03,ABT,Medium Risk
2023-10-04,ABT,Medium Risk
2023-10-05,ABT,Medium Risk
2023-10-06,ABT,Medium Risk
2023-10-09,ABT,Medium Risk
2023-10-10,ABT,Medium Risk
2023-10-11,ABT,Medium Risk
2023-10-12,ABT,Medium Risk
2023-10-13,ABT,Medium Risk
2023-10-16,ABT,Medium Risk
2023-10-17,ABT,Medium Risk
2023-10-18,ABT,Medium Risk
2023-10-19,ABT,Medium Risk
2023-10-20,ABT,Medium Risk
2023-10-23,ABT,Medium Risk
2023-10-24,ABT,Medium Risk
2023-10-25,ABT,Medium Risk
2023-10-26,ABT,Medium Risk
2023-10-27,ABT,Medium Risk
2023-10-30,ABT,Medium Risk
2023-10-31,ABT,Medium Risk
2023-11-01,ABT,Medium Risk
2023-11-02,ABT,Medium Risk
2023-11-03,ABT,Medium Risk
2023-11-06,ABT,Medium Risk
2023-11-07,ABT,Medium Risk
2023-11-08,ABT,Medium Risk
2023-11-09,ABT,Medium Risk
2023-11-10,ABT,Medium Risk
2023-11-13,ABT,Medium Risk
2023-11-14,ABT,Medium Risk
2023-11-15,ABT,Medium Risk
2023-11-16,ABT,Medium Risk
2023-11-17,ABT,Medium Risk
2023-11-20,ABT,Medium Risk
2023-11-21,ABT,Medium Risk
2023-11-22,ABT,Medium Risk
2023-11-24,ABT,Medium Risk
2023-11-27,ABT,Medium Risk
2023-11-28,ABT,Medium Risk
2023-11-29,ABT,Medium Risk
2023-11-30,ABT,Medium Risk
2023-12-01,ABT,Medium Risk
2023-12-04,ABT,Medium Risk
2023-12-05,ABT,Medium Risk
2023-12-06,ABT,Medium Risk
2023-12-07,ABT,Medium Risk
2023-12-08,ABT,Medium Risk
2023-12-11,ABT,Medium Risk
2023-12-12,ABT,Medium Risk
2023-12-13,ABT,Medium Risk
2023-12-14,ABT,Medium Risk
2023-12-15,ABT,Medium Risk
2023-12-18,ABT,Medium Risk
2023-12-19,ABT,Medium Risk
2023-12-20,ABT,Medium Risk
2023-12-21,ABT,Medium Risk
2023-12-22,ABT,Medium Risk
2023-12-26,ABT,Medium Risk
2023-12-27,ABT,Medium Risk
2023-12-28,ABT,Medium Risk
2023-12-29,ABT,Medium Risk
2024-01-02,ABT,Medium Risk
2024-01-03,ABT,Medium Risk
2024-01-04,ABT,Medium Risk
2024-01-05,ABT,Medium Risk
2024-01-08,ABT,Medium Risk
2024-01-09,ABT,Medium Risk
2024-01-10,ABT,Medium Risk
2024-01-11,ABT,Medium Risk
2024-01-12,ABT,Medium Risk
2024-01-16,ABT,Medium Risk
2024-01-17,ABT,Medium Risk
2024-01-18,ABT,Medium Risk
2024-01-19,ABT,Medium Risk
2024-01-22,ABT,Medium Risk
2024-01-23,ABT,Medium Risk
2024-01-24,ABT,Medium Risk
2024-01-25,ABT,Medium Risk
2024-01-26,ABT,Medium Risk
2024-01-29,ABT,Medium Risk
2024-01-30,ABT,Medium Risk
2024-01-31,ABT,Medium Risk
2024-02-01,ABT,Medium Risk
2024-02-02,ABT,Medium Risk
2024-02-05,ABT,Medium Risk
2024-02-06,ABT,Medium Risk
2024-02-07,ABT,Medium Risk
2024-02-08,ABT,Medium Risk
2024-02-09,ABT,Medium Risk
2024-02-12,ABT,Medium Risk
2024-02-13,ABT,Medium Risk
2024-02-14,ABT,Medium Risk
2024-02-15,ABT,Medium Risk
2024-02-16,ABT,Medium Risk
2024-02-20,ABT,Medium Risk
2024-02-21,ABT,Medium Risk
2024-02-22,ABT,Medium Risk
2024-02-23,ABT,Medium Risk
2024-02-26,ABT,Medium Risk
2024-02-27,ABT,Medium Risk
2024-02-28,ABT,Medium Risk
2024-02-29,ABT,Medium Risk
2024-03-01,ABT,Medium Risk
2024-03-04,ABT,Medium Risk
2024-03-05,ABT,Medium Risk
2024-03-06,ABT,Medium Risk
2024-03-07,ABT,Medium Risk
2024-03-08,ABT,Medium Risk
2024-03-11,ABT,Medium Risk
2024-03-12,ABT,Medium Risk
2024-03-13,ABT,Medium Risk
2024-03-14,ABT,Medium Risk
2024-03-15,ABT,Medium Risk
2024-03-18,ABT,Medium Risk
2024-03-19,ABT,Medium Risk
2024-03-20,ABT,Medium Risk
2024-03-21,ABT,Medium Risk
2024-03-22,ABT,Medium Risk
2024-03-25,ABT,Medium Risk
2024-03-26,ABT,Medium Risk
2024-03-27,ABT,Medium Risk
2024-03-28,ABT,Medium Risk
2024-04-01,ABT,Medium Risk
2024-04-02,ABT,Medium Risk
2024-04-03,ABT,Medium Risk
2024-04-04,ABT,Medium Risk
2024-04-05,ABT,Medium Risk
2024-04-08,ABT,Medium Risk
2024-04-09,ABT,Medium Risk
2024-04-10,ABT,Medium Risk
2024-04-11,ABT,Medium Risk
2024-04-12,ABT,Medium Risk
2024-04-15,ABT,Medium Risk
2024-04-16,ABT,Medium Risk
2024-04-17,ABT,Medium Risk
2024-04-18,ABT,Medium Risk
2024-04-19,ABT,Medium Risk
2024-04-22,ABT,Medium Risk
2024-04-23,ABT,Medium Risk
2024-04-24,ABT,Medium Risk
2024-04-25,ABT,Medium Risk
2024-04-26,ABT,Medium Risk
2024-04-29,ABT,Medium Risk
2024-04-30,ABT,Medium Risk
2024-05-01,ABT,Medium Risk
2024-05-02,ABT,Medium Risk
2024-05-03,ABT,Medium Risk
2024-05-06,ABT,Medium Risk
2024-05-07,ABT,Medium Risk
2024-05-08,ABT,Medium Risk
2024-05-09,ABT,Medium Risk
2024-05-10,ABT,Medium Risk
2024-05-13,ABT,Medium Risk
2024-05-14,ABT,Medium Risk
2024-05-15,ABT,Medium Risk
2024-05-16,ABT,Medium Risk
2024-05-17,ABT,Medium Risk
2024-05-20,ABT,Medium Risk
2024-05-21,ABT,Medium Risk
2024-05-22,ABT,Medium Risk
2024-05-23,ABT,Medium Risk
2024-05-24,ABT,Medium Risk
2024-05-28,ABT,Medium Risk
2024-05-29,ABT,Medium Risk
2024-05-30,ABT,Medium Risk
2024-05-31,ABT,Medium Risk
2024-06-03,ABT,Medium Risk
2024-06-04,ABT,Medium Risk
2024-06-05,ABT,Medium Risk
2024-06-06,ABT,Medium Risk
2024-06-07,ABT,Medium Risk
2024-06-10,ABT,Medium Risk
2024-06-11,ABT,Medium Risk
2024-06-12,ABT,Medium Risk
2024-06-13,ABT,Medium Risk
2024-06-14,ABT,Medium Risk
2024-06-17,ABT,Medium Risk
2024-06-18,ABT,Medium Risk
2024-06-20,ABT,Medium Risk
2024-06-21,ABT,Medium Risk
2024-06-24,ABT,Medium Risk
2024-06-25,ABT,Medium Risk
2024-06-26,ABT,Medium Risk
2024-06-27,ABT,Medium Risk
2024-06-28,ABT,Medium Risk
2024-07-01,ABT,Medium Risk
2024-07-02,ABT,Medium Risk
2024-07-03,ABT,Medium Risk
2024-07-05,ABT,Medium Risk
2024-07-08,ABT,Medium Risk
2024-07-09,ABT,Medium Risk
2024-07-10,ABT,Medium Risk
2024-07-11,ABT,Medium Risk
2024-07-12,ABT,Medium Risk
2024-07-15,ABT,Medium Risk
2024-07-16,ABT,Medium Risk
2024-07-17,ABT,Medium Risk
2024-07-18,ABT,Medium Risk
2024-07-19,ABT,Medium Risk
2024-07-22,ABT,Medium Risk
2024-07-23,ABT,Medium Risk
2024-07-24,ABT,Medium Risk
2024-07-25,ABT,Medium Risk
2024-07-26,ABT,Medium Risk
2024-07-29,ABT,Medium Risk
2024-07-30,ABT,Medium Risk
2024-07-31,ABT,Medium Risk
2024-08-01,ABT,Medium Risk
2024-08-02,ABT,Medium Risk
2024-08-05,ABT,Medium Risk
2024-08-06,ABT,Medium Risk
2024-08-07,ABT,Medium Risk
2024-08-08,ABT,Medium Risk
2024-08-09,ABT,Medium Risk
2024-08-12,ABT,Medium Risk
2024-08-13,ABT,Medium Risk
2024-08-14,ABT,Medium Risk
2024-08-15,ABT,Medium Risk
2024-08-16,ABT,Medium Risk
2024-08-19,ABT,Medium Risk
2024-08-20,ABT,Medium Risk
2024-08-21,ABT,Medium Risk
2024-08-22,ABT,Medium Risk
2024-08-23,ABT,Medium Risk
2024-08-26,ABT,Medium Risk
2024-08-27,ABT,Medium Risk
2024-08-28,ABT,Medium Risk
2024-08-29,ABT,Medium Risk
2024-08-30,ABT,Medium Risk
2024-09-03,ABT,Medium Risk
2024-09-04,ABT,Medium Risk
2024-09-05,ABT,Medium Risk
2024-09-06,ABT,Medium Risk
2024-09-09,ABT,Medium Risk
2024-09-10,ABT,Medium Risk
2024-09-11,ABT,Medium Risk
2024-09-12,ABT,Medium Risk
2024-09-13,ABT,Medium Risk
2024-09-16,ABT,Medium Risk
2024-09-17,ABT,Medium Risk
2024-09-18,ABT,Medium Risk
2024-09-19,ABT,Medium Risk
2024-09-20,ABT,Medium Risk
2024-09-23,ABT,Medium Risk
2024-09-24,ABT,Medium Risk
2024-09-25,ABT,Medium Risk
2024-09-26,ABT,Medium Risk
2024-09-27,ABT,Medium Risk
2024-09-30,ABT,Medium Risk
2024-10-01,ABT,Medium Risk
2024-10-02,ABT,Medium Risk
2024-10-03,ABT,Medium Risk
2024-10-04,ABT,Medium Risk
2024-10-07,ABT,Medium Risk
2024-10-08,ABT,Medium Risk
2024-10-09,ABT,Medium Risk
2024-10-10,ABT,Medium Risk
2024-10-11,ABT,Medium Risk
2024-10-14,ABT,Medium Risk
2024-10-15,ABT,Medium Risk
2024-10-16,ABT,Medium Risk
2024-10-17,ABT,Medium Risk
2024-10-18,ABT,Medium Risk
2024-10-21,ABT,Medium Risk
2024-10-22,ABT,Medium Risk
2024-10-23,ABT,Medium Risk
2024-10-24,ABT,Medium Risk
2024-10-25,ABT,Medium Risk
2024-10-28,ABT,Medium Risk
2024-10-29,ABT,Medium Risk
2024-10-30,ABT,Medium Risk
2024-10-31,ABT,Medium Risk
2024-11-01,ABT,Medium Risk
2024-11-04,ABT,Medium Risk
2024-11-05,ABT,Medium Risk
2024-11-06,ABT,Medium Risk
2024-11-07,ABT,Medium Risk
2024-11-08,ABT,Medium Risk
2024-11-11,ABT,Medium Risk
2024-11-12,ABT,Medium Risk
2024-11-13,ABT,Medium Risk
2024-11-14,ABT,Medium Risk
2024-11-15,ABT,Medium Risk
2024-11-18,ABT,Medium Risk
2024-11-19,ABT,Medium Risk
2024-11-20,ABT,Medium Risk
2024-11-21,ABT,Medium Risk
2024-11-22,ABT,Medium Risk
2024-11-25,ABT,Medium Risk
2024-11-26,ABT,Medium Risk
2024-11-27,ABT,Medium Risk
2024-11-29,ABT,Medium Risk
2024-12-02,ABT,Medium Risk
2024-12-03,ABT,Medium Risk
2024-12-04,ABT,Medium Risk
2024-12-05,ABT,Medium Risk
2024-12-06,ABT,Medium Risk
2024-12-09,ABT,Medium Risk
2024-12-10,ABT,Medium Risk
2024-12-11,ABT,Medium Risk
2024-12-12,ABT,Medium Risk
2024-12-13,ABT,Medium Risk
2024-12-16,ABT,Medium Risk
2024-12-17,ABT,Medium Risk
2024-12-18,ABT,Medium Risk
2024-12-19,ABT,Medium Risk
2024-12-20,ABT,Medium Risk
2024-12-23,ABT,Medium Risk
2024-12-24,ABT,Medium Risk
2024-12-26,ABT,Medium Risk
2024-12-27,ABT,Medium Risk
2024-12-30,ABT,Medium Risk
2024-12-31,ABT,Medium Risk
2025-01-02,ABT,Medium Risk
2025-01-03,ABT,Medium Risk
2025-01-06,ABT,Medium Risk
2025-01-07,ABT,Medium Risk
2025-01-08,ABT,Medium Risk
2025-01-10,ABT,Medium Risk
2025-01-13,ABT,Medium Risk
2025-01-14,ABT,Medium Risk
2025-01-15,ABT,Medium Risk
2025-01-16,ABT,Medium Risk
2025-01-17,ABT,Medium Risk
2025-01-21,ABT,Medium Risk
2025-01-22,ABT,Medium Risk
2025-01-23,ABT,Medium Risk
2025-01-24,ABT,Medium Risk
2025-01-27,ABT,Medium Risk
2025-01-28,ABT,Medium Risk
2025-01-29,ABT,Medium Risk
2025-01-30,ABT,Medium Risk
2025-01-31,ABT,Medium Risk
2025-02-03,ABT,Medium Risk
2025-02-04,ABT,Medium Risk
2025-02-05,ABT,High Risk
2025-02-06,ABT,High Risk
2025-02-07,ABT,High Risk
2025-02-10,ABT,High Risk
2025-02-11,ABT,High Risk
2025-02-12,ABT,High Risk
2025-02-13,ABT,High Risk
2025-02-14,ABT,High Risk
2025-02-18,ABT,High Risk
2025-02-19,ABT,High Risk
2025-02-20,ABT,High Risk
2025-02-21,ABT,High Risk
2025-02-24,ABT,High Risk
2025-02-25,ABT,High Risk
2025-02-26,ABT,High Risk
2025-02-27,ABT,High Risk
2025-02-28,ABT,High Risk
2025-03-03,ABT,High Risk
2025-03-04,ABT,High Risk
2025-03-05,ABT,High Risk
2025-03-06,ABT,High Risk
2025-03-07,ABT,High Risk
2025-03-10,ABT,High Risk
2025-03-11,ABT,High Risk
2025-03-12,ABT,High Risk
2025-03-13,ABT,High Risk
2025-03-14,ABT,High Risk
2025-03-17,ABT,High Risk
2025-03-18,ABT,High Risk
2025-03-19,ABT,High Risk
2025-03-20,ABT,High Risk
2025-03-21,ABT,High Risk
2025-03-24,ABT,High Risk
2025-03-25,ABT,High Risk
2025-03-26,ABT,High Risk
2025-03-27,ABT,High Risk
2025-03-28,ABT,High Risk
2025-03-31,ABT,High Risk
2025-04-01,ABT,High Risk
2025-04-02,ABT,High Risk
2025-04-03,ABT,High Risk
2025-04-04,ABT,High Risk
2025-04-07,ABT,High Risk
2025-04-08,ABT,High Risk
2025-04-09,ABT,Medium Risk
2025-04-10,ABT,Medium Risk
2025-04-11,ABT,Medium Risk
2025-04-14,ABT,Medium Risk
2025-04-15,ABT,High Risk
2025-04-16,ABT,High Risk
2025-04-17,ABT,High Risk
2025-04-21,ABT,High Risk
2025-04-22,ABT,High Risk
2025-04-23,ABT,High Risk
2025-04-24,ABT,High Risk
2025-04-25,ABT,High Risk
2025-04-28,ABT,High Risk
2025-04-29,ABT,High Risk
2025-04-30,ABT,High Risk
2025-05-01,ABT,High Risk
2025-05-02,ABT,High Risk
2025-05-05,ABT,High Risk
2025-05-06,ABT,High Risk
2025-05-07,ABT,High Risk
2025-05-08,ABT,High Risk
2025-05-09,ABT,High Risk
2022-01-03,ADBE,Low Risk
2022-01-04,ADBE,Low Risk
2022-01-05,ADBE,Low Risk
2022-01-06,ADBE,Low Risk
2022-01-07,ADBE,Low Risk
2022-01-10,ADBE,Low Risk
2022-01-11,ADBE,Low Risk
2022-01-12,ADBE,Low Risk
2022-01-13,ADBE,Low Risk
2022-01-14,ADBE,Low Risk
2022-01-18,ADBE,Low Risk
2022-01-19,ADBE,Low Risk
2022-01-20,ADBE,Low Risk
2022-01-21,ADBE,Low Risk
2022-01-24,ADBE,Low Risk
2022-01-25,ADBE,Low Risk
2022-01-26,ADBE,Low Risk
2022-01-27,ADBE,Low Risk
2022-01-28,ADBE,Low Risk
2022-01-31,ADBE,Low Risk
2022-02-01,ADBE,Low Risk
2022-02-02,ADBE,Low Risk
2022-02-03,ADBE,Low Risk
2022-02-04,ADBE,Low Risk
2022-02-07,ADBE,Low Risk
2022-02-08,ADBE,Low Risk
2022-02-09,ADBE,Low Risk
2022-02-10,ADBE,Low Risk
2022-02-11,ADBE,Low Risk
2022-02-14,ADBE,Low Risk
2022-02-15,ADBE,Low Risk
2022-02-16,ADBE,Low Risk
2022-02-17,ADBE,Low Risk
2022-02-18,ADBE,Low Risk
2022-02-22,ADBE,Low Risk
2022-02-23,ADBE,Low Risk
2022-02-24,ADBE,Low Risk
2022-02-25,ADBE,Low Risk
2022-02-28,ADBE,Low Risk
2022-03-01,ADBE,Low Risk
2022-03-02,ADBE,Low Risk
2022-03-03,ADBE,Low Risk
2022-03-04,ADBE,Low Risk
2022-03-07,ADBE,Low Risk
2022-03-08,ADBE,Low Risk
2022-03-09,ADBE,Low Risk
2022-03-10,ADBE,Low Risk
2022-03-11,ADBE,Low Risk
2022-03-14,ADBE,Low Risk
2022-03-15,ADBE,Low Risk
2022-03-16,ADBE,Low Risk
2022-03-17,ADBE,Low Risk
2022-03-18,ADBE,Low Risk
2022-03-21,ADBE,Low Risk
2022-03-22,ADBE,Low Risk
2022-03-23,ADBE,Low Risk
2022-03-24,ADBE,Low Risk
2022-03-25,ADBE,Low Risk
2022-03-28,ADBE,Low Risk
2022-03-29,ADBE,Low Risk
2022-03-30,ADBE,Low Risk
2022-03-31,ADBE,Low Risk
2022-04-01,ADBE,Low Risk
2022-04-04,ADBE,Low Risk
2022-04-05,ADBE,Low Risk
2022-04-06,ADBE,Low Risk
2022-04-07,ADBE,Low Risk
2022-04-08,ADBE,Low Risk
2022-04-11,ADBE,Low Risk
2022-04-12,ADBE,Low Risk
2022-04-13,ADBE,Low Risk
2022-04-14,ADBE,Low Risk
2022-04-18,ADBE,Low Risk
2022-04-19,ADBE,Low Risk
2022-04-20,ADBE,Low Risk
2022-04-21,ADBE,Low Risk
2022-04-22,ADBE,Low Risk
2022-04-25,ADBE,Low Risk
2022-04-26,ADBE,Low Risk
2022-04-27,ADBE,Low Risk
2022-04-28,ADBE,Low Risk
2022-04-29,ADBE,Low Risk
2022-05-02,ADBE,Low Risk
2022-05-03,ADBE,Low Risk
2022-05-04,ADBE,Low Risk
2022-05-05,ADBE,Low Risk
2022-05-06,ADBE,Low Risk
2022-05-09,ADBE,Low Risk
2022-05-10,ADBE,Low Risk
2022-05-11,ADBE,Low Risk
2022-05-12,ADBE,Low Risk
2022-05-13,ADBE,Low Risk
2022-05-16,ADBE,Low Risk
2022-05-17,ADBE,Low Risk
2022-05-18,ADBE,Low Risk
2022-05-19,ADBE,Low Risk
2022-05-20,ADBE,Low Risk
2022-05-23,ADBE,Low Risk
2022-05-24,ADBE,Low Risk
2022-05-25,ADBE,Low Risk
2022-05-26,ADBE,Low Risk
2022-05-27,ADBE,Low Risk
2022-05-31,ADBE,Low Risk
2022-06-01,ADBE,Low Risk
2022-06-02,ADBE,Low Risk
2022-06-03,ADBE,Low Risk
2022-06-06,ADBE,Low Risk
2022-06-07,ADBE,Low Risk
2022-06-08,ADBE,Low Risk
2022-06-09,ADBE,Low Risk
2022-06-10,ADBE,Low Risk
2022-06-13,ADBE,Low Risk
2022-06-14,ADBE,Low Risk
2022-06-15,ADBE,Low Risk
2022-06-16,ADBE,Low Risk
2022-06-17,ADBE,Low Risk
2022-06-21,ADBE,Low Risk
2022-06-22,ADBE,Low Risk
2022-06-23,ADBE,Low Risk
2022-06-24,ADBE,Low Risk
2022-06-27,ADBE,Low Risk
2022-06-28,ADBE,Low Risk
2022-06-29,ADBE,Low Risk
2022-06-30,ADBE,Low Risk
2022-07-01,ADBE,Low Risk
2022-07-05,ADBE,Low Risk
2022-07-06,ADBE,Low Risk
2022-07-07,ADBE,Low Risk
2022-07-08,ADBE,Low Risk
2022-07-11,ADBE,Low Risk
2022-07-12,ADBE,Low Risk
2022-07-13,ADBE,Low Risk
2022-07-14,ADBE,Low Risk
2022-07-15,ADBE,Low Risk
2022-07-18,ADBE,Low Risk
2022-07-19,ADBE,Low Risk
2022-07-20,ADBE,Low Risk
2022-07-21,ADBE,Low Risk
2022-07-22,ADBE,Low Risk
2022-07-25,ADBE,Low Risk
2022-07-26,ADBE,Low Risk
2022-07-27,ADBE,Low Risk
2022-07-28,ADBE,Low Risk
2022-07-29,ADBE,Low Risk
2022-08-01,ADBE,Low Risk
2022-08-02,ADBE,Low Risk
2022-08-03,ADBE,Low Risk
2022-08-04,ADBE,Low Risk
2022-08-05,ADBE,Low Risk
2022-08-08,ADBE,Low Risk
2022-08-09,ADBE,Low Risk
2022-08-10,ADBE,Low Risk
2022-08-11,ADBE,Low Risk
2022-08-12,ADBE,Low Risk
2022-08-15,ADBE,Low Risk
2022-08-16,ADBE,Low Risk
2022-08-17,ADBE,Low Risk
2022-08-18,ADBE,Low Risk
2022-08-19,ADBE,Low Risk
2022-08-22,ADBE,Low Risk
2022-08-23,ADBE,Low Risk
2022-08-24,ADBE,Low Risk
2022-08-25,ADBE,Low Risk
2022-08-26,ADBE,Low Risk
2022-08-29,ADBE,Low Risk
2022-08-30,ADBE,Low Risk
2022-08-31,ADBE,Low Risk
2022-09-01,ADBE,Low Risk
2022-09-02,ADBE,Low Risk
2022-09-06,ADBE,Low Risk
2022-09-07,ADBE,Low Risk
2022-09-08,ADBE,Low Risk
2022-09-09,ADBE,Low Risk
2022-09-12,ADBE,Low Risk
2022-09-13,ADBE,Low Risk
2022-09-14,ADBE,Low Risk
2022-09-15,ADBE,Low Risk
2022-09-16,ADBE,Low Risk
2022-09-19,ADBE,Low Risk
2022-09-20,ADBE,Low Risk
2022-09-21,ADBE,Low Risk
2022-09-22,ADBE,Low Risk
2022-09-23,ADBE,High Risk
2022-09-26,ADBE,High Risk
2022-09-27,ADBE,High Risk
2022-09-28,ADBE,High Risk
2022-09-29,ADBE,High Risk
2022-09-30,ADBE,High Risk
2022-10-03,ADBE,High Risk
2022-10-04,ADBE,High Risk
2022-10-05,ADBE,High Risk
2022-10-06,ADBE,High Risk
2022-10-07,ADBE,High Risk
2022-10-10,ADBE,High Risk
2022-10-11,ADBE,High Risk
2022-10-12,ADBE,High Risk
2022-10-13,ADBE,High Risk
2022-10-14,ADBE,High Risk
2022-10-17,ADBE,High Risk
2022-10-18,ADBE,High Risk
2022-10-19,ADBE,High Risk
2022-10-20,ADBE,High Risk
2022-10-21,ADBE,High Risk
2022-10-24,ADBE,High Risk
2022-10-25,ADBE,Low Risk
2022-10-26,ADBE,Low Risk
2022-10-27,ADBE,Low Risk
2022-10-28,ADBE,Low Risk
2022-10-31,ADBE,Low Risk
2022-11-01,ADBE,Low Risk
2022-11-02,ADBE,Low Risk
2022-11-03,ADBE,Low Risk
2022-11-04,ADBE,High Risk
2022-11-07,ADBE,High Risk
2022-11-08,ADBE,High Risk
2022-11-09,ADBE,High Risk
2022-11-10,ADBE,Low Risk
2022-11-11,ADBE,Low Risk
2022-11-14,ADBE,Low Risk
2022-11-15,ADBE,Low Risk
2022-11-16,ADBE,Low Risk
2022-11-17,ADBE,Low Risk
2022-11-18,ADBE,Low Risk
2022-11-21,ADBE,Low Risk
2022-11-22,ADBE,Low Risk
2022-11-23,ADBE,Low Risk
2022-11-25,ADBE,Low Risk
2022-11-28,ADBE,Low Risk
2022-11-29,ADBE,Low Risk
2022-11-30,ADBE,Low Risk
2022-12-01,ADBE,Low Risk
2022-12-02,ADBE,Low Risk
2022-12-05,ADBE,Low Risk
2022-12-06,ADBE,Low Risk
2022-12-07,ADBE,Low Risk
2022-12-08,ADBE,Low Risk
2022-12-09,ADBE,Low Risk
2022-12-12,ADBE,Low Risk
2022-12-13,ADBE,Low Risk
2022-12-14,ADBE,Low Risk
2022-12-15,ADBE,Low Risk
2022-12-16,ADBE,Low Risk
2022-12-19,ADBE,Low Risk
2022-12-20,ADBE,Low Risk
2022-12-21,ADBE,Low Risk
2022-12-22,ADBE,Low Risk
2022-12-23,ADBE,Low Risk
2022-12-27,ADBE,Low Risk
2022-12-28,ADBE,Low Risk
2022-12-29,ADBE,Low Risk
2022-12-30,ADBE,Low Risk
2023-01-03,ADBE,Low Risk
2023-01-04,ADBE,Low Risk
2023-01-05,ADBE,Low Risk
2023-01-06,ADBE,Low Risk
2023-01-09,ADBE,Low Risk
2023-01-10,ADBE,Low Risk
2023-01-11,ADBE,Low Risk
2023-01-12,ADBE,Low Risk
2023-01-13,ADBE,Low Risk
2023-01-17,ADBE,Low Risk
2023-01-18,ADBE,Low Risk
2023-01-19,ADBE,Low Risk
2023-01-20,ADBE,Low Risk
2023-01-23,ADBE,Low Risk
2023-01-24,ADBE,Low Risk
2023-01-25,ADBE,Low Risk
2023-01-26,ADBE,Low Risk
2023-01-27,ADBE,Low Risk
2023-01-30,ADBE,Low Risk
2023-01-31,ADBE,Low Risk
2023-02-01,ADBE,Low Risk
2023-02-02,ADBE,Low Risk
2023-02-03,ADBE,Low Risk
2023-02-06,ADBE,Low Risk
2023-02-07,ADBE,Low Risk
2023-02-08,ADBE,Low Risk
2023-02-09,ADBE,Low Risk
2023-02-10,ADBE,Low Risk
2023-02-13,ADBE,Low Risk
2023-02-14,ADBE,Low Risk
2023-02-15,ADBE,Low Risk
2023-02-16,ADBE,Low Risk
2023-02-17,ADBE,Low Risk
2023-02-21,ADBE,Low Risk
2023-02-22,ADBE,Low Risk
2023-02-23,ADBE,Low Risk
2023-02-24,ADBE,Low Risk
2023-02-27,ADBE,Low Risk
2023-02-28,ADBE,Low Risk
2023-03-01,ADBE,Low Risk
2023-03-02,ADBE,Low Risk
2023-03-03,ADBE,Low Risk
2023-03-06,ADBE,Low Risk
2023-03-07,ADBE,Low Risk
2023-03-08,ADBE,Low Risk
2023-03-09,ADBE,Low Risk
2023-03-10,ADBE,Low Risk
2023-03-13,ADBE,Low Risk
2023-03-14,ADBE,Low Risk
2023-03-15,ADBE,Low Risk
2023-03-16,ADBE,Low Risk
2023-03-17,ADBE,Low Risk
2023-03-20,ADBE,Low Risk
2023-03-21,ADBE,Low Risk
2023-03-22,ADBE,Low Risk
2023-03-23,ADBE,Low Risk
2023-03-24,ADBE,Low Risk
2023-03-27,ADBE,Low Risk
2023-03-28,ADBE,Low Risk
2023-03-29,ADBE,Low Risk
2023-03-30,ADBE,Low Risk
2023-03-31,ADBE,Low Risk
2023-04-03,ADBE,Low Risk
2023-04-04,ADBE,Low Risk
2023-04-05,ADBE,Low Risk
2023-04-06,ADBE,Low Risk
2023-04-10,ADBE,Low Risk
2023-04-11,ADBE,Low Risk
2023-04-12,ADBE,Low Risk
2023-04-13,ADBE,Low Risk
2023-04-14,ADBE,Low Risk
2023-04-17,ADBE,Low Risk
2023-04-18,ADBE,Low Risk
2023-04-19,ADBE,Low Risk
2023-04-20,ADBE,Low Risk
2023-04-21,ADBE,Low Risk
2023-04-24,ADBE,Low Risk
2023-04-25,ADBE,Low Risk
2023-04-26,ADBE,Low Risk
2023-04-27,ADBE,Low Risk
2023-04-28,ADBE,Low Risk
2023-05-01,ADBE,Low Risk
2023-05-02,ADBE,Low Risk
2023-05-03,ADBE,Low Risk
2023-05-04,ADBE,Low Risk
2023-05-05,ADBE,Low Risk
2023-05-08,ADBE,Low Risk
2023-05-09,ADBE,Low Risk
2023-05-10,ADBE,Low Risk
2023-05-11,ADBE,Low Risk
2023-05-12,ADBE,Low Risk
2023-05-15,ADBE,Low Risk
2023-05-16,ADBE,Low Risk
2023-05-17,ADBE,Low Risk
2023-05-18,ADBE,Low Risk
2023-05-19,ADBE,Low Risk
2023-05-22,ADBE,Low Risk
2023-05-23,ADBE,Low Risk
2023-05-24,ADBE,Low Risk
2023-05-25,ADBE,Low Risk
2023-05-26,ADBE,Low Risk
2023-05-30,ADBE,Low Risk
2023-05-31,ADBE,Low Risk
2023-06-01,ADBE,Low Risk
2023-06-02,ADBE,Low Risk
2023-06-05,ADBE,Low Risk
2023-06-06,ADBE,Low Risk
2023-06-07,ADBE,Low Risk
2023-06-08,ADBE,Low Risk
2023-06-09,ADBE,Low Risk
2023-06-12,ADBE,Low Risk
2023-06-13,ADBE,Low Risk
2023-06-14,ADBE,Low Risk
2023-06-15,ADBE,Low Risk
2023-06-16,ADBE,Low Risk
2023-06-20,ADBE,Low Risk
2023-06-21,ADBE,Low Risk
2023-06-22,ADBE,Low Risk
2023-06-23,ADBE,Low Risk
2023-06-26,ADBE,Low Risk
2023-06-27,ADBE,Low Risk
2023-06-28,ADBE,Low Risk
2023-06-29,ADBE,Low Risk
2023-06-30,ADBE,Low Risk
2023-07-03,ADBE,Low Risk
2023-07-05,ADBE,Low Risk
2023-07-06,ADBE,Low Risk
2023-07-07,ADBE,Low Risk
2023-07-10,ADBE,Low Risk
2023-07-11,ADBE,Low Risk
2023-07-12,ADBE,Low Risk
2023-07-13,ADBE,Low Risk
2023-07-14,ADBE,Low Risk
2023-07-17,ADBE,Low Risk
2023-07-18,ADBE,Low Risk
2023-07-19,ADBE,Low Risk
2023-07-20,ADBE,Low Risk
2023-07-21,ADBE,Low Risk
2023-07-24,ADBE,Low Risk
2023-07-25,ADBE,Low Risk
2023-07-26,ADBE,Low Risk
2023-07-27,ADBE,Low Risk
2023-07-28,ADBE,Low Risk
2023-07-31,ADBE,Low Risk
2023-08-01,ADBE,Low Risk
2023-08-02,ADBE,Low Risk
2023-08-03,ADBE,Low Risk
2023-08-04,ADBE,Low Risk
2023-08-07,ADBE,Low Risk
2023-08-08,ADBE,Low Risk
2023-08-09,ADBE,Low Risk
2023-08-10,ADBE,Low Risk
2023-08-11,ADBE,Low Risk
2023-08-14,ADBE,Low Risk
2023-08-15,ADBE,Low Risk
2023-08-16,ADBE,Low Risk
2023-08-17,ADBE,Low Risk
2023-08-18,ADBE,Low Risk
2023-08-21,ADBE,Low Risk
2023-08-22,ADBE,Low Risk
2023-08-23,ADBE,Low Risk
2023-08-24,ADBE,Low Risk
2023-08-25,ADBE,Low Risk
2023-08-28,ADBE,Low Risk
2023-08-29,ADBE,Low Risk
2023-08-30,ADBE,Low Risk
2023-08-31,ADBE,Low Risk
2023-09-01,ADBE,Low Risk
2023-09-05,ADBE,Low Risk
2023-09-06,ADBE,Low Risk
2023-09-07,ADBE,Low Risk
2023-09-08,ADBE,Low Risk
2023-09-11,ADBE,Low Risk
2023-09-12,ADBE,Low Risk
2023-09-13,ADBE,Low Risk
2023-09-14,ADBE,Low Risk
2023-09-15,ADBE,Low Risk
2023-09-18,ADBE,Low Risk
2023-09-19,ADBE,Low Risk
2023-09-20,ADBE,Low Risk
2023-09-21,ADBE,Low Risk
2023-09-22,ADBE,Low Risk
2023-09-25,ADBE,Low Risk
2023-09-26,ADBE,Low Risk
2023-09-27,ADBE,Low Risk
2023-09-28,ADBE,Low Risk
2023-09-29,ADBE,Low Risk
2023-10-02,ADBE,Low Risk
2023-10-03,ADBE,Low Risk
2023-10-04,ADBE,Low Risk
2023-10-05,ADBE,Low Risk
2023-10-06,ADBE,Low Risk
2023-10-09,ADBE,Low Risk
2023-10-10,ADBE,Low Risk
2023-10-11,ADBE,Low Risk
2023-10-12,ADBE,Low Risk
2023-10-13,ADBE,Low Risk
2023-10-16,ADBE,Low Risk
2023-10-17,ADBE,Low Risk
2023-10-18,ADBE,Low Risk
2023-10-19,ADBE,Low Risk
2023-10-20,ADBE,Low Risk
2023-10-23,ADBE,Low Risk
2023-10-24,ADBE,Low Risk
2023-10-25,ADBE,Low Risk
2023-10-26,ADBE,Low Risk
2023-10-27,ADBE,Low Risk
2023-10-30,ADBE,Low Risk
2023-10-31,ADBE,Low Risk
2023-11-01,ADBE,Low Risk
2023-11-02,ADBE,Low Risk
2023-11-03,ADBE,Low Risk
2023-11-06,ADBE,Low Risk
2023-11-07,ADBE,Low Risk
2023-11-08,ADBE,Low Risk
2023-11-09,ADBE,Low Risk
2023-11-10,ADBE,Low Risk
2023-11-13,ADBE,Low Risk
2023-11-14,ADBE,Low Risk
2023-11-15,ADBE,Low Risk
2023-11-16,ADBE,Low Risk
2023-11-17,ADBE,Low Risk
2023-11-20,ADBE,Low Risk
2023-11-21,ADBE,Low Risk
2023-11-22,ADBE,Low Risk
2023-11-24,ADBE,Low Risk
2023-11-27,ADBE,Low Risk
2023-11-28,ADBE,Low Risk
2023-11-29,ADBE,Low Risk
2023-11-30,ADBE,Low Risk
2023-12-01,ADBE,Low Risk
2023-12-04,ADBE,Low Risk
2023-12-05,ADBE,Low Risk
2023-12-06,ADBE,Low Risk
2023-12-07,ADBE,Low Risk
2023-12-08,ADBE,Low Risk
2023-12-11,ADBE,Low Risk
2023-12-12,ADBE,Low Risk
2023-12-13,ADBE,Low Risk
2023-12-14,ADBE,Low Risk
2023-12-15,ADBE,Low Risk
2023-12-18,ADBE,Low Risk
2023-12-19,ADBE,Low Risk
2023-12-20,ADBE,Low Risk
2023-12-21,ADBE,Low Risk
2023-12-22,ADBE,Low Risk
2023-12-26,ADBE,Low Risk
2023-12-27,ADBE,Low Risk
2023-12-28,ADBE,Low Risk
2023-12-29,ADBE,Low Risk
2024-01-02,ADBE,Low Risk
2024-01-03,ADBE,Low Risk
2024-01-04,ADBE,Low Risk
2024-01-05,ADBE,Low Risk
2024-01-08,ADBE,Low Risk
2024-01-09,ADBE,Low Risk
2024-01-10,ADBE,Low Risk
2024-01-11,ADBE,Low Risk
2024-01-12,ADBE,Low Risk
2024-01-16,ADBE,Low Risk
2024-01-17,ADBE,Low Risk
2024-01-18,ADBE,Low Risk
2024-01-19,ADBE,Low Risk
2024-01-22,ADBE,Low Risk
2024-01-23,ADBE,Low Risk
2024-01-24,ADBE,Low Risk
2024-01-25,ADBE,Low Risk
2024-01-26,ADBE,Low Risk
2024-01-29,ADBE,Low Risk
2024-01-30,ADBE,Low Risk
2024-01-31,ADBE,Low Risk
2024-02-01,ADBE,Low Risk
2024-02-02,ADBE,Low Risk
2024-02-05,ADBE,Low Risk
2024-02-06,ADBE,Low Risk
2024-02-07,ADBE,Low Risk
2024-02-08,ADBE,Low Risk
2024-02-09,ADBE,Low Risk
2024-02-12,ADBE,Low Risk
2024-02-13,ADBE,Low Risk
2024-02-14,ADBE,Low Risk
2024-02-15,ADBE,Low Risk
2024-02-16,ADBE,Low Risk
2024-02-20,ADBE,Low Risk
2024-02-21,ADBE,Low Risk
2024-02-22,ADBE,Low Risk
2024-02-23,ADBE,Low Risk
2024-02-26,ADBE,Low Risk
2024-02-27,ADBE,Low Risk
2024-02-28,ADBE,Low Risk
2024-02-29,ADBE,Low Risk
2024-03-01,ADBE,Low Risk
2024-03-04,ADBE,Low Risk
2024-03-05,ADBE,Low Risk
2024-03-06,ADBE,Low Risk
2024-03-07,ADBE,Low Risk
2024-03-08,ADBE,Low Risk
2024-03-11,ADBE,Low Risk
2024-03-12,ADBE,Low Risk
2024-03-13,ADBE,Low Risk
2024-03-14,ADBE,Low Risk
2024-03-15,ADBE,Low Risk
2024-03-18,ADBE,Low Risk
2024-03-19,ADBE,Low Risk
2024-03-20,ADBE,Low Risk
2024-03-21,ADBE,Low Risk
2024-03-22,ADBE,Low Risk
2024-03-25,ADBE,Low Risk
2024-03-26,ADBE,Low Risk
2024-03-27,ADBE,Low Risk
2024-03-28,ADBE,Low Risk
2024-04-01,ADBE,Low Risk
2024-04-02,ADBE,Low Risk
2024-04-03,ADBE,Low Risk
2024-04-04,ADBE,Low Risk
2024-04-05,ADBE,Low Risk
2024-04-08,ADBE,Low Risk
2024-04-09,ADBE,Low Risk
2024-04-10,ADBE,Low Risk
2024-04-11,ADBE,Low Risk
2024-04-12,ADBE,Low Risk
2024-04-15,ADBE,Low Risk
2024-04-16,ADBE,Low Risk
2024-04-17,ADBE,Low Risk
2024-04-18,ADBE,Low Risk
2024-04-19,ADBE,Low Risk
2024-04-22,ADBE,Low Risk
2024-04-23,ADBE,Low Risk
2024-04-24,ADBE,Low Risk
2024-04-25,ADBE,Low Risk
2024-04-26,ADBE,Low Risk
2024-04-29,ADBE,Low Risk
2024-04-30,ADBE,Low Risk
2024-05-01,ADBE,Low Risk
2024-05-02,ADBE,Low Risk
2024-05-03,ADBE,Low Risk
2024-05-06,ADBE,Low Risk
2024-05-07,ADBE,Low Risk
2024-05-08,ADBE,Low Risk
2024-05-09,ADBE,Low Risk
2024-05-10,ADBE,Low Risk
2024-05-13,ADBE,Low Risk
2024-05-14,ADBE,Low Risk
2024-05-15,ADBE,Low Risk
2024-05-16,ADBE,Low Risk
2024-05-17,ADBE,Low Risk
2024-05-20,ADBE,Low Risk
2024-05-21,ADBE,Low Risk
2024-05-22,ADBE,Low Risk
2024-05-23,ADBE,Low Risk
2024-05-24,ADBE,Low Risk
2024-05-28,ADBE,Low Risk
2024-05-29,ADBE,Low Risk
2024-05-30,ADBE,Low Risk
2024-05-31,ADBE,Low Risk
2024-06-03,ADBE,Low Risk
2024-06-04,ADBE,Low Risk
2024-06-05,ADBE,Low Risk
2024-06-06,ADBE,Low Risk
2024-06-07,ADBE,Low Risk
2024-06-10,ADBE,Low Risk
2024-06-11,ADBE,Low Risk
2024-06-12,ADBE,Low Risk
2024-06-13,ADBE,Low Risk
2024-06-14,ADBE,Low Risk
2024-06-17,ADBE,Low Risk
2024-06-18,ADBE,Low Risk
2024-06-20,ADBE,Low Risk
2024-06-21,ADBE,Low Risk
2024-06-24,ADBE,Low Risk
2024-06-25,ADBE,Low Risk
2024-06-26,ADBE,Low Risk
2024-06-27,ADBE,Low Risk
2024-06-28,ADBE,Low Risk
2024-07-01,ADBE,Low Risk
2024-07-02,ADBE,Low Risk
2024-07-03,ADBE,Low Risk
2024-07-05,ADBE,Low Risk
2024-07-08,ADBE,Low Risk
2024-07-09,ADBE,Low Risk
2024-07-10,ADBE,Low Risk
2024-07-11,ADBE,Low Risk
2024-07-12,ADBE,Low Risk
2024-07-15,ADBE,Low Risk
2024-07-16,ADBE,Low Risk
2024-07-17,ADBE,Low Risk
2024-07-18,ADBE,Low Risk
2024-07-19,ADBE,Low Risk
2024-07-22,ADBE,Low Risk
2024-07-23,ADBE,Low Risk
2024-07-24,ADBE,Low Risk
2024-07-25,ADBE,Low Risk
2024-07-26,ADBE,Low Risk
2024-07-29,ADBE,Low Risk
2024-07-30,ADBE,Low Risk
2024-07-31,ADBE,Low Risk
2024-08-01,ADBE,Low Risk
2024-08-02,ADBE,Low Risk
2024-08-05,ADBE,Low Risk
2024-08-06,ADBE,Low Risk
2024-08-07,ADBE,Low Risk
2024-08-08,ADBE,Low Risk
2024-08-09,ADBE,Low Risk
2024-08-12,ADBE,Low Risk
2024-08-13,ADBE,Low Risk
2024-08-14,ADBE,Low Risk
2024-08-15,ADBE,Low Risk
2024-08-16,ADBE,Low Risk
2024-08-19,ADBE,Low Risk
2024-08-20,ADBE,Low Risk
2024-08-21,ADBE,Low Risk
2024-08-22,ADBE,Low Risk
2024-08-23,ADBE,Low Risk
2024-08-26,ADBE,Low Risk
2024-08-27,ADBE,Low Risk
2024-08-28,ADBE,Low Risk
2024-08-29,ADBE,Low Risk
2024-08-30,ADBE,Low Risk
2024-09-03,ADBE,Low Risk
2024-09-04,ADBE,Low Risk
2024-09-05,ADBE,Low Risk
2024-09-06,ADBE,Low Risk
2024-09-09,ADBE,Low Risk
2024-09-10,ADBE,Low Risk
2024-09-11,ADBE,Low Risk
2024-09-12,ADBE,Low Risk
2024-09-13,ADBE,Low Risk
2024-09-16,ADBE,Low Risk
2024-09-17,ADBE,Low Risk
2024-09-18,ADBE,Low Risk
2024-09-19,ADBE,Low Risk
2024-09-20,ADBE,Low Risk
2024-09-23,ADBE,Low Risk
2024-09-24,ADBE,Low Risk
2024-09-25,ADBE,Low Risk
2024-09-26,ADBE,Low Risk
2024-09-27,ADBE,Low Risk
2024-09-30,ADBE,Low Risk
2024-10-01,ADBE,Low Risk
2024-10-02,ADBE,Low Risk
2024-10-03,ADBE,Low Risk
2024-10-04,ADBE,Low Risk
2024-10-07,ADBE,Low Risk
2024-10-08,ADBE,Low Risk
2024-10-09,ADBE,Low Risk
2024-10-10,ADBE,Low Risk
2024-10-11,ADBE,Low Risk
2024-10-14,ADBE,Low Risk
2024-10-15,ADBE,Low Risk
2024-10-16,ADBE,Low Risk
2024-10-17,ADBE,Low Risk
2024-10-18,ADBE,Low Risk
2024-10-21,ADBE,Low Risk
2024-10-22,ADBE,Low Risk
2024-10-23,ADBE,Low Risk
2024-10-24,ADBE,Low Risk
2024-10-25,ADBE,Low Risk
2024-10-28,ADBE,Low Risk
2024-10-29,ADBE,Low Risk
2024-10-30,ADBE,Low Risk
2024-10-31,ADBE,Low Risk
2024-11-01,ADBE,Low Risk
2024-11-04,ADBE,Low Risk
2024-11-05,ADBE,Low Risk
2024-11-06,ADBE,Low Risk
2024-11-07,ADBE,Low Risk
2024-11-08,ADBE,Low Risk
2024-11-11,ADBE,Low Risk
2024-11-12,ADBE,Low Risk
2024-11-13,ADBE,Low Risk
2024-11-14,ADBE,Low Risk
2024-11-15,ADBE,Low Risk
2024-11-18,ADBE,Low Risk
2024-11-19,ADBE,Low Risk
2024-11-20,ADBE,Low Risk
2024-11-21,ADBE,Low Risk
2024-11-22,ADBE,Low Risk
2024-11-25,ADBE,Low Risk
2024-11-26,ADBE,Low Risk
2024-11-27,ADBE,Low Risk
2024-11-29,ADBE,Low Risk
2024-12-02,ADBE,Low Risk
2024-12-03,ADBE,Low Risk
2024-12-04,ADBE,Low Risk
2024-12-05,ADBE,Low Risk
2024-12-06,ADBE,Low Risk
2024-12-09,ADBE,Low Risk
2024-12-10,ADBE,Low Risk
2024-12-11,ADBE,Low Risk
2024-12-12,ADBE,Low Risk
2024-12-13,ADBE,Low Risk
2024-12-16,ADBE,Low Risk
2024-12-17,ADBE,Low Risk
2024-12-18,ADBE,Low Risk
2024-12-19,ADBE,Low Risk
2024-12-20,ADBE,Low Risk
2024-12-23,ADBE,Low Risk
2024-12-24,ADBE,Low Risk
2024-12-26,ADBE,Low Risk
2024-12-27,ADBE,Low Risk
2024-12-30,ADBE,Low Risk
2024-12-31,ADBE,Low Risk
2025-01-02,ADBE,Low Risk
2025-01-03,ADBE,Low Risk
2025-01-06,ADBE,Low Risk
2025-01-07,ADBE,Low Risk
2025-01-08,ADBE,Low Risk
2025-01-10,ADBE,Low Risk
2025-01-13,ADBE,Low Risk
2025-01-14,ADBE,Low Risk
2025-01-15,ADBE,Low Risk
2025-01-16,ADBE,Low Risk
2025-01-17,ADBE,Low Risk
2025-01-21,ADBE,Low Risk
2025-01-22,ADBE,Low Risk
2025-01-23,ADBE,Low Risk
2025-01-24,ADBE,Low Risk
2025-01-27,ADBE,Low Risk
2025-01-28,ADBE,Low Risk
2025-01-29,ADBE,Low Risk
2025-01-30,ADBE,Low Risk
2025-01-31,ADBE,Low Risk
2025-02-03,ADBE,Low Risk
2025-02-04,ADBE,Low Risk
2025-02-05,ADBE,Low Risk
2025-02-06,ADBE,Low Risk
2025-02-07,ADBE,Low Risk
2025-02-10,ADBE,Low Risk
2025-02-11,ADBE,Low Risk
2025-02-12,ADBE,Low Risk
2025-02-13,ADBE,Low Risk
2025-02-14,ADBE,Low Risk
2025-02-18,ADBE,Low Risk
2025-02-19,ADBE,Low Risk
2025-02-20,ADBE,Low Risk
2025-02-21,ADBE,Low Risk
2025-02-24,ADBE,Low Risk
2025-02-25,ADBE,Low Risk
2025-02-26,ADBE,Low Risk
2025-02-27,ADBE,Low Risk
2025-02-28,ADBE,Low Risk
2025-03-03,ADBE,Low Risk
2025-03-04,ADBE,Low Risk
2025-03-05,ADBE,Low Risk
2025-03-06,ADBE,Low Risk
2025-03-07,ADBE,Low Risk
2025-03-10,ADBE,Low Risk
2025-03-11,ADBE,Low Risk
2025-03-12,ADBE,Low Risk
2025-03-13,ADBE,Low Risk
2025-03-14,ADBE,Low Risk
2025-03-17,ADBE,Low Risk
2025-03-18,ADBE,Low Risk
2025-03-19,ADBE,Low Risk
2025-03-20,ADBE,Low Risk
2025-03-21,ADBE,Low Risk
2025-03-24,ADBE,Low Risk
2025-03-25,ADBE,Low Risk
2025-03-26,ADBE,Low Risk
2025-03-27,ADBE,Low Risk
2025-03-28,ADBE,Low Risk
2025-03-31,ADBE,Low Risk
2025-04-01,ADBE,Low Risk
2025-04-02,ADBE,Low Risk
2025-04-03,ADBE,Low Risk
2025-04-04,ADBE,Low Risk
2025-04-07,ADBE,Low Risk
2025-04-08,ADBE,Low Risk
2025-04-09,ADBE,Low Risk
2025-04-10,ADBE,Low Risk
2025-04-11,ADBE,Low Risk
2025-04-14,ADBE,Low Risk
2025-04-15,ADBE,Low Risk
2025-04-16,ADBE,Low Risk
2025-04-17,ADBE,Low Risk
2025-04-21,ADBE,Low Risk
2025-04-22,ADBE,Low Risk
2025-04-23,ADBE,Low Risk
2025-04-24,ADBE,Low Risk
2025-04-25,ADBE,Low Risk
2025-04-28,ADBE,Low Risk
2025-04-29,ADBE,Low Risk
2025-04-30,ADBE,Low Risk
2025-05-01,ADBE,Low Risk
2025-05-02,ADBE,Low Risk
2025-05-05,ADBE,Low Risk
2025-05-06,ADBE,Low Risk
2025-05-07,ADBE,Low Risk
2025-05-08,ADBE,Low Risk
2025-05-09,ADBE,Low Risk
2022-01-03,AMZN,High Risk
2022-01-04,AMZN,High Risk
2022-01-05,AMZN,High Risk
2022-01-06,AMZN,High Risk
2022-01-07,AMZN,High Risk
2022-01-10,AMZN,High Risk
2022-01-11,AMZN,High Risk
2022-01-12,AMZN,High Risk
2022-01-13,AMZN,High Risk
2022-01-14,AMZN,High Risk
2022-01-18,AMZN,High Risk
2022-01-19,AMZN,High Risk
2022-01-20,AMZN,High Risk
2022-01-21,AMZN,High Risk
2022-01-24,AMZN,High Risk
2022-01-25,AMZN,High Risk
2022-01-26,AMZN,High Risk
2022-01-27,AMZN,High Risk
2022-01-28,AMZN,High Risk
2022-01-31,AMZN,High Risk
2022-02-01,AMZN,High Risk
2022-02-02,AMZN,High Risk
2022-02-03,AMZN,High Risk
2022-02-04,AMZN,High Risk
2022-02-07,AMZN,High Risk
2022-02-08,AMZN,High Risk
2022-02-09,AMZN,High Risk
2022-02-10,AMZN,High Risk
2022-02-11,AMZN,High Risk
2022-02-14,AMZN,High Risk
2022-02-15,AMZN,High Risk
2022-02-16,AMZN,High Risk
2022-02-17,AMZN,High Risk
2022-02-18,AMZN,High Risk
2022-02-22,AMZN,High Risk
2022-02-23,AMZN,High Risk
2022-02-24,AMZN,High Risk
2022-02-25,AMZN,High Risk
2022-02-28,AMZN,High Risk
2022-03-01,AMZN,High Risk
2022-03-02,AMZN,High Risk
2022-03-03,AMZN,High Risk
2022-03-04,AMZN,High Risk
2022-03-07,AMZN,High Risk
2022-03-08,AMZN,High Risk
2022-03-09,AMZN,High Risk
2022-03-10,AMZN,High Risk
2022-03-11,AMZN,High Risk
2022-03-14,AMZN,High Risk
2022-03-15,AMZN,High Risk
2022-03-16,AMZN,High Risk
2022-03-17,AMZN,High Risk
2022-03-18,AMZN,High Risk
2022-03-21,AMZN,High Risk
2022-03-22,AMZN,High Risk
2022-03-23,AMZN,High Risk
2022-03-24,AMZN,High Risk
2022-03-25,AMZN,High Risk
2022-03-28,AMZN,High Risk
2022-03-29,AMZN,High Risk
2022-03-30,AMZN,High Risk
2022-03-31,AMZN,High Risk
2022-04-01,AMZN,High Risk
2022-04-04,AMZN,High Risk
2022-04-05,AMZN,High Risk
2022-04-06,AMZN,High Risk
2022-04-07,AMZN,High Risk
2022-04-08,AMZN,High Risk
2022-04-11,AMZN,High Risk
2022-04-12,AMZN,High Risk
2022-04-13,AMZN,High Risk
2022-04-14,AMZN,High Risk
2022-04-18,AMZN,High Risk
2022-04-19,AMZN,High Risk
2022-04-20,AMZN,High Risk
2022-04-21,AMZN,High Risk
2022-04-22,AMZN,High Risk
2022-04-25,AMZN,High Risk
2022-04-26,AMZN,High Risk
2022-04-27,AMZN,High Risk
2022-04-28,AMZN,High Risk
2022-04-29,AMZN,High Risk
2022-05-02,AMZN,High Risk
2022-05-03,AMZN,High Risk
2022-05-04,AMZN,High Risk
2022-05-05,AMZN,High Risk
2022-05-06,AMZN,Medium Risk
2022-05-09,AMZN,Medium Risk
2022-05-10,AMZN,Medium Risk
2022-05-11,AMZN,Medium Risk
2022-05-12,AMZN,Medium Risk
2022-05-13,AMZN,Medium Risk
2022-05-16,AMZN,Medium Risk
2022-05-17,AMZN,Medium Risk
2022-05-18,AMZN,Medium Risk
2022-05-19,AMZN,Medium Risk
2022-05-20,AMZN,Medium Risk
2022-05-23,AMZN,Medium Risk
2022-05-24,AMZN,Medium Risk
2022-05-25,AMZN,Medium Risk
2022-05-26,AMZN,Medium Risk
2022-05-27,AMZN,Medium Risk
2022-05-31,AMZN,Medium Risk
2022-06-01,AMZN,Medium Risk
2022-06-02,AMZN,Medium Risk
2022-06-03,AMZN,Medium Risk
2022-06-06,AMZN,Medium Risk
2022-06-07,AMZN,Medium Risk
2022-06-08,AMZN,Medium Risk
2022-06-09,AMZN,Medium Risk
2022-06-10,AMZN,Medium Risk
2022-06-13,AMZN,Medium Risk
2022-06-14,AMZN,Medium Risk
2022-06-15,AMZN,Medium Risk
2022-06-16,AMZN,Medium Risk
2022-06-17,AMZN,Medium Risk
2022-06-21,AMZN,Medium Risk
2022-06-22,AMZN,Medium Risk
2022-06-23,AMZN,Medium Risk
2022-06-24,AMZN,Medium Risk
2022-06-27,AMZN,Medium Risk
2022-06-28,AMZN,Medium Risk
2022-06-29,AMZN,Medium Risk
2022-06-30,AMZN,Medium Risk
2022-07-01,AMZN,Medium Risk
2022-07-05,AMZN,Medium Risk
2022-07-06,AMZN,Medium Risk
2022-07-07,AMZN,Medium Risk
2022-07-08,AMZN,Medium Risk
2022-07-11,AMZN,Medium Risk
2022-07-12,AMZN,Medium Risk
2022-07-13,AMZN,Medium Risk
2022-07-14,AMZN,Medium Risk
2022-07-15,AMZN,Medium Risk
2022-07-18,AMZN,Medium Risk
2022-07-19,AMZN,Medium Risk
2022-07-20,AMZN,Medium Risk
2022-07-21,AMZN,Medium Risk
2022-07-22,AMZN,Medium Risk
2022-07-25,AMZN,Medium Risk
2022-07-26,AMZN,Medium Risk
2022-07-27,AMZN,Medium Risk
2022-07-28,AMZN,Medium Risk
2022-07-29,AMZN,Medium Risk
2022-08-01,AMZN,Medium Risk
2022-08-02,AMZN,High Risk
2022-08-03,AMZN,High Risk
2022-08-04,AMZN,High Risk
2022-08-05,AMZN,High Risk
2022-08-08,AMZN,High Risk
2022-08-09,AMZN,High Risk
2022-08-10,AMZN,High Risk
2022-08-11,AMZN,High Risk
2022-08-12,AMZN,High Risk
2022-08-15,AMZN,High Risk
2022-08-16,AMZN,High Risk
2022-08-17,AMZN,High Risk
2022-08-18,AMZN,High Risk
2022-08-19,AMZN,High Risk
2022-08-22,AMZN,High Risk
2022-08-23,AMZN,High Risk
2022-08-24,AMZN,High Risk
2022-08-25,AMZN,High Risk
2022-08-26,AMZN,High Risk
2022-08-29,AMZN,High Risk
2022-08-30,AMZN,High Risk
2022-08-31,AMZN,High Risk
2022-09-01,AMZN,High Risk
2022-09-02,AMZN,High Risk
2022-09-06,AMZN,High Risk
2022-09-07,AMZN,High Risk
2022-09-08,AMZN,High Risk
2022-09-09,AMZN,High Risk
2022-09-12,AMZN,High Risk
2022-09-13,AMZN,High Risk
2022-09-14,AMZN,High Risk
2022-09-15,AMZN,High Risk
2022-09-16,AMZN,High Risk
2022-09-19,AMZN,High Risk
2022-09-20,AMZN,Medium Risk
2022-09-21,AMZN,Medium Risk
2022-09-22,AMZN,Medium Risk
2022-09-23,AMZN,Medium Risk
2022-09-26,AMZN,Medium Risk
2022-09-27,AMZN,Medium Risk
2022-09-28,AMZN,Medium Risk
2022-09-29,AMZN,Medium Risk
2022-09-30,AMZN,Medium Risk
2022-10-03,AMZN,Medium Risk
2022-10-04,AMZN,Medium Risk
2022-10-05,AMZN,Medium Risk
2022-10-06,AMZN,Medium Risk
2022-10-07,AMZN,Medium Risk
2022-10-10,AMZN,Medium Risk
2022-10-11,AMZN,Medium Risk
2022-10-12,AMZN,Medium Risk
2022-10-13,AMZN,Medium Risk
2022-10-14,AMZN,Medium Risk
2022-10-17,AMZN,Medium Risk
2022-10-18,AMZN,Medium Risk
2022-10-19,AMZN,Medium Risk
2022-10-20,AMZN,Medium Risk
2022-10-21,AMZN,Medium Risk
2022-10-24,AMZN,Medium Risk
2022-10-25,AMZN,Medium Risk
2022-10-26,AMZN,Medium Risk
2022-10-27,AMZN,Medium Risk
2022-10-28,AMZN,Medium Risk
2022-10-31,AMZN,Medium Risk
2022-11-01,AMZN,Medium Risk
2022-11-02,AMZN,Medium Risk
2022-11-03,AMZN,Medium Risk
2022-11-04,AMZN,Medium Risk
2022-11-07,AMZN,Medium Risk
2022-11-08,AMZN,Medium Risk
2022-11-09,AMZN,Medium Risk
2022-11-10,AMZN,Medium Risk
2022-11-11,AMZN,Medium Risk
2022-11-14,AMZN,Medium Risk
2022-11-15,AMZN,Medium Risk
2022-11-16,AMZN,Medium Risk
2022-11-17,AMZN,Medium Risk
2022-11-18,AMZN,Medium Risk
2022-11-21,AMZN,Medium Risk
2022-11-22,AMZN,Medium Risk
2022-11-23,AMZN,Medium Risk
2022-11-25,AMZN,Medium Risk
2022-11-28,AMZN,Medium Risk
2022-11-29,AMZN,Medium Risk
2022-11-30,AMZN,Medium Risk
2022-12-01,AMZN,Medium Risk
2022-12-02,AMZN,Medium Risk
2022-12-05,AMZN,Medium Risk
2022-12-06,AMZN,Medium Risk
2022-12-07,AMZN,Medium Risk
2022-12-08,AMZN,Medium Risk
2022-12-09,AMZN,Medium Risk
2022-12-12,AMZN,Medium Risk
2022-12-13,AMZN,Medium Risk
2022-12-14,AMZN,Medium Risk
2022-12-15,AMZN,Medium Risk
2022-12-16,AMZN,Medium Risk
2022-12-19,AMZN,Medium Risk
2022-12-20,AMZN,Medium Risk
2022-12-21,AMZN,Medium Risk
2022-12-22,AMZN,Medium Risk
2022-12-23,AMZN,Medium Risk
2022-12-27,AMZN,Medium Risk
2022-12-28,AMZN,Medium Risk
2022-12-29,AMZN,Medium Risk
2022-12-30,AMZN,Medium Risk
2023-01-03,AMZN,Medium Risk
2023-01-04,AMZN,Medium Risk
2023-01-05,AMZN,Medium Risk
2023-01-06,AMZN,Medium Risk
2023-01-09,AMZN,Medium Risk
2023-01-10,AMZN,Medium Risk
2023-01-11,AMZN,Medium Risk
2023-01-12,AMZN,Medium Risk
2023-01-13,AMZN,Medium Risk
2023-01-17,AMZN,Medium Risk
2023-01-18,AMZN,Medium Risk
2023-01-19,AMZN,Medium Risk
2023-01-20,AMZN,Medium Risk
2023-01-23,AMZN,Medium Risk
2023-01-24,AMZN,Medium Risk
2023-01-25,AMZN,Medium Risk
2023-01-26,AMZN,Medium Risk
2023-01-27,AMZN,Medium Risk
2023-01-30,AMZN,Medium Risk
2023-01-31,AMZN,Medium Risk
2023-02-01,AMZN,Medium Risk
2023-02-02,AMZN,Medium Risk
2023-02-03,AMZN,Medium Risk
2023-02-06,AMZN,Medium Risk
2023-02-07,AMZN,Medium Risk
2023-02-08,AMZN,Medium Risk
2023-02-09,AMZN,Medium Risk
2023-02-10,AMZN,Medium Risk
2023-02-13,AMZN,Medium Risk
2023-02-14,AMZN,Medium Risk
2023-02-15,AMZN,Medium Risk
2023-02-16,AMZN,Medium Risk
2023-02-17,AMZN,Medium Risk
2023-02-21,AMZN,Medium Risk
2023-02-22,AMZN,Medium Risk
2023-02-23,AMZN,Medium Risk
2023-02-24,AMZN,Medium Risk
2023-02-27,AMZN,Medium Risk
2023-02-28,AMZN,Medium Risk
2023-03-01,AMZN,Medium Risk
2023-03-02,AMZN,Medium Risk
2023-03-03,AMZN,Medium Risk
2023-03-06,AMZN,Medium Risk
2023-03-07,AMZN,Medium Risk
2023-03-08,AMZN,Medium Risk
2023-03-09,AMZN,Medium Risk
2023-03-10,AMZN,Medium Risk
2023-03-13,AMZN,Medium Risk
2023-03-14,AMZN,Medium Risk
2023-03-15,AMZN,Medium Risk
2023-03-16,AMZN,Medium Risk
2023-03-17,AMZN,Medium Risk
2023-03-20,AMZN,Medium Risk
2023-03-21,AMZN,Medium Risk
2023-03-22,AMZN,Medium Risk
2023-03-23,AMZN,Medium Risk
2023-03-24,AMZN,Medium Risk
2023-03-27,AMZN,Medium Risk
2023-03-28,AMZN,Medium Risk
2023-03-29,AMZN,Medium Risk
2023-03-30,AMZN,Medium Risk
2023-03-31,AMZN,Medium Risk
2023-04-03,AMZN,Medium Risk
2023-04-04,AMZN,Medium Risk
2023-04-05,AMZN,Medium Risk
2023-04-06,AMZN,Medium Risk
2023-04-10,AMZN,Medium Risk
2023-04-11,AMZN,Medium Risk
2023-04-12,AMZN,Medium Risk
2023-04-13,AMZN,Medium Risk
2023-04-14,AMZN,Medium Risk
2023-04-17,AMZN,Medium Risk
2023-04-18,AMZN,Medium Risk
2023-04-19,AMZN,Medium Risk
2023-04-20,AMZN,Medium Risk
2023-04-21,AMZN,Medium Risk
2023-04-24,AMZN,Medium Risk
2023-04-25,AMZN,Medium Risk
2023-04-26,AMZN,Medium Risk
2023-04-27,AMZN,Medium Risk
2023-04-28,AMZN,Medium Risk
2023-05-01,AMZN,Medium Risk
2023-05-02,AMZN,Medium Risk
2023-05-03,AMZN,Medium Risk
2023-05-04,AMZN,Medium Risk
2023-05-05,AMZN,Medium Risk
2023-05-08,AMZN,Medium Risk
2023-05-09,AMZN,Medium Risk
2023-05-10,AMZN,Medium Risk
2023-05-11,AMZN,Medium Risk
2023-05-12,AMZN,Medium Risk
2023-05-15,AMZN,Medium Risk
2023-05-16,AMZN,Medium Risk
2023-05-17,AMZN,Medium Risk
2023-05-18,AMZN,Medium Risk
2023-05-19,AMZN,Medium Risk
2023-05-22,AMZN,Medium Risk
2023-05-23,AMZN,Medium Risk
2023-05-24,AMZN,Medium Risk
2023-05-25,AMZN,Medium Risk
2023-05-26,AMZN,Medium Risk
2023-05-30,AMZN,Medium Risk
2023-05-31,AMZN,Medium Risk
2023-06-01,AMZN,Medium Risk
2023-06-02,AMZN,Medium Risk
2023-06-05,AMZN,Medium Risk
2023-06-06,AMZN,Medium Risk
2023-06-07,AMZN,Medium Risk
2023-06-08,AMZN,Medium Risk
2023-06-09,AMZN,Medium Risk
2023-06-12,AMZN,Medium Risk
2023-06-13,AMZN,Medium Risk
2023-06-14,AMZN,Medium Risk
2023-06-15,AMZN,Medium Risk
2023-06-16,AMZN,Medium Risk
2023-06-20,AMZN,Medium Risk
2023-06-21,AMZN,Medium Risk
2023-06-22,AMZN,Medium Risk
2023-06-23,AMZN,High Risk
2023-06-26,AMZN,High Risk
2023-06-27,AMZN,High Risk
2023-06-28,AMZN,High Risk
2023-06-29,AMZN,High Risk
2023-06-30,AMZN,High Risk
2023-07-03,AMZN,High Risk
2023-07-05,AMZN,High Risk
2023-07-06,AMZN,High Risk
2023-07-07,AMZN,High Risk
2023-07-10,AMZN,High Risk
2023-07-11,AMZN,High Risk
2023-07-12,AMZN,High Risk
2023-07-13,AMZN,High Risk
2023-07-14,AMZN,High Risk
2023-07-17,AMZN,High Risk
2023-07-18,AMZN,High Risk
2023-07-19,AMZN,High Risk
2023-07-20,AMZN,High Risk
2023-07-21,AMZN,High Risk
2023-07-24,AMZN,High Risk
2023-07-25,AMZN,High Risk
2023-07-26,AMZN,High Risk
2023-07-27,AMZN,High Risk
2023-07-28,AMZN,High Risk
2023-07-31,AMZN,High Risk
2023-08-01,AMZN,High Risk
2023-08-02,AMZN,High Risk
2023-08-03,AMZN,High Risk
2023-08-04,AMZN,High Risk
2023-08-07,AMZN,High Risk
2023-08-08,AMZN,High Risk
2023-08-09,AMZN,High Risk
2023-08-10,AMZN,High Risk
2023-08-11,AMZN,High Risk
2023-08-14,AMZN,High Risk
2023-08-15,AMZN,High Risk
2023-08-16,AMZN,High Risk
2023-08-17,AMZN,High Risk
2023-08-18,AMZN,High Risk
2023-08-21,AMZN,High Risk
2023-08-22,AMZN,High Risk
2023-08-23,AMZN,High Risk
2023-08-24,AMZN,High Risk
2023-08-25,AMZN,High Risk
2023-08-28,AMZN,High Risk
2023-08-29,AMZN,High Risk
2023-08-30,AMZN,High Risk
2023-08-31,AMZN,High Risk
2023-09-01,AMZN,High Risk
2023-09-05,AMZN,High Risk
2023-09-06,AMZN,High Risk
2023-09-07,AMZN,High Risk
2023-09-08,AMZN,High Risk
2023-09-11,AMZN,High Risk
2023-09-12,AMZN,High Risk
2023-09-13,AMZN,High Risk
2023-09-14,AMZN,High Risk
2023-09-15,AMZN,High Risk
2023-09-18,AMZN,High Risk
2023-09-19,AMZN,High Risk
2023-09-20,AMZN,High Risk
2023-09-21,AMZN,High Risk
2023-09-22,AMZN,High Risk
2023-09-25,AMZN,High Risk
2023-09-26,AMZN,High Risk
2023-09-27,AMZN,High Risk
2023-09-28,AMZN,High Risk
2023-09-29,AMZN,High Risk
2023-10-02,AMZN,High Risk
2023-10-03,AMZN,High Risk
2023-10-04,AMZN,High Risk
2023-10-05,AMZN,High Risk
2023-10-06,AMZN,High Risk
2023-10-09,AMZN,High Risk
2023-10-10,AMZN,High Risk
2023-10-11,AMZN,High Risk
2023-10-12,AMZN,High Risk
2023-10-13,AMZN,High Risk
2023-10-16,AMZN,High Risk
2023-10-17,AMZN,High Risk
2023-10-18,AMZN,High Risk
2023-10-19,AMZN,High Risk
2023-10-20,AMZN,High Risk
2023-10-23,AMZN,High Risk
2023-10-24,AMZN,High Risk
2023-10-25,AMZN,High Risk
2023-10-26,AMZN,Medium Risk
2023-10-27,AMZN,Medium Risk
2023-10-30,AMZN,High Risk
2023-10-31,AMZN,High Risk
2023-11-01,AMZN,High Risk
2023-11-02,AMZN,High Risk
2023-11-03,AMZN,High Risk
2023-11-06,AMZN,High Risk
2023-11-07,AMZN,High Risk
2023-11-08,AMZN,High Risk
2023-11-09,AMZN,High Risk
2023-11-10,AMZN,High Risk
2023-11-13,AMZN,High Risk
2023-11-14,AMZN,High Risk
2023-11-15,AMZN,High Risk
2023-11-16,AMZN,High Risk
2023-11-17,AMZN,High Risk
2023-11-20,AMZN,High Risk
2023-11-21,AMZN,High Risk
2023-11-22,AMZN,High Risk
2023-11-24,AMZN,High Risk
2023-11-27,AMZN,High Risk
2023-11-28,AMZN,High Risk
2023-11-29,AMZN,High Risk
2023-11-30,AMZN,High Risk
2023-12-01,AMZN,High Risk
2023-12-04,AMZN,High Risk
2023-12-05,AMZN,High Risk
2023-12-06,AMZN,High Risk
2023-12-07,AMZN,High Risk
2023-12-08,AMZN,High Risk
2023-12-11,AMZN,High Risk
2023-12-12,AMZN,High Risk
2023-12-13,AMZN,High Risk
2023-12-14,AMZN,High Risk
2023-12-15,AMZN,High Risk
2023-12-18,AMZN,High Risk
2023-12-19,AMZN,High Risk
2023-12-20,AMZN,High Risk
2023-12-21,AMZN,High Risk
2023-12-22,AMZN,High Risk
2023-12-26,AMZN,High Risk
2023-12-27,AMZN,High Risk
2023-12-28,AMZN,High Risk
2023-12-29,AMZN,High Risk
2024-01-02,AMZN,High Risk
2024-01-03,AMZN,High Risk
2024-01-04,AMZN,High Risk
2024-01-05,AMZN,High Risk
2024-01-08,AMZN,High Risk
2024-01-09,AMZN,High Risk
2024-01-10,AMZN,High Risk
2024-01-11,AMZN,High Risk
2024-01-12,AMZN,High Risk
2024-01-16,AMZN,High Risk
2024-01-17,AMZN,High Risk
2024-01-18,AMZN,High Risk
2024-01-19,AMZN,High Risk
2024-01-22,AMZN,High Risk
2024-01-23,AMZN,High Risk
2024-01-24,AMZN,High Risk
2024-01-25,AMZN,High Risk
2024-01-26,AMZN,High Risk
2024-01-29,AMZN,High Risk
2024-01-30,AMZN,High Risk
2024-01-31,AMZN,High Risk
2024-02-01,AMZN,High Risk
2024-02-02,AMZN,High Risk
2024-02-05,AMZN,High Risk
2024-02-06,AMZN,High Risk
2024-02-07,AMZN,High Risk
2024-02-08,AMZN,High Risk
2024-02-09,AMZN,High Risk
2024-02-12,AMZN,High Risk
2024-02-13,AMZN,High Risk
2024-02-14,AMZN,High Risk
2024-02-15,AMZN,High Risk
2024-02-16,AMZN,High Risk
2024-02-20,AMZN,High Risk
2024-02-21,AMZN,High Risk
2024-02-22,AMZN,High Risk
2024-02-23,AMZN,High Risk
2024-02-26,AMZN,High Risk
2024-02-27,AMZN,High Risk
2024-02-28,AMZN,High Risk
2024-02-29,AMZN,High Risk
2024-03-01,AMZN,High Risk
2024-03-04,AMZN,High Risk
2024-03-05,AMZN,High Risk
2024-03-06,AMZN,High Risk
2024-03-07,AMZN,High Risk
2024-03-08,AMZN,High Risk
2024-03-11,AMZN,High Risk
2024-03-12,AMZN,High Risk
2024-03-13,AMZN,High Risk
2024-03-14,AMZN,High Risk
2024-03-15,AMZN,High Risk
2024-03-18,AMZN,High Risk
2024-03-19,AMZN,High Risk
2024-03-20,AMZN,High Risk
2024-03-21,AMZN,High Risk
2024-03-22,AMZN,High Risk
2024-03-25,AMZN,High Risk
2024-03-26,AMZN,High Risk
2024-03-27,AMZN,High Risk
2024-03-28,AMZN,High Risk
2024-04-01,AMZN,High Risk
2024-04-02,AMZN,High Risk
2024-04-03,AMZN,High Risk
2024-04-04,AMZN,High Risk
2024-04-05,AMZN,High Risk
2024-04-08,AMZN,High Risk
2024-04-09,AMZN,High Risk
2024-04-10,AMZN,High Risk
2024-04-11,AMZN,High Risk
2024-04-12,AMZN,High Risk
2024-04-15,AMZN,High Risk
2024-04-16,AMZN,High Risk
2024-04-17,AMZN,High Risk
2024-04-18,AMZN,High Risk
2024-04-19,AMZN,High Risk
2024-04-22,AMZN,High Risk
2024-04-23,AMZN,High Risk
2024-04-24,AMZN,High Risk
2024-04-25,AMZN,High Risk
2024-04-26,AMZN,High Risk
2024-04-29,AMZN,High Risk
2024-04-30,AMZN,High Risk
2024-05-01,AMZN,High Risk
2024-05-02,AMZN,High Risk
2024-05-03,AMZN,High Risk
2024-05-06,AMZN,High Risk
2024-05-07,AMZN,High Risk
2024-05-08,AMZN,High Risk
2024-05-09,AMZN,High Risk
2024-05-10,AMZN,High Risk
2024-05-13,AMZN,High Risk
2024-05-14,AMZN,High Risk
2024-05-15,AMZN,High Risk
2024-05-16,AMZN,High Risk
2024-05-17,AMZN,High Risk
2024-05-20,AMZN,High Risk
2024-05-21,AMZN,High Risk
2024-05-22,AMZN,High Risk
2024-05-23,AMZN,High Risk
2024-05-24,AMZN,High Risk
2024-05-28,AMZN,High Risk
2024-05-29,AMZN,High Risk
2024-05-30,AMZN,High Risk
2024-05-31,AMZN,High Risk
2024-06-03,AMZN,High Risk
2024-06-04,AMZN,High Risk
2024-06-05,AMZN,High Risk
2024-06-06,AMZN,High Risk
2024-06-07,AMZN,High Risk
2024-06-10,AMZN,High Risk
2024-06-11,AMZN,High Risk
2024-06-12,AMZN,High Risk
2024-06-13,AMZN,High Risk
2024-06-14,AMZN,High Risk
2024-06-17,AMZN,High Risk
2024-06-18,AMZN,High Risk
2024-06-20,AMZN,High Risk
2024-06-21,AMZN,High Risk
2024-06-24,AMZN,High Risk
2024-06-25,AMZN,High Risk
2024-06-26,AMZN,High Risk
2024-06-27,AMZN,High Risk
2024-06-28,AMZN,High Risk
2024-07-01,AMZN,High Risk
2024-07-02,AMZN,High Risk
2024-07-03,AMZN,High Risk
2024-07-05,AMZN,High Risk
2024-07-08,AMZN,High Risk
2024-07-09,AMZN,High Risk
2024-07-10,AMZN,High Risk
2024-07-11,AMZN,High Risk
2024-07-12,AMZN,High Risk
2024-07-15,AMZN,High Risk
2024-07-16,AMZN,High Risk
2024-07-17,AMZN,High Risk
2024-07-18,AMZN,High Risk
2024-07-19,AMZN,High Risk
2024-07-22,AMZN,High Risk
2024-07-23,AMZN,High Risk
2024-07-24,AMZN,High Risk
2024-07-25,AMZN,High Risk
2024-07-26,AMZN,High Risk
2024-07-29,AMZN,High Risk
2024-07-30,AMZN,High Risk
2024-07-31,AMZN,High Risk
2024-08-01,AMZN,High Risk
2024-08-02,AMZN,High Risk
2024-08-05,AMZN,High Risk
2024-08-06,AMZN,High Risk
2024-08-07,AMZN,High Risk
2024-08-08,AMZN,High Risk
2024-08-09,AMZN,High Risk
2024-08-12,AMZN,High Risk
2024-08-13,AMZN,High Risk
2024-08-14,AMZN,High Risk
2024-08-15,AMZN,High Risk
2024-08-16,AMZN,High Risk
2024-08-19,AMZN,High Risk
2024-08-20,AMZN,High Risk
2024-08-21,AMZN,High Risk
2024-08-22,AMZN,High Risk
2024-08-23,AMZN,High Risk
2024-08-26,AMZN,High Risk
2024-08-27,AMZN,High Risk
2024-08-28,AMZN,High Risk
2024-08-29,AMZN,High Risk
2024-08-30,AMZN,High Risk
2024-09-03,AMZN,High Risk
2024-09-04,AMZN,High Risk
2024-09-05,AMZN,High Risk
2024-09-06,AMZN,High Risk
2024-09-09,AMZN,High Risk
2024-09-10,AMZN,High Risk
2024-09-11,AMZN,High Risk
2024-09-12,AMZN,High Risk
2024-09-13,AMZN,High Risk
2024-09-16,AMZN,High Risk
2024-09-17,AMZN,High Risk
2024-09-18,AMZN,High Risk
2024-09-19,AMZN,High Risk
2024-09-20,AMZN,High Risk
2024-09-23,AMZN,High Risk
2024-09-24,AMZN,High Risk
2024-09-25,AMZN,High Risk
2024-09-26,AMZN,High Risk
2024-09-27,AMZN,High Risk
2024-09-30,AMZN,High Risk
2024-10-01,AMZN,High Risk
2024-10-02,AMZN,High Risk
2024-10-03,AMZN,High Risk
2024-10-04,AMZN,High Risk
2024-10-07,AMZN,High Risk
2024-10-08,AMZN,High Risk
2024-10-09,AMZN,High Risk
2024-10-10,AMZN,High Risk
2024-10-11,AMZN,High Risk
2024-10-14,AMZN,High Risk
2024-10-15,AMZN,High Risk
2024-10-16,AMZN,High Risk
2024-10-17,AMZN,High Risk
2024-10-18,AMZN,High Risk
2024-10-21,AMZN,High Risk
2024-10-22,AMZN,High Risk
2024-10-23,AMZN,High Risk
2024-10-24,AMZN,High Risk
2024-10-25,AMZN,High Risk
2024-10-28,AMZN,High Risk
2024-10-29,AMZN,High Risk
2024-10-30,AMZN,High Risk
2024-10-31,AMZN,High Risk
2024-11-01,AMZN,High Risk
2024-11-04,AMZN,High Risk
2024-11-05,AMZN,High Risk
2024-11-06,AMZN,High Risk
2024-11-07,AMZN,High Risk
2024-11-08,AMZN,High Risk
2024-11-11,AMZN,High Risk
2024-11-12,AMZN,High Risk
2024-11-13,AMZN,High Risk
2024-11-14,AMZN,High Risk
2024-11-15,AMZN,High Risk
2024-11-18,AMZN,High Risk
2024-11-19,AMZN,High Risk
2024-11-20,AMZN,High Risk
2024-11-21,AMZN,High Risk
2024-11-22,AMZN,High Risk
2024-11-25,AMZN,High Risk
2024-11-26,AMZN,High Risk
2024-11-27,AMZN,High Risk
2024-11-29,AMZN,High Risk
2024-12-02,AMZN,High Risk
2024-12-03,AMZN,High Risk
2024-12-04,AMZN,High Risk
2024-12-05,AMZN,High Risk
2024-12-06,AMZN,High Risk
2024-12-09,AMZN,High Risk
2024-12-10,AMZN,High Risk
2024-12-11,AMZN,High Risk
2024-12-12,AMZN,High Risk
2024-12-13,AMZN,High Risk
2024-12-16,AMZN,High Risk
2024-12-17,AMZN,High Risk
2024-12-18,AMZN,High Risk
2024-12-19,AMZN,High Risk
2024-12-20,AMZN,High Risk
2024-12-23,AMZN,High Risk
2024-12-24,AMZN,High Risk
2024-12-26,AMZN,High Risk
2024-12-27,AMZN,High Risk
2024-12-30,AMZN,High Risk
2024-12-31,AMZN,High Risk
2025-01-02,AMZN,High Risk
2025-01-03,AMZN,High Risk
2025-01-06,AMZN,High Risk
2025-01-07,AMZN,High Risk
2025-01-08,AMZN,High Risk
2025-01-10,AMZN,High Risk
2025-01-13,AMZN,High Risk
2025-01-14,AMZN,High Risk
2025-01-15,AMZN,High Risk
2025-01-16,AMZN,High Risk
2025-01-17,AMZN,High Risk
2025-01-21,AMZN,High Risk
2025-01-22,AMZN,High Risk
2025-01-23,AMZN,High Risk
2025-01-24,AMZN,High Risk
2025-01-27,AMZN,High Risk
2025-01-28,AMZN,High Risk
2025-01-29,AMZN,High Risk
2025-01-30,AMZN,High Risk
2025-01-31,AMZN,High Risk
2025-02-03,AMZN,High Risk
2025-02-04,AMZN,High Risk
2025-02-05,AMZN,High Risk
2025-02-06,AMZN,High Risk
2025-02-07,AMZN,High Risk
2025-02-10,AMZN,High Risk
2025-02-11,AMZN,High Risk
2025-02-12,AMZN,High Risk
2025-02-13,AMZN,High Risk
2025-02-14,AMZN,High Risk
2025-02-18,AMZN,High Risk
2025-02-19,AMZN,High Risk
2025-02-20,AMZN,High Risk
2025-02-21,AMZN,High Risk
2025-02-24,AMZN,High Risk
2025-02-25,AMZN,High Risk
2025-02-26,AMZN,High Risk
2025-02-27,AMZN,High Risk
2025-02-28,AMZN,High Risk
2025-03-03,AMZN,High Risk
2025-03-04,AMZN,High Risk
2025-03-05,AMZN,High Risk
2025-03-06,AMZN,High Risk
2025-03-07,AMZN,High Risk
2025-03-10,AMZN,High Risk
2025-03-11,AMZN,High Risk
2025-03-12,AMZN,High Risk
2025-03-13,AMZN,High Risk
2025-03-14,AMZN,High Risk
2025-03-17,AMZN,High Risk
2025-03-18,AMZN,High Risk
2025-03-19,AMZN,High Risk
2025-03-20,AMZN,High Risk
2025-03-21,AMZN,High Risk
2025-03-24,AMZN,High Risk
2025-03-25,AMZN,High Risk
2025-03-26,AMZN,High Risk
2025-03-27,AMZN,High Risk
2025-03-28,AMZN,High Risk
2025-03-31,AMZN,High Risk
2025-04-01,AMZN,High Risk
2025-04-02,AMZN,High Risk
2025-04-03,AMZN,High Risk
2025-04-04,AMZN,High Risk
2025-04-07,AMZN,High Risk
2025-04-08,AMZN,High Risk
2025-04-09,AMZN,High Risk
2025-04-10,AMZN,High Risk
2025-04-11,AMZN,High Risk
2025-04-14,AMZN,High Risk
2025-04-15,AMZN,High Risk
2025-04-16,AMZN,High Risk
2025-04-17,AMZN,High Risk
2025-04-21,AMZN,High Risk
2025-04-22,AMZN,High Risk
2025-04-23,AMZN,High Risk
2025-04-24,AMZN,High Risk
2025-04-25,AMZN,High Risk
2025-04-28,AMZN,High Risk
2025-04-29,AMZN,High Risk
2025-04-30,AMZN,High Risk
2025-05-01,AMZN,High Risk
2025-05-02,AMZN,High Risk
2025-05-05,AMZN,High Risk
2025-05-06,AMZN,High Risk
2025-05-07,AMZN,High Risk
2025-05-08,AMZN,High Risk
2025-05-09,AMZN,High Risk
2022-01-03,CMCSA,Medium Risk
2022-01-04,CMCSA,Medium Risk
2022-01-05,CMCSA,Medium Risk
2022-01-06,CMCSA,Medium Risk
2022-01-07,CMCSA,Medium Risk
2022-01-10,CMCSA,Medium Risk
2022-01-11,CMCSA,Medium Risk
2022-01-12,CMCSA,Medium Risk
2022-01-13,CMCSA,Medium Risk
2022-01-14,CMCSA,Medium Risk
2022-01-18,CMCSA,Medium Risk
2022-01-19,CMCSA,Medium Risk
2022-01-20,CMCSA,Medium Risk
2022-01-21,CMCSA,Medium Risk
2022-01-24,CMCSA,Medium Risk
2022-01-25,CMCSA,Medium Risk
2022-01-26,CMCSA,Medium Risk
2022-01-27,CMCSA,Medium Risk
2022-01-28,CMCSA,Medium Risk
2022-01-31,CMCSA,Medium Risk
2022-02-01,CMCSA,Medium Risk
2022-02-02,CMCSA,Medium Risk
2022-02-03,CMCSA,Medium Risk
2022-02-04,CMCSA,Medium Risk
2022-02-07,CMCSA,Medium Risk
2022-02-08,CMCSA,Medium Risk
2022-02-09,CMCSA,Medium Risk
2022-02-10,CMCSA,Medium Risk
2022-02-11,CMCSA,Medium Risk
2022-02-14,CMCSA,Medium Risk
2022-02-15,CMCSA,Medium Risk
2022-02-16,CMCSA,Medium Risk
2022-02-17,CMCSA,Medium Risk
2022-02-18,CMCSA,Medium Risk
2022-02-22,CMCSA,Medium Risk
2022-02-23,CMCSA,Medium Risk
2022-02-24,CMCSA,Medium Risk
2022-02-25,CMCSA,Medium Risk
2022-02-28,CMCSA,Medium Risk
2022-03-01,CMCSA,Medium Risk
2022-03-02,CMCSA,Medium Risk
2022-03-03,CMCSA,Medium Risk
2022-03-04,CMCSA,Medium Risk
2022-03-07,CMCSA,Medium Risk
2022-03-08,CMCSA,Medium Risk
2022-03-09,CMCSA,Medium Risk
2022-03-10,CMCSA,Medium Risk
2022-03-11,CMCSA,Medium Risk
2022-03-14,CMCSA,Medium Risk
2022-03-15,CMCSA,Medium Risk
2022-03-16,CMCSA,Medium Risk
2022-03-17,CMCSA,Medium Risk
2022-03-18,CMCSA,Medium Risk
2022-03-21,CMCSA,Medium Risk
2022-03-22,CMCSA,Medium Risk
2022-03-23,CMCSA,Medium Risk
2022-03-24,CMCSA,Medium Risk
2022-03-25,CMCSA,Medium Risk
2022-03-28,CMCSA,Medium Risk
2022-03-29,CMCSA,Medium Risk
2022-03-30,CMCSA,Medium Risk
2022-03-31,CMCSA,Medium Risk
2022-04-01,CMCSA,Medium Risk
2022-04-04,CMCSA,Medium Risk
2022-04-05,CMCSA,Medium Risk
2022-04-06,CMCSA,Medium Risk
2022-04-07,CMCSA,Medium Risk
2022-04-08,CMCSA,Medium Risk
2022-04-11,CMCSA,Medium Risk
2022-04-12,CMCSA,Medium Risk
2022-04-13,CMCSA,Medium Risk
2022-04-14,CMCSA,Medium Risk
2022-04-18,CMCSA,Medium Risk
2022-04-19,CMCSA,Medium Risk
2022-04-20,CMCSA,Medium Risk
2022-04-21,CMCSA,Medium Risk
2022-04-22,CMCSA,Medium Risk
2022-04-25,CMCSA,Medium Risk
2022-04-26,CMCSA,Medium Risk
2022-04-27,CMCSA,Medium Risk
2022-04-28,CMCSA,Medium Risk
2022-04-29,CMCSA,Medium Risk
2022-05-02,CMCSA,Medium Risk
2022-05-03,CMCSA,Medium Risk
2022-05-04,CMCSA,Medium Risk
2022-05-05,CMCSA,Medium Risk
2022-05-06,CMCSA,Medium Risk
2022-05-09,CMCSA,Medium Risk
2022-05-10,CMCSA,Medium Risk
2022-05-11,CMCSA,Medium Risk
2022-05-12,CMCSA,Medium Risk
2022-05-13,CMCSA,Medium Risk
2022-05-16,CMCSA,Medium Risk
2022-05-17,CMCSA,Medium Risk
2022-05-18,CMCSA,Medium Risk
2022-05-19,CMCSA,Medium Risk
2022-05-20,CMCSA,Medium Risk
2022-05-23,CMCSA,Medium Risk
2022-05-24,CMCSA,Medium Risk
2022-05-25,CMCSA,Medium Risk
2022-05-26,CMCSA,Medium Risk
2022-05-27,CMCSA,Medium Risk
2022-05-31,CMCSA,Medium Risk
2022-06-01,CMCSA,Medium Risk
2022-06-02,CMCSA,Medium Risk
2022-06-03,CMCSA,Medium Risk
2022-06-06,CMCSA,Medium Risk
2022-06-07,CMCSA,Medium Risk
2022-06-08,CMCSA,Medium Risk
2022-06-09,CMCSA,Medium Risk
2022-06-10,CMCSA,Medium Risk
2022-06-13,CMCSA,Medium Risk
2022-06-14,CMCSA,Medium Risk
2022-06-15,CMCSA,Medium Risk
2022-06-16,CMCSA,Medium Risk
2022-06-17,CMCSA,Medium Risk
2022-06-21,CMCSA,Medium Risk
2022-06-22,CMCSA,Medium Risk
2022-06-23,CMCSA,Medium Risk
2022-06-24,CMCSA,Medium Risk
2022-06-27,CMCSA,Medium Risk
2022-06-28,CMCSA,Medium Risk
2022-06-29,CMCSA,Medium Risk
2022-06-30,CMCSA,Medium Risk
2022-07-01,CMCSA,Medium Risk
2022-07-05,CMCSA,Medium Risk
2022-07-06,CMCSA,Medium Risk
2022-07-07,CMCSA,Medium Risk
2022-07-08,CMCSA,Medium Risk
2022-07-11,CMCSA,Medium Risk
2022-07-12,CMCSA,Medium Risk
2022-07-13,CMCSA,Medium Risk
2022-07-14,CMCSA,Medium Risk
2022-07-15,CMCSA,Medium Risk
2022-07-18,CMCSA,Medium Risk
2022-07-19,CMCSA,Medium Risk
2022-07-20,CMCSA,Medium Risk
2022-07-21,CMCSA,Medium Risk
2022-07-22,CMCSA,Medium Risk
2022-07-25,CMCSA,Medium Risk
2022-07-26,CMCSA,Medium Risk
2022-07-27,CMCSA,Medium Risk
2022-07-28,CMCSA,Medium Risk
2022-07-29,CMCSA,Medium Risk
2022-08-01,CMCSA,Medium Risk
2022-08-02,CMCSA,Medium Risk
2022-08-03,CMCSA,Medium Risk
2022-08-04,CMCSA,Medium Risk
2022-08-05,CMCSA,Medium Risk
2022-08-08,CMCSA,Medium Risk
2022-08-09,CMCSA,Medium Risk
2022-08-10,CMCSA,Medium Risk
2022-08-11,CMCSA,Medium Risk
2022-08-12,CMCSA,Medium Risk
2022-08-15,CMCSA,Medium Risk
2022-08-16,CMCSA,Medium Risk
2022-08-17,CMCSA,Medium Risk
2022-08-18,CMCSA,Medium Risk
2022-08-19,CMCSA,Medium Risk
2022-08-22,CMCSA,Medium Risk
2022-08-23,CMCSA,Medium Risk
2022-08-24,CMCSA,Medium Risk
2022-08-25,CMCSA,Medium Risk
2022-08-26,CMCSA,Medium Risk
2022-08-29,CMCSA,Medium Risk
2022-08-30,CMCSA,Medium Risk
2022-08-31,CMCSA,Medium Risk
2022-09-01,CMCSA,Medium Risk
2022-09-02,CMCSA,Medium Risk
2022-09-06,CMCSA,Medium Risk
2022-09-07,CMCSA,Medium Risk
2022-09-08,CMCSA,Medium Risk
2022-09-09,CMCSA,Medium Risk
2022-09-12,CMCSA,Medium Risk
2022-09-13,CMCSA,Medium Risk
2022-09-14,CMCSA,Medium Risk
2022-09-15,CMCSA,Medium Risk
2022-09-16,CMCSA,Medium Risk
2022-09-19,CMCSA,Medium Risk
2022-09-20,CMCSA,Medium Risk
2022-09-21,CMCSA,Medium Risk
2022-09-22,CMCSA,Medium Risk
2022-09-23,CMCSA,Medium Risk
2022-09-26,CMCSA,Medium Risk
2022-09-27,CMCSA,Medium Risk
2022-09-28,CMCSA,Medium Risk
2022-09-29,CMCSA,Medium Risk
2022-09-30,CMCSA,Medium Risk
2022-10-03,CMCSA,Medium Risk
2022-10-04,CMCSA,Medium Risk
2022-10-05,CMCSA,Medium Risk
2022-10-06,CMCSA,Medium Risk
2022-10-07,CMCSA,Medium Risk
2022-10-10,CMCSA,Medium Risk
2022-10-11,CMCSA,Medium Risk
2022-10-12,CMCSA,Medium Risk
2022-10-13,CMCSA,Medium Risk
2022-10-14,CMCSA,Medium Risk
2022-10-17,CMCSA,Medium Risk
2022-10-18,CMCSA,Medium Risk
2022-10-19,CMCSA,Medium Risk
2022-10-20,CMCSA,Medium Risk
2022-10-21,CMCSA,Medium Risk
2022-10-24,CMCSA,Medium Risk
2022-10-25,CMCSA,Medium Risk
2022-10-26,CMCSA,Medium Risk
2022-10-27,CMCSA,Medium Risk
2022-10-28,CMCSA,Medium Risk
2022-10-31,CMCSA,Medium Risk
2022-11-01,CMCSA,Medium Risk
2022-11-02,CMCSA,Medium Risk
2022-11-03,CMCSA,Medium Risk
2022-11-04,CMCSA,Medium Risk
2022-11-07,CMCSA,Medium Risk
2022-11-08,CMCSA,Medium Risk
2022-11-09,CMCSA,Medium Risk
2022-11-10,CMCSA,Medium Risk
2022-11-11,CMCSA,Medium Risk
2022-11-14,CMCSA,Medium Risk
2022-11-15,CMCSA,Medium Risk
2022-11-16,CMCSA,Medium Risk
2022-11-17,CMCSA,Medium Risk
2022-11-18,CMCSA,Medium Risk
2022-11-21,CMCSA,Medium Risk
2022-11-22,CMCSA,Medium Risk
2022-11-23,CMCSA,Medium Risk
2022-11-25,CMCSA,Medium Risk
2022-11-28,CMCSA,Medium Risk
2022-11-29,CMCSA,Medium Risk
2022-11-30,CMCSA,Medium Risk
2022-12-01,CMCSA,Medium Risk
2022-12-02,CMCSA,Medium Risk
2022-12-05,CMCSA,Medium Risk
2022-12-06,CMCSA,Medium Risk
2022-12-07,CMCSA,Medium Risk
2022-12-08,CMCSA,Medium Risk
2022-12-09,CMCSA,Medium Risk
2022-12-12,CMCSA,Medium Risk
2022-12-13,CMCSA,Medium Risk
2022-12-14,CMCSA,Medium Risk
2022-12-15,CMCSA,Medium Risk
2022-12-16,CMCSA,Medium Risk
2022-12-19,CMCSA,Medium Risk
2022-12-20,CMCSA,Medium Risk
2022-12-21,CMCSA,Medium Risk
2022-12-22,CMCSA,Medium Risk
2022-12-23,CMCSA,Medium Risk
2022-12-27,CMCSA,Medium Risk
2022-12-28,CMCSA,Medium Risk
2022-12-29,CMCSA,Medium Risk
2022-12-30,CMCSA,Medium Risk
2023-01-03,CMCSA,Medium Risk
2023-01-04,CMCSA,Medium Risk
2023-01-05,CMCSA,Medium Risk
2023-01-06,CMCSA,Medium Risk
2023-01-09,CMCSA,Medium Risk
2023-01-10,CMCSA,Medium Risk
2023-01-11,CMCSA,Medium Risk
2023-01-12,CMCSA,Medium Risk
2023-01-13,CMCSA,Medium Risk
2023-01-17,CMCSA,Medium Risk
2023-01-18,CMCSA,Medium Risk
2023-01-19,CMCSA,Medium Risk
2023-01-20,CMCSA,Medium Risk
2023-01-23,CMCSA,Medium Risk
2023-01-24,CMCSA,Medium Risk
2023-01-25,CMCSA,Medium Risk
2023-01-26,CMCSA,Medium Risk
2023-01-27,CMCSA,Medium Risk
2023-01-30,CMCSA,Medium Risk
2023-01-31,CMCSA,Medium Risk
2023-02-01,CMCSA,Medium Risk
2023-02-02,CMCSA,Medium Risk
2023-02-03,CMCSA,Medium Risk
2023-02-06,CMCSA,Medium Risk
2023-02-07,CMCSA,Medium Risk
2023-02-08,CMCSA,Medium Risk
2023-02-09,CMCSA,Medium Risk
2023-02-10,CMCSA,Medium Risk
2023-02-13,CMCSA,Medium Risk
2023-02-14,CMCSA,Medium Risk
2023-02-15,CMCSA,Medium Risk
2023-02-16,CMCSA,Medium Risk
2023-02-17,CMCSA,Medium Risk
2023-02-21,CMCSA,Medium Risk
2023-02-22,CMCSA,Medium Risk
2023-02-23,CMCSA,Medium Risk
2023-02-24,CMCSA,Medium Risk
2023-02-27,CMCSA,Medium Risk
2023-02-28,CMCSA,Medium Risk
2023-03-01,CMCSA,Medium Risk
2023-03-02,CMCSA,Medium Risk
2023-03-03,CMCSA,Medium Risk
2023-03-06,CMCSA,Medium Risk
2023-03-07,CMCSA,Medium Risk
2023-03-08,CMCSA,Medium Risk
2023-03-09,CMCSA,Medium Risk
2023-03-10,CMCSA,Medium Risk
2023-03-13,CMCSA,Medium Risk
2023-03-14,CMCSA,Medium Risk
2023-03-15,CMCSA,Medium Risk
2023-03-16,CMCSA,Medium Risk
2023-03-17,CMCSA,Medium Risk
2023-03-20,CMCSA,Medium Risk
2023-03-21,CMCSA,Medium Risk
2023-03-22,CMCSA,Medium Risk
2023-03-23,CMCSA,Medium Risk
2023-03-24,CMCSA,Medium Risk
2023-03-27,CMCSA,Medium Risk
2023-03-28,CMCSA,Medium Risk
2023-03-29,CMCSA,Medium Risk
2023-03-30,CMCSA,Medium Risk
2023-03-31,CMCSA,Medium Risk
2023-04-03,CMCSA,Medium Risk
2023-04-04,CMCSA,Medium Risk
2023-04-05,CMCSA,Medium Risk
2023-04-06,CMCSA,Medium Risk
2023-04-10,CMCSA,Medium Risk
2023-04-11,CMCSA,Medium Risk
2023-04-12,CMCSA,Medium Risk
2023-04-13,CMCSA,Medium Risk
2023-04-14,CMCSA,Medium Risk
2023-04-17,CMCSA,Medium Risk
2023-04-18,CMCSA,Medium Risk
2023-04-19,CMCSA,Medium Risk
2023-04-20,CMCSA,Medium Risk
2023-04-21,CMCSA,Medium Risk
2023-04-24,CMCSA,Medium Risk
2023-04-25,CMCSA,Medium Risk
2023-04-26,CMCSA,Medium Risk
2023-04-27,CMCSA,Medium Risk
2023-04-28,CMCSA,Medium Risk
2023-05-01,CMCSA,Medium Risk
2023-05-02,CMCSA,Medium Risk
2023-05-03,CMCSA,Medium Risk
2023-05-04,CMCSA,Medium Risk
2023-05-05,CMCSA,Medium Risk
2023-05-08,CMCSA,Medium Risk
2023-05-09,CMCSA,Medium Risk
2023-05-10,CMCSA,Medium Risk
2023-05-11,CMCSA,Medium Risk
2023-05-12,CMCSA,Medium Risk
2023-05-15,CMCSA,Medium Risk
2023-05-16,CMCSA,Medium Risk
2023-05-17,CMCSA,Medium Risk
2023-05-18,CMCSA,Medium Risk
2023-05-19,CMCSA,Medium Risk
2023-05-22,CMCSA,Medium Risk
2023-05-23,CMCSA,Medium Risk
2023-05-24,CMCSA,Medium Risk
2023-05-25,CMCSA,Medium Risk
2023-05-26,CMCSA,Medium Risk
2023-05-30,CMCSA,Medium Risk
2023-05-31,CMCSA,Medium Risk
2023-06-01,CMCSA,Medium Risk
2023-06-02,CMCSA,Medium Risk
2023-06-05,CMCSA,Medium Risk
2023-06-06,CMCSA,Medium Risk
2023-06-07,CMCSA,Medium Risk
2023-06-08,CMCSA,Medium Risk
2023-06-09,CMCSA,Medium Risk
2023-06-12,CMCSA,Medium Risk
2023-06-13,CMCSA,Medium Risk
2023-06-14,CMCSA,Medium Risk
2023-06-15,CMCSA,Medium Risk
2023-06-16,CMCSA,Medium Risk
2023-06-20,CMCSA,Medium Risk
2023-06-21,CMCSA,Medium Risk
2023-06-22,CMCSA,Medium Risk
2023-06-23,CMCSA,Medium Risk
2023-06-26,CMCSA,Medium Risk
2023-06-27,CMCSA,Medium Risk
2023-06-28,CMCSA,Medium Risk
2023-06-29,CMCSA,Medium Risk
2023-06-30,CMCSA,Medium Risk
2023-07-03,CMCSA,Medium Risk
2023-07-05,CMCSA,Medium Risk
2023-07-06,CMCSA,Medium Risk
2023-07-07,CMCSA,Medium Risk
2023-07-10,CMCSA,Medium Risk
2023-07-11,CMCSA,Medium Risk
2023-07-12,CMCSA,Medium Risk
2023-07-13,CMCSA,Medium Risk
2023-07-14,CMCSA,Medium Risk
2023-07-17,CMCSA,Medium Risk
2023-07-18,CMCSA,Medium Risk
2023-07-19,CMCSA,Medium Risk
2023-07-20,CMCSA,Medium Risk
2023-07-21,CMCSA,Medium Risk
2023-07-24,CMCSA,Medium Risk
2023-07-25,CMCSA,Medium Risk
2023-07-26,CMCSA,Medium Risk
2023-07-27,CMCSA,Medium Risk
2023-07-28,CMCSA,Medium Risk
2023-07-31,CMCSA,Medium Risk
2023-08-01,CMCSA,Medium Risk
2023-08-02,CMCSA,Medium Risk
2023-08-03,CMCSA,Medium Risk
2023-08-04,CMCSA,Medium Risk
2023-08-07,CMCSA,Medium Risk
2023-08-08,CMCSA,Medium Risk
2023-08-09,CMCSA,Medium Risk
2023-08-10,CMCSA,Medium Risk
2023-08-11,CMCSA,Medium Risk
2023-08-14,CMCSA,Medium Risk
2023-08-15,CMCSA,Medium Risk
2023-08-16,CMCSA,Medium Risk
2023-08-17,CMCSA,Medium Risk
2023-08-18,CMCSA,Medium Risk
2023-08-21,CMCSA,Medium Risk
2023-08-22,CMCSA,Medium Risk
2023-08-23,CMCSA,Medium Risk
2023-08-24,CMCSA,Medium Risk
2023-08-25,CMCSA,Medium Risk
2023-08-28,CMCSA,Medium Risk
2023-08-29,CMCSA,Medium Risk
2023-08-30,CMCSA,Medium Risk
2023-08-31,CMCSA,Medium Risk
2023-09-01,CMCSA,Medium Risk
2023-09-05,CMCSA,Medium Risk
2023-09-06,CMCSA,Medium Risk
2023-09-07,CMCSA,Medium Risk
2023-09-08,CMCSA,Medium Risk
2023-09-11,CMCSA,Medium Risk
2023-09-12,CMCSA,Medium Risk
2023-09-13,CMCSA,Medium Risk
2023-09-14,CMCSA,Medium Risk
2023-09-15,CMCSA,Medium Risk
2023-09-18,CMCSA,Medium Risk
2023-09-19,CMCSA,Medium Risk
2023-09-20,CMCSA,Medium Risk
2023-09-21,CMCSA,Medium Risk
2023-09-22,CMCSA,Medium Risk
2023-09-25,CMCSA,Medium Risk
2023-09-26,CMCSA,Medium Risk
2023-09-27,CMCSA,Medium Risk
2023-09-28,CMCSA,Medium Risk
2023-09-29,CMCSA,Medium Risk
2023-10-02,CMCSA,Medium Risk
2023-10-03,CMCSA,Medium Risk
2023-10-04,CMCSA,Medium Risk
2023-10-05,CMCSA,Medium Risk
2023-10-06,CMCSA,Medium Risk
2023-10-09,CMCSA,Medium Risk
2023-10-10,CMCSA,Medium Risk
2023-10-11,CMCSA,Medium Risk
2023-10-12,CMCSA,Medium Risk
2023-10-13,CMCSA,Medium Risk
2023-10-16,CMCSA,Medium Risk
2023-10-17,CMCSA,Medium Risk
2023-10-18,CMCSA,Medium Risk
2023-10-19,CMCSA,Medium Risk
2023-10-20,CMCSA,Medium Risk
2023-10-23,CMCSA,Medium Risk
2023-10-24,CMCSA,Medium Risk
2023-10-25,CMCSA,Medium Risk
2023-10-26,CMCSA,Medium Risk
2023-10-27,CMCSA,Medium Risk
2023-10-30,CMCSA,Medium Risk
2023-10-31,CMCSA,Medium Risk
2023-11-01,CMCSA,Medium Risk
2023-11-02,CMCSA,Medium Risk
2023-11-03,CMCSA,Medium Risk
2023-11-06,CMCSA,Medium Risk
2023-11-07,CMCSA,Medium Risk
2023-11-08,CMCSA,Medium Risk
2023-11-09,CMCSA,Medium Risk
2023-11-10,CMCSA,Medium Risk
2023-11-13,CMCSA,Medium Risk
2023-11-14,CMCSA,Medium Risk
2023-11-15,CMCSA,Medium Risk
2023-11-16,CMCSA,Medium Risk
2023-11-17,CMCSA,Medium Risk
2023-11-20,CMCSA,Medium Risk
2023-11-21,CMCSA,Medium Risk
2023-11-22,CMCSA,Medium Risk
2023-11-24,CMCSA,Medium Risk
2023-11-27,CMCSA,Medium Risk
2023-11-28,CMCSA,Medium Risk
2023-11-29,CMCSA,Medium Risk
2023-11-30,CMCSA,Medium Risk
2023-12-01,CMCSA,Medium Risk
2023-12-04,CMCSA,Medium Risk
2023-12-05,CMCSA,Medium Risk
2023-12-06,CMCSA,Medium Risk
2023-12-07,CMCSA,Medium Risk
2023-12-08,CMCSA,Medium Risk
2023-12-11,CMCSA,Medium Risk
2023-12-12,CMCSA,Medium Risk
2023-12-13,CMCSA,Medium Risk
2023-12-14,CMCSA,Medium Risk
2023-12-15,CMCSA,Medium Risk
2023-12-18,CMCSA,Medium Risk
2023-12-19,CMCSA,Medium Risk
2023-12-20,CMCSA,Medium Risk
2023-12-21,CMCSA,Medium Risk
2023-12-22,CMCSA,Medium Risk
2023-12-26,CMCSA,Medium Risk
2023-12-27,CMCSA,Medium Risk
2023-12-28,CMCSA,Medium Risk
2023-12-29,CMCSA,Medium Risk
2024-01-02,CMCSA,Medium Risk
2024-01-03,CMCSA,Medium Risk
2024-01-04,CMCSA,Medium Risk
2024-01-05,CMCSA,Medium Risk
2024-01-08,CMCSA,Medium Risk
2024-01-09,CMCSA,Medium Risk
2024-01-10,CMCSA,Medium Risk
2024-01-11,CMCSA,Medium Risk
2024-01-12,CMCSA,Medium Risk
2024-01-16,CMCSA,Medium Risk
2024-01-17,CMCSA,Medium Risk
2024-01-18,CMCSA,Medium Risk
2024-01-19,CMCSA,Medium Risk
2024-01-22,CMCSA,Medium Risk
2024-01-23,CMCSA,Medium Risk
2024-01-24,CMCSA,Medium Risk
2024-01-25,CMCSA,Medium Risk
2024-01-26,CMCSA,Medium Risk
2024-01-29,CMCSA,Medium Risk
2024-01-30,CMCSA,Medium Risk
2024-01-31,CMCSA,Medium Risk
2024-02-01,CMCSA,Medium Risk
2024-02-02,CMCSA,Medium Risk
2024-02-05,CMCSA,Medium Risk
2024-02-06,CMCSA,Medium Risk
2024-02-07,CMCSA,Medium Risk
2024-02-08,CMCSA,Medium Risk
2024-02-09,CMCSA,Medium Risk
2024-02-12,CMCSA,Medium Risk
2024-02-13,CMCSA,Medium Risk
2024-02-14,CMCSA,Medium Risk
2024-02-15,CMCSA,Medium Risk
2024-02-16,CMCSA,Medium Risk
2024-02-20,CMCSA,Medium Risk
2024-02-21,CMCSA,Medium Risk
2024-02-22,CMCSA,Medium Risk
2024-02-23,CMCSA,Medium Risk
2024-02-26,CMCSA,Medium Risk
2024-02-27,CMCSA,Medium Risk
2024-02-28,CMCSA,Medium Risk
2024-02-29,CMCSA,Medium Risk
2024-03-01,CMCSA,Medium Risk
2024-03-04,CMCSA,Medium Risk
2024-03-05,CMCSA,Medium Risk
2024-03-06,CMCSA,Medium Risk
2024-03-07,CMCSA,Medium Risk
2024-03-08,CMCSA,Medium Risk
2024-03-11,CMCSA,Medium Risk
2024-03-12,CMCSA,Medium Risk
2024-03-13,CMCSA,Medium Risk
2024-03-14,CMCSA,Medium Risk
2024-03-15,CMCSA,Medium Risk
2024-03-18,CMCSA,Medium Risk
2024-03-19,CMCSA,Medium Risk
2024-03-20,CMCSA,Medium Risk
2024-03-21,CMCSA,Medium Risk
2024-03-22,CMCSA,Medium Risk
2024-03-25,CMCSA,Medium Risk
2024-03-26,CMCSA,Medium Risk
2024-03-27,CMCSA,Medium Risk
2024-03-28,CMCSA,Medium Risk
2024-04-01,CMCSA,Medium Risk
2024-04-02,CMCSA,Medium Risk
2024-04-03,CMCSA,Medium Risk
2024-04-04,CMCSA,Medium Risk
2024-04-05,CMCSA,Medium Risk
2024-04-08,CMCSA,Medium Risk
2024-04-09,CMCSA,Medium Risk
2024-04-10,CMCSA,Medium Risk
2024-04-11,CMCSA,Medium Risk
2024-04-12,CMCSA,Medium Risk
2024-04-15,CMCSA,Medium Risk
2024-04-16,CMCSA,Medium Risk
2024-04-17,CMCSA,Medium Risk
2024-04-18,CMCSA,Medium Risk
2024-04-19,CMCSA,Medium Risk
2024-04-22,CMCSA,Medium Risk
2024-04-23,CMCSA,Medium Risk
2024-04-24,CMCSA,Medium Risk
2024-04-25,CMCSA,Medium Risk
2024-04-26,CMCSA,Medium Risk
2024-04-29,CMCSA,Medium Risk
2024-04-30,CMCSA,Medium Risk
2024-05-01,CMCSA,Medium Risk
2024-05-02,CMCSA,Medium Risk
2024-05-03,CMCSA,Medium Risk
2024-05-06,CMCSA,Medium Risk
2024-05-07,CMCSA,Medium Risk
2024-05-08,CMCSA,Medium Risk
2024-05-09,CMCSA,Medium Risk
2024-05-10,CMCSA,Medium Risk
2024-05-13,CMCSA,Medium Risk
2024-05-14,CMCSA,Medium Risk
2024-05-15,CMCSA,Medium Risk
2024-05-16,CMCSA,Medium Risk
2024-05-17,CMCSA,Medium Risk
2024-05-20,CMCSA,Medium Risk
2024-05-21,CMCSA,Medium Risk
2024-05-22,CMCSA,Medium Risk
2024-05-23,CMCSA,Medium Risk
2024-05-24,CMCSA,Medium Risk
2024-05-28,CMCSA,Medium Risk
2024-05-29,CMCSA,Medium Risk
2024-05-30,CMCSA,Medium Risk
2024-05-31,CMCSA,Medium Risk
2024-06-03,CMCSA,Medium Risk
2024-06-04,CMCSA,Medium Risk
2024-06-05,CMCSA,Medium Risk
2024-06-06,CMCSA,Medium Risk
2024-06-07,CMCSA,Medium Risk
2024-06-10,CMCSA,Medium Risk
2024-06-11,CMCSA,Medium Risk
2024-06-12,CMCSA,Medium Risk
2024-06-13,CMCSA,Medium Risk
2024-06-14,CMCSA,Medium Risk
2024-06-17,CMCSA,Medium Risk
2024-06-18,CMCSA,Medium Risk
2024-06-20,CMCSA,Medium Risk
2024-06-21,CMCSA,Medium Risk
2024-06-24,CMCSA,Medium Risk
2024-06-25,CMCSA,Medium Risk
2024-06-26,CMCSA,Medium Risk
2024-06-27,CMCSA,Medium Risk
2024-06-28,CMCSA,Medium Risk
2024-07-01,CMCSA,Medium Risk
2024-07-02,CMCSA,Medium Risk
2024-07-03,CMCSA,Medium Risk
2024-07-05,CMCSA,Medium Risk
2024-07-08,CMCSA,Medium Risk
2024-07-09,CMCSA,Medium Risk
2024-07-10,CMCSA,Medium Risk
2024-07-11,CMCSA,Medium Risk
2024-07-12,CMCSA,Medium Risk
2024-07-15,CMCSA,Medium Risk
2024-07-16,CMCSA,Medium Risk
2024-07-17,CMCSA,Medium Risk
2024-07-18,CMCSA,Medium Risk
2024-07-19,CMCSA,Medium Risk
2024-07-22,CMCSA,Medium Risk
2024-07-23,CMCSA,Medium Risk
2024-07-24,CMCSA,Medium Risk
2024-07-25,CMCSA,Medium Risk
2024-07-26,CMCSA,Medium Risk
2024-07-29,CMCSA,Medium Risk
2024-07-30,CMCSA,Medium Risk
2024-07-31,CMCSA,Medium Risk
2024-08-01,CMCSA,Medium Risk
2024-08-02,CMCSA,Medium Risk
2024-08-05,CMCSA,Medium Risk
2024-08-06,CMCSA,Medium Risk
2024-08-07,CMCSA,Medium Risk
2024-08-08,CMCSA,Medium Risk
2024-08-09,CMCSA,Medium Risk
2024-08-12,CMCSA,Medium Risk
2024-08-13,CMCSA,Medium Risk
2024-08-14,CMCSA,Medium Risk
2024-08-15,CMCSA,Medium Risk
2024-08-16,CMCSA,Medium Risk
2024-08-19,CMCSA,Medium Risk
2024-08-20,CMCSA,Medium Risk
2024-08-21,CMCSA,Medium Risk
2024-08-22,CMCSA,Medium Risk
2024-08-23,CMCSA,Medium Risk
2024-08-26,CMCSA,Medium Risk
2024-08-27,CMCSA,Medium Risk
2024-08-28,CMCSA,Medium Risk
2024-08-29,CMCSA,Medium Risk
2024-08-30,CMCSA,Medium Risk
2024-09-03,CMCSA,Medium Risk
2024-09-04,CMCSA,Medium Risk
2024-09-05,CMCSA,Medium Risk
2024-09-06,CMCSA,Medium Risk
2024-09-09,CMCSA,Medium Risk
2024-09-10,CMCSA,Medium Risk
2024-09-11,CMCSA,Medium Risk
2024-09-12,CMCSA,Medium Risk
2024-09-13,CMCSA,Medium Risk
2024-09-16,CMCSA,Medium Risk
2024-09-17,CMCSA,Medium Risk
2024-09-18,CMCSA,Medium Risk
2024-09-19,CMCSA,Medium Risk
2024-09-20,CMCSA,Medium Risk
2024-09-23,CMCSA,Medium Risk
2024-09-24,CMCSA,Medium Risk
2024-09-25,CMCSA,Medium Risk
2024-09-26,CMCSA,Medium Risk
2024-09-27,CMCSA,Medium Risk
2024-09-30,CMCSA,Medium Risk
2024-10-01,CMCSA,Medium Risk
2024-10-02,CMCSA,Medium Risk
2024-10-03,CMCSA,Medium Risk
2024-10-04,CMCSA,Medium Risk
2024-10-07,CMCSA,Medium Risk
2024-10-08,CMCSA,Medium Risk
2024-10-09,CMCSA,Medium Risk
2024-10-10,CMCSA,Medium Risk
2024-10-11,CMCSA,Medium Risk
2024-10-14,CMCSA,Medium Risk
2024-10-15,CMCSA,Medium Risk
2024-10-16,CMCSA,Medium Risk
2024-10-17,CMCSA,Medium Risk
2024-10-18,CMCSA,Medium Risk
2024-10-21,CMCSA,Medium Risk
2024-10-22,CMCSA,Medium Risk
2024-10-23,CMCSA,Medium Risk
2024-10-24,CMCSA,Medium Risk
2024-10-25,CMCSA,Medium Risk
2024-10-28,CMCSA,Medium Risk
2024-10-29,CMCSA,Medium Risk
2024-10-30,CMCSA,Medium Risk
2024-10-31,CMCSA,Medium Risk
2024-11-01,CMCSA,Medium Risk
2024-11-04,CMCSA,Medium Risk
2024-11-05,CMCSA,Medium Risk
2024-11-06,CMCSA,Medium Risk
2024-11-07,CMCSA,Medium Risk
2024-11-08,CMCSA,Medium Risk
2024-11-11,CMCSA,Medium Risk
2024-11-12,CMCSA,Medium Risk
2024-11-13,CMCSA,Medium Risk
2024-11-14,CMCSA,Medium Risk
2024-11-15,CMCSA,Medium Risk
2024-11-18,CMCSA,Medium Risk
2024-11-19,CMCSA,Medium Risk
2024-11-20,CMCSA,Medium Risk
2024-11-21,CMCSA,Medium Risk
2024-11-22,CMCSA,Medium Risk
2024-11-25,CMCSA,Medium Risk
2024-11-26,CMCSA,Medium Risk
2024-11-27,CMCSA,Medium Risk
2024-11-29,CMCSA,Medium Risk
2024-12-02,CMCSA,Medium Risk
2024-12-03,CMCSA,Medium Risk
2024-12-04,CMCSA,Medium Risk
2024-12-05,CMCSA,Medium Risk
2024-12-06,CMCSA,Medium Risk
2024-12-09,CMCSA,Medium Risk
2024-12-10,CMCSA,Medium Risk
2024-12-11,CMCSA,Medium Risk
2024-12-12,CMCSA,Medium Risk
2024-12-13,CMCSA,Medium Risk
2024-12-16,CMCSA,Medium Risk
2024-12-17,CMCSA,Medium Risk
2024-12-18,CMCSA,Medium Risk
2024-12-19,CMCSA,Medium Risk
2024-12-20,CMCSA,Medium Risk
2024-12-23,CMCSA,Medium Risk
2024-12-24,CMCSA,Medium Risk
2024-12-26,CMCSA,Medium Risk
2024-12-27,CMCSA,Medium Risk
2024-12-30,CMCSA,Medium Risk
2024-12-31,CMCSA,Medium Risk
2025-01-02,CMCSA,Medium Risk
2025-01-03,CMCSA,Medium Risk
2025-01-06,CMCSA,Medium Risk
2025-01-07,CMCSA,Medium Risk
2025-01-08,CMCSA,Medium Risk
2025-01-10,CMCSA,Medium Risk
2025-01-13,CMCSA,Medium Risk
2025-01-14,CMCSA,Medium Risk
2025-01-15,CMCSA,Medium Risk
2025-01-16,CMCSA,Medium Risk
2025-01-17,CMCSA,Medium Risk
2025-01-21,CMCSA,Medium Risk
2025-01-22,CMCSA,Medium Risk
2025-01-23,CMCSA,Medium Risk
2025-01-24,CMCSA,Medium Risk
2025-01-27,CMCSA,Medium Risk
2025-01-28,CMCSA,Medium Risk
2025-01-29,CMCSA,Medium Risk
2025-01-30,CMCSA,Medium Risk
2025-01-31,CMCSA,Medium Risk
2025-02-03,CMCSA,Medium Risk
2025-02-04,CMCSA,Medium Risk
2025-02-05,CMCSA,Medium Risk
2025-02-06,CMCSA,Medium Risk
2025-02-07,CMCSA,Medium Risk
2025-02-10,CMCSA,Medium Risk
2025-02-11,CMCSA,Medium Risk
2025-02-12,CMCSA,Medium Risk
2025-02-13,CMCSA,Medium Risk
2025-02-14,CMCSA,Medium Risk
2025-02-18,CMCSA,Medium Risk
2025-02-19,CMCSA,Medium Risk
2025-02-20,CMCSA,Medium Risk
2025-02-21,CMCSA,Medium Risk
2025-02-24,CMCSA,Medium Risk
2025-02-25,CMCSA,Medium Risk
2025-02-26,CMCSA,Medium Risk
2025-02-27,CMCSA,Medium Risk
2025-02-28,CMCSA,Medium Risk
2025-03-03,CMCSA,Medium Risk
2025-03-04,CMCSA,Medium Risk
2025-03-05,CMCSA,Medium Risk
2025-03-06,CMCSA,Medium Risk
2025-03-07,CMCSA,Medium Risk
2025-03-10,CMCSA,Medium Risk
2025-03-11,CMCSA,Medium Risk
2025-03-12,CMCSA,Medium Risk
2025-03-13,CMCSA,Medium Risk
2025-03-14,CMCSA,Medium Risk
2025-03-17,CMCSA,Medium Risk
2025-03-18,CMCSA,Medium Risk
2025-03-19,CMCSA,Medium Risk
2025-03-20,CMCSA,Medium Risk
2025-03-21,CMCSA,Medium Risk
2025-03-24,CMCSA,Medium Risk
2025-03-25,CMCSA,Medium Risk
2025-03-26,CMCSA,Medium Risk
2025-03-27,CMCSA,Medium Risk
2025-03-28,CMCSA,Medium Risk
2025-03-31,CMCSA,Medium Risk
2025-04-01,CMCSA,Medium Risk
2025-04-02,CMCSA,Medium Risk
2025-04-03,CMCSA,Medium Risk
2025-04-04,CMCSA,Medium Risk
2025-04-07,CMCSA,Medium Risk
2025-04-08,CMCSA,Medium Risk
2025-04-09,CMCSA,Medium Risk
2025-04-10,CMCSA,Medium Risk
2025-04-11,CMCSA,Medium Risk
2025-04-14,CMCSA,Medium Risk
2025-04-15,CMCSA,Medium Risk
2025-04-16,CMCSA,Medium Risk
2025-04-17,CMCSA,Medium Risk
2025-04-21,CMCSA,Medium Risk
2025-04-22,CMCSA,Medium Risk
2025-04-23,CMCSA,Medium Risk
2025-04-24,CMCSA,Medium Risk
2025-04-25,CMCSA,Medium Risk
2025-04-28,CMCSA,Medium Risk
2025-04-29,CMCSA,Medium Risk
2025-04-30,CMCSA,Medium Risk
2025-05-01,CMCSA,Medium Risk
2025-05-02,CMCSA,Medium Risk
2025-05-05,CMCSA,Medium Risk
2025-05-06,CMCSA,Medium Risk
2025-05-07,CMCSA,Medium Risk
2025-05-08,CMCSA,Medium Risk
2025-05-09,CMCSA,Medium Risk
2022-01-03,CRM,High Risk
2022-01-04,CRM,High Risk
2022-01-05,CRM,High Risk
2022-01-06,CRM,High Risk
2022-01-07,CRM,High Risk
2022-01-10,CRM,High Risk
2022-01-11,CRM,High Risk
2022-01-12,CRM,High Risk
2022-01-13,CRM,High Risk
2022-01-14,CRM,High Risk
2022-01-18,CRM,High Risk
2022-01-19,CRM,High Risk
2022-01-20,CRM,High Risk
2022-01-21,CRM,High Risk
2022-01-24,CRM,High Risk
2022-01-25,CRM,High Risk
2022-01-26,CRM,High Risk
2022-01-27,CRM,High Risk
2022-01-28,CRM,High Risk
2022-01-31,CRM,High Risk
2022-02-01,CRM,High Risk
2022-02-02,CRM,High Risk
2022-02-03,CRM,High Risk
2022-02-04,CRM,High Risk
2022-02-07,CRM,High Risk
2022-02-08,CRM,High Risk
2022-02-09,CRM,High Risk
2022-02-10,CRM,High Risk
2022-02-11,CRM,High Risk
2022-02-14,CRM,High Risk
2022-02-15,CRM,High Risk
2022-02-16,CRM,High Risk
2022-02-17,CRM,High Risk
2022-02-18,CRM,High Risk
2022-02-22,CRM,High Risk
2022-02-23,CRM,High Risk
2022-02-24,CRM,High Risk
2022-02-25,CRM,High Risk
2022-02-28,CRM,High Risk
2022-03-01,CRM,High Risk
2022-03-02,CRM,High Risk
2022-03-03,CRM,High Risk
2022-03-04,CRM,High Risk
2022-03-07,CRM,High Risk
2022-03-08,CRM,High Risk
2022-03-09,CRM,High Risk
2022-03-10,CRM,High Risk
2022-03-11,CRM,High Risk
2022-03-14,CRM,High Risk
2022-03-15,CRM,High Risk
2022-03-16,CRM,High Risk
2022-03-17,CRM,High Risk
2022-03-18,CRM,High Risk
2022-03-21,CRM,High Risk
2022-03-22,CRM,High Risk
2022-03-23,CRM,High Risk
2022-03-24,CRM,High Risk
2022-03-25,CRM,High Risk
2022-03-28,CRM,High Risk
2022-03-29,CRM,High Risk
2022-03-30,CRM,High Risk
2022-03-31,CRM,High Risk
2022-04-01,CRM,High Risk
2022-04-04,CRM,High Risk
2022-04-05,CRM,High Risk
2022-04-06,CRM,High Risk
2022-04-07,CRM,High Risk
2022-04-08,CRM,High Risk
2022-04-11,CRM,High Risk
2022-04-12,CRM,High Risk
2022-04-13,CRM,High Risk
2022-04-14,CRM,High Risk
2022-04-18,CRM,High Risk
2022-04-19,CRM,High Risk
2022-04-20,CRM,High Risk
2022-04-21,CRM,High Risk
2022-04-22,CRM,High Risk
2022-04-25,CRM,High Risk
2022-04-26,CRM,High Risk
2022-04-27,CRM,High Risk
2022-04-28,CRM,High Risk
2022-04-29,CRM,High Risk
2022-05-02,CRM,High Risk
2022-05-03,CRM,High Risk
2022-05-04,CRM,High Risk
2022-05-05,CRM,High Risk
2022-05-06,CRM,High Risk
2022-05-09,CRM,High Risk
2022-05-10,CRM,High Risk
2022-05-11,CRM,High Risk
2022-05-12,CRM,High Risk
2022-05-13,CRM,High Risk
2022-05-16,CRM,High Risk
2022-05-17,CRM,High Risk
2022-05-18,CRM,High Risk
2022-05-19,CRM,High Risk
2022-05-20,CRM,High Risk
2022-05-23,CRM,High Risk
2022-05-24,CRM,High Risk
2022-05-25,CRM,High Risk
2022-05-26,CRM,High Risk
2022-05-27,CRM,High Risk
2022-05-31,CRM,High Risk
2022-06-01,CRM,High Risk
2022-06-02,CRM,High Risk
2022-06-03,CRM,High Risk
2022-06-06,CRM,High Risk
2022-06-07,CRM,High Risk
2022-06-08,CRM,High Risk
2022-06-09,CRM,High Risk
2022-06-10,CRM,High Risk
2022-06-13,CRM,High Risk
2022-06-14,CRM,High Risk
2022-06-15,CRM,High Risk
2022-06-16,CRM,High Risk
2022-06-17,CRM,High Risk
2022-06-21,CRM,High Risk
2022-06-22,CRM,High Risk
2022-06-23,CRM,High Risk
2022-06-24,CRM,High Risk
2022-06-27,CRM,High Risk
2022-06-28,CRM,High Risk
2022-06-29,CRM,High Risk
2022-06-30,CRM,High Risk
2022-07-01,CRM,High Risk
2022-07-05,CRM,High Risk
2022-07-06,CRM,High Risk
2022-07-07,CRM,High Risk
2022-07-08,CRM,High Risk
2022-07-11,CRM,High Risk
2022-07-12,CRM,High Risk
2022-07-13,CRM,High Risk
2022-07-14,CRM,High Risk
2022-07-15,CRM,High Risk
2022-07-18,CRM,High Risk
2022-07-19,CRM,High Risk
2022-07-20,CRM,High Risk
2022-07-21,CRM,High Risk
2022-07-22,CRM,High Risk
2022-07-25,CRM,High Risk
2022-07-26,CRM,High Risk
2022-07-27,CRM,High Risk
2022-07-28,CRM,High Risk
2022-07-29,CRM,High Risk
2022-08-01,CRM,High Risk
2022-08-02,CRM,High Risk
2022-08-03,CRM,High Risk
2022-08-04,CRM,High Risk
2022-08-05,CRM,High Risk
2022-08-08,CRM,High Risk
2022-08-09,CRM,High Risk
2022-08-10,CRM,High Risk
2022-08-11,CRM,High Risk
2022-08-12,CRM,High Risk
2022-08-15,CRM,High Risk
2022-08-16,CRM,High Risk
2022-08-17,CRM,High Risk
2022-08-18,CRM,High Risk
2022-08-19,CRM,High Risk
2022-08-22,CRM,High Risk
2022-08-23,CRM,High Risk
2022-08-24,CRM,High Risk
2022-08-25,CRM,High Risk
2022-08-26,CRM,High Risk
2022-08-29,CRM,High Risk
2022-08-30,CRM,High Risk
2022-08-31,CRM,High Risk
2022-09-01,CRM,High Risk
2022-09-02,CRM,High Risk
2022-09-06,CRM,High Risk
2022-09-07,CRM,High Risk
2022-09-08,CRM,High Risk
2022-09-09,CRM,High Risk
2022-09-12,CRM,High Risk
2022-09-13,CRM,High Risk
2022-09-14,CRM,High Risk
2022-09-15,CRM,High Risk
2022-09-16,CRM,High Risk
2022-09-19,CRM,High Risk
2022-09-20,CRM,High Risk
2022-09-21,CRM,High Risk
2022-09-22,CRM,High Risk
2022-09-23,CRM,High Risk
2022-09-26,CRM,High Risk
2022-09-27,CRM,High Risk
2022-09-28,CRM,High Risk
2022-09-29,CRM,High Risk
2022-09-30,CRM,High Risk
2022-10-03,CRM,High Risk
2022-10-04,CRM,High Risk
2022-10-05,CRM,High Risk
2022-10-06,CRM,High Risk
2022-10-07,CRM,High Risk
2022-10-10,CRM,High Risk
2022-10-11,CRM,High Risk
2022-10-12,CRM,High Risk
2022-10-13,CRM,High Risk
2022-10-14,CRM,High Risk
2022-10-17,CRM,High Risk
2022-10-18,CRM,High Risk
2022-10-19,CRM,High Risk
2022-10-20,CRM,High Risk
2022-10-21,CRM,High Risk
2022-10-24,CRM,High Risk
2022-10-25,CRM,High Risk
2022-10-26,CRM,High Risk
2022-10-27,CRM,High Risk
2022-10-28,CRM,High Risk
2022-10-31,CRM,High Risk
2022-11-01,CRM,High Risk
2022-11-02,CRM,High Risk
2022-11-03,CRM,High Risk
2022-11-04,CRM,High Risk
2022-11-07,CRM,High Risk
2022-11-08,CRM,High Risk
2022-11-09,CRM,High Risk
2022-11-10,CRM,High Risk
2022-11-11,CRM,High Risk
2022-11-14,CRM,High Risk
2022-11-15,CRM,High Risk
2022-11-16,CRM,High Risk
2022-11-17,CRM,High Risk
2022-11-18,CRM,High Risk
2022-11-21,CRM,High Risk
2022-11-22,CRM,High Risk
2022-11-23,CRM,High Risk
2022-11-25,CRM,High Risk
2022-11-28,CRM,High Risk
2022-11-29,CRM,High Risk
2022-11-30,CRM,High Risk
2022-12-01,CRM,High Risk
2022-12-02,CRM,High Risk
2022-12-05,CRM,High Risk
2022-12-06,CRM,High Risk
2022-12-07,CRM,High Risk
2022-12-08,CRM,High Risk
2022-12-09,CRM,High Risk
2022-12-12,CRM,High Risk
2022-12-13,CRM,High Risk
2022-12-14,CRM,High Risk
2022-12-15,CRM,High Risk
2022-12-16,CRM,High Risk
2022-12-19,CRM,High Risk
2022-12-20,CRM,High Risk
2022-12-21,CRM,High Risk
2022-12-22,CRM,High Risk
2022-12-23,CRM,High Risk
2022-12-27,CRM,High Risk
2022-12-28,CRM,High Risk
2022-12-29,CRM,High Risk
2022-12-30,CRM,High Risk
2023-01-03,CRM,High Risk
2023-01-04,CRM,High Risk
2023-01-05,CRM,High Risk
2023-01-06,CRM,High Risk
2023-01-09,CRM,High Risk
2023-01-10,CRM,High Risk
2023-01-11,CRM,High Risk
2023-01-12,CRM,High Risk
2023-01-13,CRM,High Risk
2023-01-17,CRM,High Risk
2023-01-18,CRM,High Risk
2023-01-19,CRM,High Risk
2023-01-20,CRM,High Risk
2023-01-23,CRM,High Risk
2023-01-24,CRM,High Risk
2023-01-25,CRM,High Risk
2023-01-26,CRM,High Risk
2023-01-27,CRM,High Risk
2023-01-30,CRM,High Risk
2023-01-31,CRM,High Risk
2023-02-01,CRM,High Risk
2023-02-02,CRM,High Risk
2023-02-03,CRM,High Risk
2023-02-06,CRM,High Risk
2023-02-07,CRM,High Risk
2023-02-08,CRM,High Risk
2023-02-09,CRM,High Risk
2023-02-10,CRM,High Risk
2023-02-13,CRM,High Risk
2023-02-14,CRM,High Risk
2023-02-15,CRM,High Risk
2023-02-16,CRM,High Risk
2023-02-17,CRM,High Risk
2023-02-21,CRM,High Risk
2023-02-22,CRM,High Risk
2023-02-23,CRM,High Risk
2023-02-24,CRM,High Risk
2023-02-27,CRM,High Risk
2023-02-28,CRM,High Risk
2023-03-01,CRM,High Risk
2023-03-02,CRM,High Risk
2023-03-03,CRM,High Risk
2023-03-06,CRM,High Risk
2023-03-07,CRM,High Risk
2023-03-08,CRM,High Risk
2023-03-09,CRM,High Risk
2023-03-10,CRM,High Risk
2023-03-13,CRM,High Risk
2023-03-14,CRM,High Risk
2023-03-15,CRM,High Risk
2023-03-16,CRM,High Risk
2023-03-17,CRM,High Risk
2023-03-20,CRM,High Risk
2023-03-21,CRM,High Risk
2023-03-22,CRM,High Risk
2023-03-23,CRM,High Risk
2023-03-24,CRM,High Risk
2023-03-27,CRM,High Risk
2023-03-28,CRM,High Risk
2023-03-29,CRM,High Risk
2023-03-30,CRM,High Risk
2023-03-31,CRM,High Risk
2023-04-03,CRM,High Risk
2023-04-04,CRM,High Risk
2023-04-05,CRM,High Risk
2023-04-06,CRM,High Risk
2023-04-10,CRM,High Risk
2023-04-11,CRM,High Risk
2023-04-12,CRM,High Risk
2023-04-13,CRM,High Risk
2023-04-14,CRM,High Risk
2023-04-17,CRM,High Risk
2023-04-18,CRM,High Risk
2023-04-19,CRM,High Risk
2023-04-20,CRM,High Risk
2023-04-21,CRM,High Risk
2023-04-24,CRM,High Risk
2023-04-25,CRM,High Risk
2023-04-26,CRM,High Risk
2023-04-27,CRM,High Risk
2023-04-28,CRM,High Risk
2023-05-01,CRM,High Risk
2023-05-02,CRM,High Risk
2023-05-03,CRM,High Risk
2023-05-04,CRM,High Risk
2023-05-05,CRM,High Risk
2023-05-08,CRM,High Risk
2023-05-09,CRM,High Risk
2023-05-10,CRM,High Risk
2023-05-11,CRM,High Risk
2023-05-12,CRM,High Risk
2023-05-15,CRM,High Risk
2023-05-16,CRM,High Risk
2023-05-17,CRM,High Risk
2023-05-18,CRM,High Risk
2023-05-19,CRM,High Risk
2023-05-22,CRM,High Risk
2023-05-23,CRM,High Risk
2023-05-24,CRM,High Risk
2023-05-25,CRM,High Risk
2023-05-26,CRM,High Risk
2023-05-30,CRM,High Risk
2023-05-31,CRM,High Risk
2023-06-01,CRM,High Risk
2023-06-02,CRM,High Risk
2023-06-05,CRM,High Risk
2023-06-06,CRM,High Risk
2023-06-07,CRM,High Risk
2023-06-08,CRM,High Risk
2023-06-09,CRM,High Risk
2023-06-12,CRM,High Risk
2023-06-13,CRM,High Risk
2023-06-14,CRM,High Risk
2023-06-15,CRM,High Risk
2023-06-16,CRM,High Risk
2023-06-20,CRM,High Risk
2023-06-21,CRM,High Risk
2023-06-22,CRM,High Risk
2023-06-23,CRM,High Risk
2023-06-26,CRM,High Risk
2023-06-27,CRM,High Risk
2023-06-28,CRM,High Risk
2023-06-29,CRM,High Risk
2023-06-30,CRM,High Risk
2023-07-03,CRM,High Risk
2023-07-05,CRM,High Risk
2023-07-06,CRM,High Risk
2023-07-07,CRM,High Risk
2023-07-10,CRM,High Risk
2023-07-11,CRM,High Risk
2023-07-12,CRM,High Risk
2023-07-13,CRM,High Risk
2023-07-14,CRM,High Risk
2023-07-17,CRM,High Risk
2023-07-18,CRM,High Risk
2023-07-19,CRM,High Risk
2023-07-20,CRM,High Risk
2023-07-21,CRM,High Risk
2023-07-24,CRM,High Risk
2023-07-25,CRM,High Risk
2023-07-26,CRM,High Risk
2023-07-27,CRM,High Risk
2023-07-28,CRM,High Risk
2023-07-31,CRM,High Risk
2023-08-01,CRM,High Risk
2023-08-02,CRM,High Risk
2023-08-03,CRM,High Risk
2023-08-04,CRM,High Risk
2023-08-07,CRM,High Risk
2023-08-08,CRM,High Risk
2023-08-09,CRM,High Risk
2023-08-10,CRM,High Risk
2023-08-11,CRM,High Risk
2023-08-14,CRM,High Risk
2023-08-15,CRM,High Risk
2023-08-16,CRM,High Risk
2023-08-17,CRM,High Risk
2023-08-18,CRM,High Risk
2023-08-21,CRM,High Risk
2023-08-22,CRM,High Risk
2023-08-23,CRM,High Risk
2023-08-24,CRM,High Risk
2023-08-25,CRM,High Risk
2023-08-28,CRM,High Risk
2023-08-29,CRM,High Risk
2023-08-30,CRM,High Risk
2023-08-31,CRM,High Risk
2023-09-01,CRM,High Risk
2023-09-05,CRM,High Risk
2023-09-06,CRM,High Risk
2023-09-07,CRM,High Risk
2023-09-08,CRM,High Risk
2023-09-11,CRM,High Risk
2023-09-12,CRM,High Risk
2023-09-13,CRM,High Risk
2023-09-14,CRM,High Risk
2023-09-15,CRM,High Risk
2023-09-18,CRM,High Risk
2023-09-19,CRM,High Risk
2023-09-20,CRM,High Risk
2023-09-21,CRM,High Risk
2023-09-22,CRM,High Risk
2023-09-25,CRM,High Risk
2023-09-26,CRM,High Risk
2023-09-27,CRM,High Risk
2023-09-28,CRM,High Risk
2023-09-29,CRM,High Risk
2023-10-02,CRM,High Risk
2023-10-03,CRM,High Risk
2023-10-04,CRM,High Risk
2023-10-05,CRM,High Risk
2023-10-06,CRM,High Risk
2023-10-09,CRM,High Risk
2023-10-10,CRM,High Risk
2023-10-11,CRM,High Risk
2023-10-12,CRM,High Risk
2023-10-13,CRM,High Risk
2023-10-16,CRM,High Risk
2023-10-17,CRM,High Risk
2023-10-18,CRM,High Risk
2023-10-19,CRM,High Risk
2023-10-20,CRM,High Risk
2023-10-23,CRM,High Risk
2023-10-24,CRM,High Risk
2023-10-25,CRM,High Risk
2023-10-26,CRM,High Risk
2023-10-27,CRM,High Risk
2023-10-30,CRM,High Risk
2023-10-31,CRM,High Risk
2023-11-01,CRM,High Risk
2023-11-02,CRM,High Risk
2023-11-03,CRM,High Risk
2023-11-06,CRM,High Risk
2023-11-07,CRM,High Risk
2023-11-08,CRM,High Risk
2023-11-09,CRM,High Risk
2023-11-10,CRM,High Risk
2023-11-13,CRM,High Risk
2023-11-14,CRM,High Risk
2023-11-15,CRM,High Risk
2023-11-16,CRM,High Risk
2023-11-17,CRM,High Risk
2023-11-20,CRM,High Risk
2023-11-21,CRM,High Risk
2023-11-22,CRM,High Risk
2023-11-24,CRM,High Risk
2023-11-27,CRM,High Risk
2023-11-28,CRM,High Risk
2023-11-29,CRM,High Risk
2023-11-30,CRM,High Risk
2023-12-01,CRM,High Risk
2023-12-04,CRM,High Risk
2023-12-05,CRM,High Risk
2023-12-06,CRM,High Risk
2023-12-07,CRM,High Risk
2023-12-08,CRM,High Risk
2023-12-11,CRM,High Risk
2023-12-12,CRM,High Risk
2023-12-13,CRM,High Risk
2023-12-14,CRM,High Risk
2023-12-15,CRM,High Risk
2023-12-18,CRM,High Risk
2023-12-19,CRM,High Risk
2023-12-20,CRM,High Risk
2023-12-21,CRM,High Risk
2023-12-22,CRM,High Risk
2023-12-26,CRM,High Risk
2023-12-27,CRM,High Risk
2023-12-28,CRM,High Risk
2023-12-29,CRM,High Risk
2024-01-02,CRM,High Risk
2024-01-03,CRM,High Risk
2024-01-04,CRM,High Risk
2024-01-05,CRM,High Risk
2024-01-08,CRM,High Risk
2024-01-09,CRM,High Risk
2024-01-10,CRM,High Risk
2024-01-11,CRM,High Risk
2024-01-12,CRM,High Risk
2024-01-16,CRM,High Risk
2024-01-17,CRM,High Risk
2024-01-18,CRM,High Risk
2024-01-19,CRM,High Risk
2024-01-22,CRM,High Risk
2024-01-23,CRM,High Risk
2024-01-24,CRM,High Risk
2024-01-25,CRM,High Risk
2024-01-26,CRM,High Risk
2024-01-29,CRM,High Risk
2024-01-30,CRM,High Risk
2024-01-31,CRM,High Risk
2024-02-01,CRM,High Risk
2024-02-02,CRM,High Risk
2024-02-05,CRM,High Risk
2024-02-06,CRM,High Risk
2024-02-07,CRM,High Risk
2024-02-08,CRM,High Risk
2024-02-09,CRM,High Risk
2024-02-12,CRM,High Risk
2024-02-13,CRM,High Risk
2024-02-14,CRM,High Risk
2024-02-15,CRM,High Risk
2024-02-16,CRM,High Risk
2024-02-20,CRM,High Risk
2024-02-21,CRM,High Risk
2024-02-22,CRM,High Risk
2024-02-23,CRM,High Risk
2024-02-26,CRM,High Risk
2024-02-27,CRM,High Risk
2024-02-28,CRM,High Risk
2024-02-29,CRM,High Risk
2024-03-01,CRM,High Risk
2024-03-04,CRM,High Risk
2024-03-05,CRM,High Risk
2024-03-06,CRM,High Risk
2024-03-07,CRM,High Risk
2024-03-08,CRM,High Risk
2024-03-11,CRM,High Risk
2024-03-12,CRM,High Risk
2024-03-13,CRM,High Risk
2024-03-14,CRM,High Risk
2024-03-15,CRM,High Risk
2024-03-18,CRM,High Risk
2024-03-19,CRM,High Risk
2024-03-20,CRM,High Risk
2024-03-21,CRM,High Risk
2024-03-22,CRM,High Risk
2024-03-25,CRM,Low Risk
2024-03-26,CRM,Low Risk
2024-03-27,CRM,High Risk
2024-03-28,CRM,High Risk
2024-04-01,CRM,High Risk
2024-04-02,CRM,High Risk
2024-04-03,CRM,High Risk
2024-04-04,CRM,High Risk
2024-04-05,CRM,High Risk
2024-04-08,CRM,High Risk
2024-04-09,CRM,High Risk
2024-04-10,CRM,High Risk
2024-04-11,CRM,High Risk
2024-04-12,CRM,High Risk
2024-04-15,CRM,High Risk
2024-04-16,CRM,High Risk
2024-04-17,CRM,High Risk
2024-04-18,CRM,High Risk
2024-04-19,CRM,High Risk
2024-04-22,CRM,High Risk
2024-04-23,CRM,High Risk
2024-04-24,CRM,High Risk
2024-04-25,CRM,High Risk
2024-04-26,CRM,High Risk
2024-04-29,CRM,High Risk
2024-04-30,CRM,High Risk
2024-05-01,CRM,High Risk
2024-05-02,CRM,High Risk
2024-05-03,CRM,High Risk
2024-05-06,CRM,High Risk
2024-05-07,CRM,High Risk
2024-05-08,CRM,High Risk
2024-05-09,CRM,High Risk
2024-05-10,CRM,High Risk
2024-05-13,CRM,High Risk
2024-05-14,CRM,High Risk
2024-05-15,CRM,High Risk
2024-05-16,CRM,High Risk
2024-05-17,CRM,High Risk
2024-05-20,CRM,High Risk
2024-05-21,CRM,High Risk
2024-05-22,CRM,High Risk
2024-05-23,CRM,High Risk
2024-05-24,CRM,High Risk
2024-05-28,CRM,High Risk
2024-05-29,CRM,High Risk
2024-05-30,CRM,High Risk
2024-05-31,CRM,High Risk
2024-06-03,CRM,High Risk
2024-06-04,CRM,High Risk
2024-06-05,CRM,High Risk
2024-06-06,CRM,High Risk
2024-06-07,CRM,High Risk
2024-06-10,CRM,High Risk
2024-06-11,CRM,High Risk
2024-06-12,CRM,High Risk
2024-06-13,CRM,High Risk
2024-06-14,CRM,High Risk
2024-06-17,CRM,High Risk
2024-06-18,CRM,High Risk
2024-06-20,CRM,High Risk
2024-06-21,CRM,High Risk
2024-06-24,CRM,High Risk
2024-06-25,CRM,High Risk
2024-06-26,CRM,High Risk
2024-06-27,CRM,High Risk
2024-06-28,CRM,High Risk
2024-07-01,CRM,High Risk
2024-07-02,CRM,High Risk
2024-07-03,CRM,High Risk
2024-07-05,CRM,High Risk
2024-07-08,CRM,High Risk
2024-07-09,CRM,High Risk
2024-07-10,CRM,High Risk
2024-07-11,CRM,High Risk
2024-07-12,CRM,High Risk
2024-07-15,CRM,High Risk
2024-07-16,CRM,High Risk
2024-07-17,CRM,High Risk
2024-07-18,CRM,High Risk
2024-07-19,CRM,High Risk
2024-07-22,CRM,High Risk
2024-07-23,CRM,High Risk
2024-07-24,CRM,High Risk
2024-07-25,CRM,High Risk
2024-07-26,CRM,High Risk
2024-07-29,CRM,High Risk
2024-07-30,CRM,High Risk
2024-07-31,CRM,High Risk
2024-08-01,CRM,High Risk
2024-08-02,CRM,High Risk
2024-08-05,CRM,High Risk
2024-08-06,CRM,High Risk
2024-08-07,CRM,High Risk
2024-08-08,CRM,High Risk
2024-08-09,CRM,High Risk
2024-08-12,CRM,High Risk
2024-08-13,CRM,High Risk
2024-08-14,CRM,High Risk
2024-08-15,CRM,High Risk
2024-08-16,CRM,High Risk
2024-08-19,CRM,High Risk
2024-08-20,CRM,High Risk
2024-08-21,CRM,High Risk
2024-08-22,CRM,High Risk
2024-08-23,CRM,High Risk
2024-08-26,CRM,High Risk
2024-08-27,CRM,High Risk
2024-08-28,CRM,High Risk
2024-08-29,CRM,High Risk
2024-08-30,CRM,High Risk
2024-09-03,CRM,High Risk
2024-09-04,CRM,High Risk
2024-09-05,CRM,High Risk
2024-09-06,CRM,High Risk
2024-09-09,CRM,High Risk
2024-09-10,CRM,High Risk
2024-09-11,CRM,High Risk
2024-09-12,CRM,High Risk
2024-09-13,CRM,High Risk
2024-09-16,CRM,High Risk
2024-09-17,CRM,High Risk
2024-09-18,CRM,High Risk
2024-09-19,CRM,High Risk
2024-09-20,CRM,High Risk
2024-09-23,CRM,High Risk
2024-09-24,CRM,High Risk
2024-09-25,CRM,High Risk
2024-09-26,CRM,High Risk
2024-09-27,CRM,High Risk
2024-09-30,CRM,High Risk
2024-10-01,CRM,High Risk
2024-10-02,CRM,High Risk
2024-10-03,CRM,High Risk
2024-10-04,CRM,High Risk
2024-10-07,CRM,High Risk
2024-10-08,CRM,High Risk
2024-10-09,CRM,High Risk
2024-10-10,CRM,High Risk
2024-10-11,CRM,High Risk
2024-10-14,CRM,High Risk
2024-10-15,CRM,High Risk
2024-10-16,CRM,High Risk
2024-10-17,CRM,High Risk
2024-10-18,CRM,High Risk
2024-10-21,CRM,High Risk
2024-10-22,CRM,High Risk
2024-10-23,CRM,High Risk
2024-10-24,CRM,High Risk
2024-10-25,CRM,High Risk
2024-10-28,CRM,High Risk
2024-10-29,CRM,High Risk
2024-10-30,CRM,High Risk
2024-10-31,CRM,High Risk
2024-11-01,CRM,High Risk
2024-11-04,CRM,High Risk
2024-11-05,CRM,High Risk
2024-11-06,CRM,High Risk
2024-11-07,CRM,High Risk
2024-11-08,CRM,High Risk
2024-11-11,CRM,Low Risk
2024-11-12,CRM,Low Risk
2024-11-13,CRM,Low Risk
2024-11-14,CRM,Low Risk
2024-11-15,CRM,Low Risk
2024-11-18,CRM,Low Risk
2024-11-19,CRM,Low Risk
2024-11-20,CRM,Low Risk
2024-11-21,CRM,Low Risk
2024-11-22,CRM,Low Risk
2024-11-25,CRM,Low Risk
2024-11-26,CRM,Low Risk
2024-11-27,CRM,Low Risk
2024-11-29,CRM,Low Risk
2024-12-02,CRM,Low Risk
2024-12-03,CRM,Low Risk
2024-12-04,CRM,Low Risk
2024-12-05,CRM,Low Risk
2024-12-06,CRM,Low Risk
2024-12-09,CRM,Low Risk
2024-12-10,CRM,Low Risk
2024-12-11,CRM,Low Risk
2024-12-12,CRM,Low Risk
2024-12-13,CRM,Low Risk
2024-12-16,CRM,Low Risk
2024-12-17,CRM,Low Risk
2024-12-18,CRM,Low Risk
2024-12-19,CRM,Low Risk
2024-12-20,CRM,Low Risk
2024-12-23,CRM,Low Risk
2024-12-24,CRM,Low Risk
2024-12-26,CRM,Low Risk
2024-12-27,CRM,Low Risk
2024-12-30,CRM,Low Risk
2024-12-31,CRM,Low Risk
2025-01-02,CRM,Low Risk
2025-01-03,CRM,Low Risk
2025-01-06,CRM,Low Risk
2025-01-07,CRM,Low Risk
2025-01-08,CRM,Low Risk
2025-01-10,CRM,Low Risk
2025-01-13,CRM,Low Risk
2025-01-14,CRM,Low Risk
2025-01-15,CRM,Low Risk
2025-01-16,CRM,Low Risk
2025-01-17,CRM,Low Risk
2025-01-21,CRM,Low Risk
2025-01-22,CRM,Low Risk
2025-01-23,CRM,Low Risk
2025-01-24,CRM,Low Risk
2025-01-27,CRM,Low Risk
2025-01-28,CRM,Low Risk
2025-01-29,CRM,Low Risk
2025-01-30,CRM,Low Risk
2025-01-31,CRM,Low Risk
2025-02-03,CRM,Low Risk
2025-02-04,CRM,Low Risk
2025-02-05,CRM,Low Risk
2025-02-06,CRM,Low Risk
2025-02-07,CRM,Low Risk
2025-02-10,CRM,Low Risk
2025-02-11,CRM,Low Risk
2025-02-12,CRM,Low Risk
2025-02-13,CRM,Low Risk
2025-02-14,CRM,Low Risk
2025-02-18,CRM,Low Risk
2025-02-19,CRM,Low Risk
2025-02-20,CRM,Low Risk
2025-02-21,CRM,Low Risk
2025-02-24,CRM,Low Risk
2025-02-25,CRM,Low Risk
2025-02-26,CRM,Low Risk
2025-02-27,CRM,Low Risk
2025-02-28,CRM,Low Risk
2025-03-03,CRM,Low Risk
2025-03-04,CRM,High Risk
2025-03-05,CRM,High Risk
2025-03-06,CRM,High Risk
2025-03-07,CRM,High Risk
2025-03-10,CRM,High Risk
2025-03-11,CRM,High Risk
2025-03-12,CRM,High Risk
2025-03-13,CRM,High Risk
2025-03-14,CRM,High Risk
2025-03-17,CRM,High Risk
2025-03-18,CRM,High Risk
2025-03-19,CRM,High Risk
2025-03-20,CRM,High Risk
2025-03-21,CRM,High Risk
2025-03-24,CRM,High Risk
2025-03-25,CRM,High Risk
2025-03-26,CRM,High Risk
2025-03-27,CRM,High Risk
2025-03-28,CRM,High Risk
2025-03-31,CRM,High Risk
2025-04-01,CRM,High Risk
2025-04-02,CRM,High Risk
2025-04-03,CRM,High Risk
2025-04-04,CRM,High Risk
2025-04-07,CRM,High Risk
2025-04-08,CRM,High Risk
2025-04-09,CRM,High Risk
2025-04-10,CRM,High Risk
2025-04-11,CRM,High Risk
2025-04-14,CRM,High Risk
2025-04-15,CRM,High Risk
2025-04-16,CRM,High Risk
2025-04-17,CRM,High Risk
2025-04-21,CRM,High Risk
2025-04-22,CRM,High Risk
2025-04-23,CRM,High Risk
2025-04-24,CRM,High Risk
2025-04-25,CRM,High Risk
2025-04-28,CRM,High Risk
2025-04-29,CRM,High Risk
2025-04-30,CRM,High Risk
2025-05-01,CRM,High Risk
2025-05-02,CRM,High Risk
2025-05-05,CRM,High Risk
2025-05-06,CRM,High Risk
2025-05-07,CRM,High Risk
2025-05-08,CRM,High Risk
2025-05-09,CRM,High Risk
2022-01-03,CSCO,Medium Risk
2022-01-04,CSCO,Medium Risk
2022-01-05,CSCO,Medium Risk
2022-01-06,CSCO,Medium Risk
2022-01-07,CSCO,Medium Risk
2022-01-10,CSCO,Medium Risk
2022-01-11,CSCO,Medium Risk
2022-01-12,CSCO,Medium Risk
2022-01-13,CSCO,Medium Risk
2022-01-14,CSCO,Medium Risk
2022-01-18,CSCO,Medium Risk
2022-01-19,CSCO,Medium Risk
2022-01-20,CSCO,Medium Risk
2022-01-21,CSCO,Medium Risk
2022-01-24,CSCO,Medium Risk
2022-01-25,CSCO,Medium Risk
2022-01-26,CSCO,Medium Risk
2022-01-27,CSCO,Medium Risk
2022-01-28,CSCO,Medium Risk
2022-01-31,CSCO,Medium Risk
2022-02-01,CSCO,Medium Risk
2022-02-02,CSCO,Medium Risk
2022-02-03,CSCO,Medium Risk
2022-02-04,CSCO,Medium Risk
2022-02-07,CSCO,Medium Risk
2022-02-08,CSCO,Medium Risk
2022-02-09,CSCO,Medium Risk
2022-02-10,CSCO,Medium Risk
2022-02-11,CSCO,Medium Risk
2022-02-14,CSCO,Medium Risk
2022-02-15,CSCO,Medium Risk
2022-02-16,CSCO,Medium Risk
2022-02-17,CSCO,Medium Risk
2022-02-18,CSCO,Medium Risk
2022-02-22,CSCO,Medium Risk
2022-02-23,CSCO,Medium Risk
2022-02-24,CSCO,Medium Risk
2022-02-25,CSCO,Medium Risk
2022-02-28,CSCO,Medium Risk
2022-03-01,CSCO,Medium Risk
2022-03-02,CSCO,Medium Risk
2022-03-03,CSCO,Medium Risk
2022-03-04,CSCO,Medium Risk
2022-03-07,CSCO,Medium Risk
2022-03-08,CSCO,Medium Risk
2022-03-09,CSCO,Medium Risk
2022-03-10,CSCO,Medium Risk
2022-03-11,CSCO,Medium Risk
2022-03-14,CSCO,Medium Risk
2022-03-15,CSCO,Medium Risk
2022-03-16,CSCO,Medium Risk
2022-03-17,CSCO,Medium Risk
2022-03-18,CSCO,Medium Risk
2022-03-21,CSCO,Medium Risk
2022-03-22,CSCO,Medium Risk
2022-03-23,CSCO,Medium Risk
2022-03-24,CSCO,Medium Risk
2022-03-25,CSCO,Medium Risk
2022-03-28,CSCO,Medium Risk
2022-03-29,CSCO,Medium Risk
2022-03-30,CSCO,Medium Risk
2022-03-31,CSCO,Medium Risk
2022-04-01,CSCO,Medium Risk
2022-04-04,CSCO,Medium Risk
2022-04-05,CSCO,Medium Risk
2022-04-06,CSCO,Medium Risk
2022-04-07,CSCO,Medium Risk
2022-04-08,CSCO,Medium Risk
2022-04-11,CSCO,Medium Risk
2022-04-12,CSCO,Medium Risk
2022-04-13,CSCO,Medium Risk
2022-04-14,CSCO,Medium Risk
2022-04-18,CSCO,Medium Risk
2022-04-19,CSCO,Medium Risk
2022-04-20,CSCO,Medium Risk
2022-04-21,CSCO,Medium Risk
2022-04-22,CSCO,Medium Risk
2022-04-25,CSCO,Medium Risk
2022-04-26,CSCO,Medium Risk
2022-04-27,CSCO,Medium Risk
2022-04-28,CSCO,Medium Risk
2022-04-29,CSCO,Medium Risk
2022-05-02,CSCO,Medium Risk
2022-05-03,CSCO,Medium Risk
2022-05-04,CSCO,Medium Risk
2022-05-05,CSCO,Medium Risk
2022-05-06,CSCO,Medium Risk
2022-05-09,CSCO,Medium Risk
2022-05-10,CSCO,Medium Risk
2022-05-11,CSCO,Medium Risk
2022-05-12,CSCO,Medium Risk
2022-05-13,CSCO,Medium Risk
2022-05-16,CSCO,Medium Risk
2022-05-17,CSCO,Medium Risk
2022-05-18,CSCO,Medium Risk
2022-05-19,CSCO,Medium Risk
2022-05-20,CSCO,Medium Risk
2022-05-23,CSCO,Medium Risk
2022-05-24,CSCO,Medium Risk
2022-05-25,CSCO,Medium Risk
2022-05-26,CSCO,Medium Risk
2022-05-27,CSCO,Medium Risk
2022-05-31,CSCO,Medium Risk
2022-06-01,CSCO,Medium Risk
2022-06-02,CSCO,Medium Risk
2022-06-03,CSCO,Medium Risk
2022-06-06,CSCO,Medium Risk
2022-06-07,CSCO,Medium Risk
2022-06-08,CSCO,Medium Risk
2022-06-09,CSCO,Medium Risk
2022-06-10,CSCO,Medium Risk
2022-06-13,CSCO,Medium Risk
2022-06-14,CSCO,Medium Risk
2022-06-15,CSCO,Medium Risk
2022-06-16,CSCO,Medium Risk
2022-06-17,CSCO,Medium Risk
2022-06-21,CSCO,Medium Risk
2022-06-22,CSCO,Medium Risk
2022-06-23,CSCO,Medium Risk
2022-06-24,CSCO,Medium Risk
2022-06-27,CSCO,Medium Risk
2022-06-28,CSCO,Medium Risk
2022-06-29,CSCO,Medium Risk
2022-06-30,CSCO,Medium Risk
2022-07-01,CSCO,Medium Risk
2022-07-05,CSCO,Medium Risk
2022-07-06,CSCO,Medium Risk
2022-07-07,CSCO,Medium Risk
2022-07-08,CSCO,Medium Risk
2022-07-11,CSCO,Medium Risk
2022-07-12,CSCO,Medium Risk
2022-07-13,CSCO,Medium Risk
2022-07-14,CSCO,Medium Risk
2022-07-15,CSCO,Medium Risk
2022-07-18,CSCO,Medium Risk
2022-07-19,CSCO,Medium Risk
2022-07-20,CSCO,Medium Risk
2022-07-21,CSCO,Medium Risk
2022-07-22,CSCO,Medium Risk
2022-07-25,CSCO,Medium Risk
2022-07-26,CSCO,Medium Risk
2022-07-27,CSCO,Medium Risk
2022-07-28,CSCO,Medium Risk
2022-07-29,CSCO,Medium Risk
2022-08-01,CSCO,Medium Risk
2022-08-02,CSCO,Medium Risk
2022-08-03,CSCO,Medium Risk
2022-08-04,CSCO,Medium Risk
2022-08-05,CSCO,Medium Risk
2022-08-08,CSCO,Medium Risk
2022-08-09,CSCO,Medium Risk
2022-08-10,CSCO,Medium Risk
2022-08-11,CSCO,Medium Risk
2022-08-12,CSCO,Medium Risk
2022-08-15,CSCO,Medium Risk
2022-08-16,CSCO,Medium Risk
2022-08-17,CSCO,Medium Risk
2022-08-18,CSCO,Medium Risk
2022-08-19,CSCO,Medium Risk
2022-08-22,CSCO,Medium Risk
2022-08-23,CSCO,Medium Risk
2022-08-24,CSCO,Medium Risk
2022-08-25,CSCO,Medium Risk
2022-08-26,CSCO,Medium Risk
2022-08-29,CSCO,Medium Risk
2022-08-30,CSCO,Medium Risk
2022-08-31,CSCO,Medium Risk
2022-09-01,CSCO,Medium Risk
2022-09-02,CSCO,Medium Risk
2022-09-06,CSCO,Medium Risk
2022-09-07,CSCO,Medium Risk
2022-09-08,CSCO,Medium Risk
2022-09-09,CSCO,Medium Risk
2022-09-12,CSCO,Medium Risk
2022-09-13,CSCO,Medium Risk
2022-09-14,CSCO,Medium Risk
2022-09-15,CSCO,Medium Risk
2022-09-16,CSCO,Medium Risk
2022-09-19,CSCO,Medium Risk
2022-09-20,CSCO,Medium Risk
2022-09-21,CSCO,Medium Risk
2022-09-22,CSCO,Medium Risk
2022-09-23,CSCO,Medium Risk
2022-09-26,CSCO,Medium Risk
2022-09-27,CSCO,Medium Risk
2022-09-28,CSCO,Medium Risk
2022-09-29,CSCO,Medium Risk
2022-09-30,CSCO,Medium Risk
2022-10-03,CSCO,Medium Risk
2022-10-04,CSCO,Medium Risk
2022-10-05,CSCO,Medium Risk
2022-10-06,CSCO,Medium Risk
2022-10-07,CSCO,Medium Risk
2022-10-10,CSCO,Medium Risk
2022-10-11,CSCO,Medium Risk
2022-10-12,CSCO,Medium Risk
2022-10-13,CSCO,Medium Risk
2022-10-14,CSCO,Medium Risk
2022-10-17,CSCO,Medium Risk
2022-10-18,CSCO,Medium Risk
2022-10-19,CSCO,Medium Risk
2022-10-20,CSCO,Medium Risk
2022-10-21,CSCO,Medium Risk
2022-10-24,CSCO,Medium Risk
2022-10-25,CSCO,Medium Risk
2022-10-26,CSCO,Medium Risk
2022-10-27,CSCO,Medium Risk
2022-10-28,CSCO,Medium Risk
2022-10-31,CSCO,Medium Risk
2022-11-01,CSCO,Medium Risk
2022-11-02,CSCO,Medium Risk
2022-11-03,CSCO,Medium Risk
2022-11-04,CSCO,Medium Risk
2022-11-07,CSCO,Medium Risk
2022-11-08,CSCO,Medium Risk
2022-11-09,CSCO,Medium Risk
2022-11-10,CSCO,Medium Risk
2022-11-11,CSCO,Medium Risk
2022-11-14,CSCO,Medium Risk
2022-11-15,CSCO,Medium Risk
2022-11-16,CSCO,Medium Risk
2022-11-17,CSCO,Medium Risk
2022-11-18,CSCO,Medium Risk
2022-11-21,CSCO,Medium Risk
2022-11-22,CSCO,Medium Risk
2022-11-23,CSCO,Medium Risk
2022-11-25,CSCO,Medium Risk
2022-11-28,CSCO,Medium Risk
2022-11-29,CSCO,Medium Risk
2022-11-30,CSCO,Medium Risk
2022-12-01,CSCO,Medium Risk
2022-12-02,CSCO,Medium Risk
2022-12-05,CSCO,Medium Risk
2022-12-06,CSCO,Medium Risk
2022-12-07,CSCO,Medium Risk
2022-12-08,CSCO,Medium Risk
2022-12-09,CSCO,Medium Risk
2022-12-12,CSCO,Medium Risk
2022-12-13,CSCO,Medium Risk
2022-12-14,CSCO,Medium Risk
2022-12-15,CSCO,Medium Risk
2022-12-16,CSCO,Medium Risk
2022-12-19,CSCO,Medium Risk
2022-12-20,CSCO,Medium Risk
2022-12-21,CSCO,Medium Risk
2022-12-22,CSCO,Medium Risk
2022-12-23,CSCO,Medium Risk
2022-12-27,CSCO,Medium Risk
2022-12-28,CSCO,Medium Risk
2022-12-29,CSCO,Medium Risk
2022-12-30,CSCO,Medium Risk
2023-01-03,CSCO,Medium Risk
2023-01-04,CSCO,Medium Risk
2023-01-05,CSCO,Medium Risk
2023-01-06,CSCO,Medium Risk
2023-01-09,CSCO,Medium Risk
2023-01-10,CSCO,Medium Risk
2023-01-11,CSCO,Medium Risk
2023-01-12,CSCO,Medium Risk
2023-01-13,CSCO,Medium Risk
2023-01-17,CSCO,Medium Risk
2023-01-18,CSCO,Medium Risk
2023-01-19,CSCO,Medium Risk
2023-01-20,CSCO,Medium Risk
2023-01-23,CSCO,Medium Risk
2023-01-24,CSCO,Medium Risk
2023-01-25,CSCO,Medium Risk
2023-01-26,CSCO,Medium Risk
2023-01-27,CSCO,Medium Risk
2023-01-30,CSCO,Medium Risk
2023-01-31,CSCO,Medium Risk
2023-02-01,CSCO,Medium Risk
2023-02-02,CSCO,Medium Risk
2023-02-03,CSCO,Medium Risk
2023-02-06,CSCO,Medium Risk
2023-02-07,CSCO,Medium Risk
2023-02-08,CSCO,Medium Risk
2023-02-09,CSCO,Medium Risk
2023-02-10,CSCO,Medium Risk
2023-02-13,CSCO,Medium Risk
2023-02-14,CSCO,Medium Risk
2023-02-15,CSCO,Medium Risk
2023-02-16,CSCO,Medium Risk
2023-02-17,CSCO,Medium Risk
2023-02-21,CSCO,Medium Risk
2023-02-22,CSCO,Medium Risk
2023-02-23,CSCO,Medium Risk
2023-02-24,CSCO,Medium Risk
2023-02-27,CSCO,Medium Risk
2023-02-28,CSCO,Medium Risk
2023-03-01,CSCO,Medium Risk
2023-03-02,CSCO,Medium Risk
2023-03-03,CSCO,Medium Risk
2023-03-06,CSCO,Medium Risk
2023-03-07,CSCO,Medium Risk
2023-03-08,CSCO,Medium Risk
2023-03-09,CSCO,Medium Risk
2023-03-10,CSCO,Medium Risk
2023-03-13,CSCO,Medium Risk
2023-03-14,CSCO,Medium Risk
2023-03-15,CSCO,Medium Risk
2023-03-16,CSCO,Medium Risk
2023-03-17,CSCO,Medium Risk
2023-03-20,CSCO,Medium Risk
2023-03-21,CSCO,Medium Risk
2023-03-22,CSCO,Medium Risk
2023-03-23,CSCO,Medium Risk
2023-03-24,CSCO,Medium Risk
2023-03-27,CSCO,Medium Risk
2023-03-28,CSCO,Medium Risk
2023-03-29,CSCO,Medium Risk
2023-03-30,CSCO,Medium Risk
2023-03-31,CSCO,Medium Risk
2023-04-03,CSCO,Medium Risk
2023-04-04,CSCO,Medium Risk
2023-04-05,CSCO,Medium Risk
2023-04-06,CSCO,Medium Risk
2023-04-10,CSCO,Medium Risk
2023-04-11,CSCO,Medium Risk
2023-04-12,CSCO,Medium Risk
2023-04-13,CSCO,Medium Risk
2023-04-14,CSCO,Medium Risk
2023-04-17,CSCO,Medium Risk
2023-04-18,CSCO,Medium Risk
2023-04-19,CSCO,Medium Risk
2023-04-20,CSCO,Medium Risk
2023-04-21,CSCO,Medium Risk
2023-04-24,CSCO,Medium Risk
2023-04-25,CSCO,Medium Risk
2023-04-26,CSCO,Medium Risk
2023-04-27,CSCO,Medium Risk
2023-04-28,CSCO,Medium Risk
2023-05-01,CSCO,Medium Risk
2023-05-02,CSCO,Medium Risk
2023-05-03,CSCO,Medium Risk
2023-05-04,CSCO,Medium Risk
2023-05-05,CSCO,Medium Risk
2023-05-08,CSCO,Medium Risk
2023-05-09,CSCO,Medium Risk
2023-05-10,CSCO,Medium Risk
2023-05-11,CSCO,Medium Risk
2023-05-12,CSCO,Medium Risk
2023-05-15,CSCO,Medium Risk
2023-05-16,CSCO,Medium Risk
2023-05-17,CSCO,Medium Risk
2023-05-18,CSCO,Medium Risk
2023-05-19,CSCO,Medium Risk
2023-05-22,CSCO,Medium Risk
2023-05-23,CSCO,Medium Risk
2023-05-24,CSCO,Medium Risk
2023-05-25,CSCO,Medium Risk
2023-05-26,CSCO,Medium Risk
2023-05-30,CSCO,Medium Risk
2023-05-31,CSCO,Medium Risk
2023-06-01,CSCO,Medium Risk
2023-06-02,CSCO,Medium Risk
2023-06-05,CSCO,Medium Risk
2023-06-06,CSCO,Medium Risk
2023-06-07,CSCO,Medium Risk
2023-06-08,CSCO,Medium Risk
2023-06-09,CSCO,Medium Risk
2023-06-12,CSCO,Medium Risk
2023-06-13,CSCO,Medium Risk
2023-06-14,CSCO,Medium Risk
2023-06-15,CSCO,Medium Risk
2023-06-16,CSCO,Medium Risk
2023-06-20,CSCO,Medium Risk
2023-06-21,CSCO,Medium Risk
2023-06-22,CSCO,Medium Risk
2023-06-23,CSCO,Medium Risk
2023-06-26,CSCO,Medium Risk
2023-06-27,CSCO,Medium Risk
2023-06-28,CSCO,Medium Risk
2023-06-29,CSCO,Medium Risk
2023-06-30,CSCO,Medium Risk
2023-07-03,CSCO,Medium Risk
2023-07-05,CSCO,Medium Risk
2023-07-06,CSCO,Medium Risk
2023-07-07,CSCO,Medium Risk
2023-07-10,CSCO,Medium Risk
2023-07-11,CSCO,Medium Risk
2023-07-12,CSCO,Medium Risk
2023-07-13,CSCO,Medium Risk
2023-07-14,CSCO,Medium Risk
2023-07-17,CSCO,Medium Risk
2023-07-18,CSCO,Medium Risk
2023-07-19,CSCO,Medium Risk
2023-07-20,CSCO,Medium Risk
2023-07-21,CSCO,Medium Risk
2023-07-24,CSCO,Medium Risk
2023-07-25,CSCO,Medium Risk
2023-07-26,CSCO,Medium Risk
2023-07-27,CSCO,Medium Risk
2023-07-28,CSCO,Medium Risk
2023-07-31,CSCO,Medium Risk
2023-08-01,CSCO,Medium Risk
2023-08-02,CSCO,Medium Risk
2023-08-03,CSCO,Medium Risk
2023-08-04,CSCO,Medium Risk
2023-08-07,CSCO,Medium Risk
2023-08-08,CSCO,Medium Risk
2023-08-09,CSCO,Medium Risk
2023-08-10,CSCO,Medium Risk
2023-08-11,CSCO,Medium Risk
2023-08-14,CSCO,Medium Risk
2023-08-15,CSCO,Medium Risk
2023-08-16,CSCO,Medium Risk
2023-08-17,CSCO,Medium Risk
2023-08-18,CSCO,Medium Risk
2023-08-21,CSCO,Medium Risk
2023-08-22,CSCO,Medium Risk
2023-08-23,CSCO,Medium Risk
2023-08-24,CSCO,Medium Risk
2023-08-25,CSCO,Medium Risk
2023-08-28,CSCO,Medium Risk
2023-08-29,CSCO,Medium Risk
2023-08-30,CSCO,Medium Risk
2023-08-31,CSCO,Medium Risk
2023-09-01,CSCO,Medium Risk
2023-09-05,CSCO,Medium Risk
2023-09-06,CSCO,Medium Risk
2023-09-07,CSCO,Medium Risk
2023-09-08,CSCO,Medium Risk
2023-09-11,CSCO,Medium Risk
2023-09-12,CSCO,Medium Risk
2023-09-13,CSCO,Medium Risk
2023-09-14,CSCO,Medium Risk
2023-09-15,CSCO,Medium Risk
2023-09-18,CSCO,Medium Risk
2023-09-19,CSCO,Medium Risk
2023-09-20,CSCO,Medium Risk
2023-09-21,CSCO,Medium Risk
2023-09-22,CSCO,Medium Risk
2023-09-25,CSCO,Medium Risk
2023-09-26,CSCO,Medium Risk
2023-09-27,CSCO,Medium Risk
2023-09-28,CSCO,Medium Risk
2023-09-29,CSCO,Medium Risk
2023-10-02,CSCO,Medium Risk
2023-10-03,CSCO,Medium Risk
2023-10-04,CSCO,Medium Risk
2023-10-05,CSCO,Medium Risk
2023-10-06,CSCO,Medium Risk
2023-10-09,CSCO,Medium Risk
2023-10-10,CSCO,Medium Risk
2023-10-11,CSCO,Medium Risk
2023-10-12,CSCO,Medium Risk
2023-10-13,CSCO,Medium Risk
2023-10-16,CSCO,Medium Risk
2023-10-17,CSCO,Medium Risk
2023-10-18,CSCO,Medium Risk
2023-10-19,CSCO,Medium Risk
2023-10-20,CSCO,Medium Risk
2023-10-23,CSCO,Medium Risk
2023-10-24,CSCO,Medium Risk
2023-10-25,CSCO,Medium Risk
2023-10-26,CSCO,Medium Risk
2023-10-27,CSCO,Medium Risk
2023-10-30,CSCO,Medium Risk
2023-10-31,CSCO,Medium Risk
2023-11-01,CSCO,Medium Risk
2023-11-02,CSCO,Medium Risk
2023-11-03,CSCO,Medium Risk
2023-11-06,CSCO,Medium Risk
2023-11-07,CSCO,Medium Risk
2023-11-08,CSCO,Medium Risk
2023-11-09,CSCO,Medium Risk
2023-11-10,CSCO,Medium Risk
2023-11-13,CSCO,Medium Risk
2023-11-14,CSCO,Medium Risk
2023-11-15,CSCO,Medium Risk
2023-11-16,CSCO,Medium Risk
2023-11-17,CSCO,Medium Risk
2023-11-20,CSCO,Medium Risk
2023-11-21,CSCO,Medium Risk
2023-11-22,CSCO,Medium Risk
2023-11-24,CSCO,Medium Risk
2023-11-27,CSCO,Medium Risk
2023-11-28,CSCO,Medium Risk
2023-11-29,CSCO,Medium Risk
2023-11-30,CSCO,Medium Risk
2023-12-01,CSCO,Medium Risk
2023-12-04,CSCO,Medium Risk
2023-12-05,CSCO,Medium Risk
2023-12-06,CSCO,Medium Risk
2023-12-07,CSCO,Medium Risk
2023-12-08,CSCO,Medium Risk
2023-12-11,CSCO,Medium Risk
2023-12-12,CSCO,Medium Risk
2023-12-13,CSCO,Medium Risk
2023-12-14,CSCO,Medium Risk
2023-12-15,CSCO,Medium Risk
2023-12-18,CSCO,Medium Risk
2023-12-19,CSCO,Medium Risk
2023-12-20,CSCO,Medium Risk
2023-12-21,CSCO,Medium Risk
2023-12-22,CSCO,Medium Risk
2023-12-26,CSCO,Medium Risk
2023-12-27,CSCO,Medium Risk
2023-12-28,CSCO,Medium Risk
2023-12-29,CSCO,Medium Risk
2024-01-02,CSCO,Medium Risk
2024-01-03,CSCO,Medium Risk
2024-01-04,CSCO,Medium Risk
2024-01-05,CSCO,Medium Risk
2024-01-08,CSCO,Medium Risk
2024-01-09,CSCO,Medium Risk
2024-01-10,CSCO,Medium Risk
2024-01-11,CSCO,Medium Risk
2024-01-12,CSCO,Medium Risk
2024-01-16,CSCO,Medium Risk
2024-01-17,CSCO,Medium Risk
2024-01-18,CSCO,Medium Risk
2024-01-19,CSCO,Medium Risk
2024-01-22,CSCO,Medium Risk
2024-01-23,CSCO,Medium Risk
2024-01-24,CSCO,Medium Risk
2024-01-25,CSCO,Medium Risk
2024-01-26,CSCO,Medium Risk
2024-01-29,CSCO,Medium Risk
2024-01-30,CSCO,Medium Risk
2024-01-31,CSCO,Medium Risk
2024-02-01,CSCO,Medium Risk
2024-02-02,CSCO,Medium Risk
2024-02-05,CSCO,Medium Risk
2024-02-06,CSCO,Medium Risk
2024-02-07,CSCO,Medium Risk
2024-02-08,CSCO,Medium Risk
2024-02-09,CSCO,Medium Risk
2024-02-12,CSCO,Medium Risk
2024-02-13,CSCO,Medium Risk
2024-02-14,CSCO,Medium Risk
2024-02-15,CSCO,Medium Risk
2024-02-16,CSCO,Medium Risk
2024-02-20,CSCO,Medium Risk
2024-02-21,CSCO,Medium Risk
2024-02-22,CSCO,Medium Risk
2024-02-23,CSCO,Medium Risk
2024-02-26,CSCO,Medium Risk
2024-02-27,CSCO,Medium Risk
2024-02-28,CSCO,Medium Risk
2024-02-29,CSCO,Medium Risk
2024-03-01,CSCO,Medium Risk
2024-03-04,CSCO,Medium Risk
2024-03-05,CSCO,Medium Risk
2024-03-06,CSCO,Medium Risk
2024-03-07,CSCO,Medium Risk
2024-03-08,CSCO,Medium Risk
2024-03-11,CSCO,Medium Risk
2024-03-12,CSCO,Medium Risk
2024-03-13,CSCO,Medium Risk
2024-03-14,CSCO,Medium Risk
2024-03-15,CSCO,Medium Risk
2024-03-18,CSCO,Medium Risk
2024-03-19,CSCO,Medium Risk
2024-03-20,CSCO,Medium Risk
2024-03-21,CSCO,Medium Risk
2024-03-22,CSCO,Medium Risk
2024-03-25,CSCO,Medium Risk
2024-03-26,CSCO,Medium Risk
2024-03-27,CSCO,Medium Risk
2024-03-28,CSCO,Medium Risk
2024-04-01,CSCO,Medium Risk
2024-04-02,CSCO,Medium Risk
2024-04-03,CSCO,Medium Risk
2024-04-04,CSCO,Medium Risk
2024-04-05,CSCO,Medium Risk
2024-04-08,CSCO,Medium Risk
2024-04-09,CSCO,Medium Risk
2024-04-10,CSCO,Medium Risk
2024-04-11,CSCO,Medium Risk
2024-04-12,CSCO,Medium Risk
2024-04-15,CSCO,Medium Risk
2024-04-16,CSCO,Medium Risk
2024-04-17,CSCO,Medium Risk
2024-04-18,CSCO,Medium Risk
2024-04-19,CSCO,Medium Risk
2024-04-22,CSCO,Medium Risk
2024-04-23,CSCO,Medium Risk
2024-04-24,CSCO,Medium Risk
2024-04-25,CSCO,Medium Risk
2024-04-26,CSCO,Medium Risk
2024-04-29,CSCO,Medium Risk
2024-04-30,CSCO,Medium Risk
2024-05-01,CSCO,Medium Risk
2024-05-02,CSCO,Medium Risk
2024-05-03,CSCO,Medium Risk
2024-05-06,CSCO,Medium Risk
2024-05-07,CSCO,Medium Risk
2024-05-08,CSCO,Medium Risk
2024-05-09,CSCO,Medium Risk
2024-05-10,CSCO,Medium Risk
2024-05-13,CSCO,Medium Risk
2024-05-14,CSCO,Medium Risk
2024-05-15,CSCO,Medium Risk
2024-05-16,CSCO,Medium Risk
2024-05-17,CSCO,Medium Risk
2024-05-20,CSCO,Medium Risk
2024-05-21,CSCO,Medium Risk
2024-05-22,CSCO,Medium Risk
2024-05-23,CSCO,Medium Risk
2024-05-24,CSCO,Medium Risk
2024-05-28,CSCO,Medium Risk
2024-05-29,CSCO,Medium Risk
2024-05-30,CSCO,Medium Risk
2024-05-31,CSCO,Medium Risk
2024-06-03,CSCO,Medium Risk
2024-06-04,CSCO,Medium Risk
2024-06-05,CSCO,Medium Risk
2024-06-06,CSCO,Medium Risk
2024-06-07,CSCO,Medium Risk
2024-06-10,CSCO,Medium Risk
2024-06-11,CSCO,Medium Risk
2024-06-12,CSCO,Medium Risk
2024-06-13,CSCO,Medium Risk
2024-06-14,CSCO,Medium Risk
2024-06-17,CSCO,Medium Risk
2024-06-18,CSCO,Medium Risk
2024-06-20,CSCO,Medium Risk
2024-06-21,CSCO,Medium Risk
2024-06-24,CSCO,Medium Risk
2024-06-25,CSCO,Medium Risk
2024-06-26,CSCO,Medium Risk
2024-06-27,CSCO,Medium Risk
2024-06-28,CSCO,Medium Risk
2024-07-01,CSCO,Medium Risk
2024-07-02,CSCO,Medium Risk
2024-07-03,CSCO,Medium Risk
2024-07-05,CSCO,Medium Risk
2024-07-08,CSCO,Medium Risk
2024-07-09,CSCO,Medium Risk
2024-07-10,CSCO,Medium Risk
2024-07-11,CSCO,Medium Risk
2024-07-12,CSCO,Medium Risk
2024-07-15,CSCO,Medium Risk
2024-07-16,CSCO,Medium Risk
2024-07-17,CSCO,Medium Risk
2024-07-18,CSCO,Medium Risk
2024-07-19,CSCO,Medium Risk
2024-07-22,CSCO,Medium Risk
2024-07-23,CSCO,Medium Risk
2024-07-24,CSCO,Medium Risk
2024-07-25,CSCO,Medium Risk
2024-07-26,CSCO,Medium Risk
2024-07-29,CSCO,Medium Risk
2024-07-30,CSCO,Medium Risk
2024-07-31,CSCO,Medium Risk
2024-08-01,CSCO,Medium Risk
2024-08-02,CSCO,Medium Risk
2024-08-05,CSCO,Medium Risk
2024-08-06,CSCO,Medium Risk
2024-08-07,CSCO,Medium Risk
2024-08-08,CSCO,Medium Risk
2024-08-09,CSCO,Medium Risk
2024-08-12,CSCO,Medium Risk
2024-08-13,CSCO,Medium Risk
2024-08-14,CSCO,Medium Risk
2024-08-15,CSCO,Medium Risk
2024-08-16,CSCO,Medium Risk
2024-08-19,CSCO,Medium Risk
2024-08-20,CSCO,Medium Risk
2024-08-21,CSCO,Medium Risk
2024-08-22,CSCO,Medium Risk
2024-08-23,CSCO,Medium Risk
2024-08-26,CSCO,Medium Risk
2024-08-27,CSCO,Medium Risk
2024-08-28,CSCO,Medium Risk
2024-08-29,CSCO,Medium Risk
2024-08-30,CSCO,Medium Risk
2024-09-03,CSCO,Medium Risk
2024-09-04,CSCO,Medium Risk
2024-09-05,CSCO,Medium Risk
2024-09-06,CSCO,Medium Risk
2024-09-09,CSCO,Medium Risk
2024-09-10,CSCO,Medium Risk
2024-09-11,CSCO,Medium Risk
2024-09-12,CSCO,Medium Risk
2024-09-13,CSCO,Medium Risk
2024-09-16,CSCO,Medium Risk
2024-09-17,CSCO,Medium Risk
2024-09-18,CSCO,Medium Risk
2024-09-19,CSCO,Medium Risk
2024-09-20,CSCO,Medium Risk
2024-09-23,CSCO,Medium Risk
2024-09-24,CSCO,Medium Risk
2024-09-25,CSCO,Medium Risk
2024-09-26,CSCO,Medium Risk
2024-09-27,CSCO,Medium Risk
2024-09-30,CSCO,Medium Risk
2024-10-01,CSCO,Medium Risk
2024-10-02,CSCO,Medium Risk
2024-10-03,CSCO,Medium Risk
2024-10-04,CSCO,Medium Risk
2024-10-07,CSCO,Medium Risk
2024-10-08,CSCO,Medium Risk
2024-10-09,CSCO,Medium Risk
2024-10-10,CSCO,Medium Risk
2024-10-11,CSCO,Medium Risk
2024-10-14,CSCO,Medium Risk
2024-10-15,CSCO,Medium Risk
2024-10-16,CSCO,Medium Risk
2024-10-17,CSCO,Medium Risk
2024-10-18,CSCO,Medium Risk
2024-10-21,CSCO,Medium Risk
2024-10-22,CSCO,Medium Risk
2024-10-23,CSCO,Medium Risk
2024-10-24,CSCO,Medium Risk
2024-10-25,CSCO,Medium Risk
2024-10-28,CSCO,Medium Risk
2024-10-29,CSCO,Medium Risk
2024-10-30,CSCO,Medium Risk
2024-10-31,CSCO,Medium Risk
2024-11-01,CSCO,Medium Risk
2024-11-04,CSCO,Medium Risk
2024-11-05,CSCO,Medium Risk
2024-11-06,CSCO,Medium Risk
2024-11-07,CSCO,Medium Risk
2024-11-08,CSCO,Medium Risk
2024-11-11,CSCO,Medium Risk
2024-11-12,CSCO,Medium Risk
2024-11-13,CSCO,Medium Risk
2024-11-14,CSCO,Medium Risk
2024-11-15,CSCO,Medium Risk
2024-11-18,CSCO,Medium Risk
2024-11-19,CSCO,Medium Risk
2024-11-20,CSCO,Medium Risk
2024-11-21,CSCO,Medium Risk
2024-11-22,CSCO,Medium Risk
2024-11-25,CSCO,Medium Risk
2024-11-26,CSCO,Medium Risk
2024-11-27,CSCO,Medium Risk
2024-11-29,CSCO,Medium Risk
2024-12-02,CSCO,Medium Risk
2024-12-03,CSCO,Medium Risk
2024-12-04,CSCO,Medium Risk
2024-12-05,CSCO,Medium Risk
2024-12-06,CSCO,Medium Risk
2024-12-09,CSCO,Medium Risk
2024-12-10,CSCO,Medium Risk
2024-12-11,CSCO,Medium Risk
2024-12-12,CSCO,Medium Risk
2024-12-13,CSCO,Medium Risk
2024-12-16,CSCO,Medium Risk
2024-12-17,CSCO,Medium Risk
2024-12-18,CSCO,Medium Risk
2024-12-19,CSCO,Medium Risk
2024-12-20,CSCO,Medium Risk
2024-12-23,CSCO,Medium Risk
2024-12-24,CSCO,Medium Risk
2024-12-26,CSCO,Medium Risk
2024-12-27,CSCO,Medium Risk
2024-12-30,CSCO,Medium Risk
2024-12-31,CSCO,Medium Risk
2025-01-02,CSCO,Medium Risk
2025-01-03,CSCO,Medium Risk
2025-01-06,CSCO,Medium Risk
2025-01-07,CSCO,Medium Risk
2025-01-08,CSCO,Medium Risk
2025-01-10,CSCO,Medium Risk
2025-01-13,CSCO,Medium Risk
2025-01-14,CSCO,Medium Risk
2025-01-15,CSCO,Medium Risk
2025-01-16,CSCO,Medium Risk
2025-01-17,CSCO,Medium Risk
2025-01-21,CSCO,Medium Risk
2025-01-22,CSCO,Medium Risk
2025-01-23,CSCO,Medium Risk
2025-01-24,CSCO,Medium Risk
2025-01-27,CSCO,Medium Risk
2025-01-28,CSCO,Medium Risk
2025-01-29,CSCO,Medium Risk
2025-01-30,CSCO,Medium Risk
2025-01-31,CSCO,Medium Risk
2025-02-03,CSCO,Medium Risk
2025-02-04,CSCO,Medium Risk
2025-02-05,CSCO,Medium Risk
2025-02-06,CSCO,Medium Risk
2025-02-07,CSCO,Medium Risk
2025-02-10,CSCO,Medium Risk
2025-02-11,CSCO,Medium Risk
2025-02-12,CSCO,Medium Risk
2025-02-13,CSCO,Medium Risk
2025-02-14,CSCO,Medium Risk
2025-02-18,CSCO,Medium Risk
2025-02-19,CSCO,Medium Risk
2025-02-20,CSCO,Medium Risk
2025-02-21,CSCO,Medium Risk
2025-02-24,CSCO,Medium Risk
2025-02-25,CSCO,Medium Risk
2025-02-26,CSCO,Medium Risk
2025-02-27,CSCO,Medium Risk
2025-02-28,CSCO,Medium Risk
2025-03-03,CSCO,Medium Risk
2025-03-04,CSCO,Medium Risk
2025-03-05,CSCO,Medium Risk
2025-03-06,CSCO,Medium Risk
2025-03-07,CSCO,Medium Risk
2025-03-10,CSCO,Medium Risk
2025-03-11,CSCO,Medium Risk
2025-03-12,CSCO,Medium Risk
2025-03-13,CSCO,Medium Risk
2025-03-14,CSCO,Medium Risk
2025-03-17,CSCO,Medium Risk
2025-03-18,CSCO,Medium Risk
2025-03-19,CSCO,Medium Risk
2025-03-20,CSCO,Medium Risk
2025-03-21,CSCO,Medium Risk
2025-03-24,CSCO,Medium Risk
2025-03-25,CSCO,Medium Risk
2025-03-26,CSCO,Medium Risk
2025-03-27,CSCO,Medium Risk
2025-03-28,CSCO,Medium Risk
2025-03-31,CSCO,Medium Risk
2025-04-01,CSCO,Medium Risk
2025-04-02,CSCO,Medium Risk
2025-04-03,CSCO,Medium Risk
2025-04-04,CSCO,Medium Risk
2025-04-07,CSCO,Medium Risk
2025-04-08,CSCO,Medium Risk
2025-04-09,CSCO,Medium Risk
2025-04-10,CSCO,Medium Risk
2025-04-11,CSCO,Medium Risk
2025-04-14,CSCO,Medium Risk
2025-04-15,CSCO,Medium Risk
2025-04-16,CSCO,Medium Risk
2025-04-17,CSCO,Medium Risk
2025-04-21,CSCO,Medium Risk
2025-04-22,CSCO,Medium Risk
2025-04-23,CSCO,Medium Risk
2025-04-24,CSCO,Medium Risk
2025-04-25,CSCO,Medium Risk
2025-04-28,CSCO,Medium Risk
2025-04-29,CSCO,Medium Risk
2025-04-30,CSCO,Medium Risk
2025-05-01,CSCO,Medium Risk
2025-05-02,CSCO,Medium Risk
2025-05-05,CSCO,Medium Risk
2025-05-06,CSCO,Medium Risk
2025-05-07,CSCO,Medium Risk
2025-05-08,CSCO,Medium Risk
2025-05-09,CSCO,Medium Risk
2022-01-03,DIS,High Risk
2022-01-04,DIS,High Risk
2022-01-05,DIS,High Risk
2022-01-06,DIS,High Risk
2022-01-07,DIS,High Risk
2022-01-10,DIS,High Risk
2022-01-11,DIS,High Risk
2022-01-12,DIS,High Risk
2022-01-13,DIS,High Risk
2022-01-14,DIS,High Risk
2022-01-18,DIS,High Risk
2022-01-19,DIS,High Risk
2022-01-20,DIS,High Risk
2022-01-21,DIS,High Risk
2022-01-24,DIS,High Risk
2022-01-25,DIS,High Risk
2022-01-26,DIS,High Risk
2022-01-27,DIS,High Risk
2022-01-28,DIS,High Risk
2022-01-31,DIS,High Risk
2022-02-01,DIS,High Risk
2022-02-02,DIS,High Risk
2022-02-03,DIS,High Risk
2022-02-04,DIS,High Risk
2022-02-07,DIS,High Risk
2022-02-08,DIS,High Risk
2022-02-09,DIS,High Risk
2022-02-10,DIS,High Risk
2022-02-11,DIS,High Risk
2022-02-14,DIS,High Risk
2022-02-15,DIS,High Risk
2022-02-16,DIS,High Risk
2022-02-17,DIS,High Risk
2022-02-18,DIS,High Risk
2022-02-22,DIS,High Risk
2022-02-23,DIS,High Risk
2022-02-24,DIS,High Risk
2022-02-25,DIS,High Risk
2022-02-28,DIS,High Risk
2022-03-01,DIS,High Risk
2022-03-02,DIS,High Risk
2022-03-03,DIS,High Risk
2022-03-04,DIS,High Risk
2022-03-07,DIS,High Risk
2022-03-08,DIS,High Risk
2022-03-09,DIS,High Risk
2022-03-10,DIS,High Risk
2022-03-11,DIS,High Risk
2022-03-14,DIS,High Risk
2022-03-15,DIS,High Risk
2022-03-16,DIS,High Risk
2022-03-17,DIS,High Risk
2022-03-18,DIS,High Risk
2022-03-21,DIS,High Risk
2022-03-22,DIS,High Risk
2022-03-23,DIS,High Risk
2022-03-24,DIS,High Risk
2022-03-25,DIS,High Risk
2022-03-28,DIS,High Risk
2022-03-29,DIS,High Risk
2022-03-30,DIS,High Risk
2022-03-31,DIS,High Risk
2022-04-01,DIS,High Risk
2022-04-04,DIS,High Risk
2022-04-05,DIS,High Risk
2022-04-06,DIS,High Risk
2022-04-07,DIS,High Risk
2022-04-08,DIS,High Risk
2022-04-11,DIS,High Risk
2022-04-12,DIS,High Risk
2022-04-13,DIS,High Risk
2022-04-14,DIS,High Risk
2022-04-18,DIS,High Risk
2022-04-19,DIS,High Risk
2022-04-20,DIS,High Risk
2022-04-21,DIS,High Risk
2022-04-22,DIS,Medium Risk
2022-04-25,DIS,Medium Risk
2022-04-26,DIS,Medium Risk
2022-04-27,DIS,Medium Risk
2022-04-28,DIS,Medium Risk
2022-04-29,DIS,Medium Risk
2022-05-02,DIS,Medium Risk
2022-05-03,DIS,Medium Risk
2022-05-04,DIS,Medium Risk
2022-05-05,DIS,Medium Risk
2022-05-06,DIS,Medium Risk
2022-05-09,DIS,Medium Risk
2022-05-10,DIS,Medium Risk
2022-05-11,DIS,Medium Risk
2022-05-12,DIS,Medium Risk
2022-05-13,DIS,Medium Risk
2022-05-16,DIS,Medium Risk
2022-05-17,DIS,Medium Risk
2022-05-18,DIS,Medium Risk
2022-05-19,DIS,Medium Risk
2022-05-20,DIS,Medium Risk
2022-05-23,DIS,Medium Risk
2022-05-24,DIS,Medium Risk
2022-05-25,DIS,Medium Risk
2022-05-26,DIS,Medium Risk
2022-05-27,DIS,Medium Risk
2022-05-31,DIS,Medium Risk
2022-06-01,DIS,Medium Risk
2022-06-02,DIS,Medium Risk
2022-06-03,DIS,Medium Risk
2022-06-06,DIS,Medium Risk
2022-06-07,DIS,Medium Risk
2022-06-08,DIS,Medium Risk
2022-06-09,DIS,Medium Risk
2022-06-10,DIS,Medium Risk
2022-06-13,DIS,Medium Risk
2022-06-14,DIS,Medium Risk
2022-06-15,DIS,Medium Risk
2022-06-16,DIS,Medium Risk
2022-06-17,DIS,Medium Risk
2022-06-21,DIS,Medium Risk
2022-06-22,DIS,Medium Risk
2022-06-23,DIS,Medium Risk
2022-06-24,DIS,Medium Risk
2022-06-27,DIS,Medium Risk
2022-06-28,DIS,Medium Risk
2022-06-29,DIS,Medium Risk
2022-06-30,DIS,Medium Risk
2022-07-01,DIS,Medium Risk
2022-07-05,DIS,Medium Risk
2022-07-06,DIS,Medium Risk
2022-07-07,DIS,Medium Risk
2022-07-08,DIS,Medium Risk
2022-07-11,DIS,Medium Risk
2022-07-12,DIS,Medium Risk
2022-07-13,DIS,Medium Risk
2022-07-14,DIS,Medium Risk
2022-07-15,DIS,Medium Risk
2022-07-18,DIS,Medium Risk
2022-07-19,DIS,Medium Risk
2022-07-20,DIS,Medium Risk
2022-07-21,DIS,Medium Risk
2022-07-22,DIS,Medium Risk
2022-07-25,DIS,Medium Risk
2022-07-26,DIS,Medium Risk
2022-07-27,DIS,Medium Risk
2022-07-28,DIS,Medium Risk
2022-07-29,DIS,Medium Risk
2022-08-01,DIS,Medium Risk
2022-08-02,DIS,Medium Risk
2022-08-03,DIS,Medium Risk
2022-08-04,DIS,Medium Risk
2022-08-05,DIS,Medium Risk
2022-08-08,DIS,Medium Risk
2022-08-09,DIS,Medium Risk
2022-08-10,DIS,Medium Risk
2022-08-11,DIS,Medium Risk
2022-08-12,DIS,Medium Risk
2022-08-15,DIS,Medium Risk
2022-08-16,DIS,Medium Risk
2022-08-17,DIS,Medium Risk
2022-08-18,DIS,Medium Risk
2022-08-19,DIS,Medium Risk
2022-08-22,DIS,Medium Risk
2022-08-23,DIS,Medium Risk
2022-08-24,DIS,Medium Risk
2022-08-25,DIS,Medium Risk
2022-08-26,DIS,Medium Risk
2022-08-29,DIS,Medium Risk
2022-08-30,DIS,Medium Risk
2022-08-31,DIS,Medium Risk
2022-09-01,DIS,Medium Risk
2022-09-02,DIS,Medium Risk
2022-09-06,DIS,Medium Risk
2022-09-07,DIS,Medium Risk
2022-09-08,DIS,Medium Risk
2022-09-09,DIS,Medium Risk
2022-09-12,DIS,Medium Risk
2022-09-13,DIS,Medium Risk
2022-09-14,DIS,Medium Risk
2022-09-15,DIS,Medium Risk
2022-09-16,DIS,Medium Risk
2022-09-19,DIS,Medium Risk
2022-09-20,DIS,Medium Risk
2022-09-21,DIS,Medium Risk
2022-09-22,DIS,Medium Risk
2022-09-23,DIS,Medium Risk
2022-09-26,DIS,Medium Risk
2022-09-27,DIS,Medium Risk
2022-09-28,DIS,Medium Risk
2022-09-29,DIS,Medium Risk
2022-09-30,DIS,Medium Risk
2022-10-03,DIS,Medium Risk
2022-10-04,DIS,Medium Risk
2022-10-05,DIS,Medium Risk
2022-10-06,DIS,Medium Risk
2022-10-07,DIS,Medium Risk
2022-10-10,DIS,Medium Risk
2022-10-11,DIS,Medium Risk
2022-10-12,DIS,Medium Risk
2022-10-13,DIS,Medium Risk
2022-10-14,DIS,Medium Risk
2022-10-17,DIS,Medium Risk
2022-10-18,DIS,Medium Risk
2022-10-19,DIS,Medium Risk
2022-10-20,DIS,Medium Risk
2022-10-21,DIS,Medium Risk
2022-10-24,DIS,Medium Risk
2022-10-25,DIS,Medium Risk
2022-10-26,DIS,Medium Risk
2022-10-27,DIS,Medium Risk
2022-10-28,DIS,Medium Risk
2022-10-31,DIS,Medium Risk
2022-11-01,DIS,Medium Risk
2022-11-02,DIS,Medium Risk
2022-11-03,DIS,Medium Risk
2022-11-04,DIS,Medium Risk
2022-11-07,DIS,Medium Risk
2022-11-08,DIS,Medium Risk
2022-11-09,DIS,Medium Risk
2022-11-10,DIS,Medium Risk
2022-11-11,DIS,Medium Risk
2022-11-14,DIS,Medium Risk
2022-11-15,DIS,Medium Risk
2022-11-16,DIS,Medium Risk
2022-11-17,DIS,Medium Risk
2022-11-18,DIS,Medium Risk
2022-11-21,DIS,Medium Risk
2022-11-22,DIS,Medium Risk
2022-11-23,DIS,Medium Risk
2022-11-25,DIS,Medium Risk
2022-11-28,DIS,Medium Risk
2022-11-29,DIS,Medium Risk
2022-11-30,DIS,Medium Risk
2022-12-01,DIS,Medium Risk
2022-12-02,DIS,Medium Risk
2022-12-05,DIS,Medium Risk
2022-12-06,DIS,Medium Risk
2022-12-07,DIS,Medium Risk
2022-12-08,DIS,Medium Risk
2022-12-09,DIS,Medium Risk
2022-12-12,DIS,Medium Risk
2022-12-13,DIS,Medium Risk
2022-12-14,DIS,Medium Risk
2022-12-15,DIS,Medium Risk
2022-12-16,DIS,Medium Risk
2022-12-19,DIS,Medium Risk
2022-12-20,DIS,Medium Risk
2022-12-21,DIS,Medium Risk
2022-12-22,DIS,Medium Risk
2022-12-23,DIS,Medium Risk
2022-12-27,DIS,Medium Risk
2022-12-28,DIS,Medium Risk
2022-12-29,DIS,Medium Risk
2022-12-30,DIS,Medium Risk
2023-01-03,DIS,Medium Risk
2023-01-04,DIS,Medium Risk
2023-01-05,DIS,Medium Risk
2023-01-06,DIS,Medium Risk
2023-01-09,DIS,Medium Risk
2023-01-10,DIS,Medium Risk
2023-01-11,DIS,Medium Risk
2023-01-12,DIS,Medium Risk
2023-01-13,DIS,Medium Risk
2023-01-17,DIS,Medium Risk
2023-01-18,DIS,Medium Risk
2023-01-19,DIS,Medium Risk
2023-01-20,DIS,Medium Risk
2023-01-23,DIS,Medium Risk
2023-01-24,DIS,Medium Risk
2023-01-25,DIS,Medium Risk
2023-01-26,DIS,Medium Risk
2023-01-27,DIS,Medium Risk
2023-01-30,DIS,Medium Risk
2023-01-31,DIS,Medium Risk
2023-02-01,DIS,Medium Risk
2023-02-02,DIS,Medium Risk
2023-02-03,DIS,Medium Risk
2023-02-06,DIS,Medium Risk
2023-02-07,DIS,Medium Risk
2023-02-08,DIS,Medium Risk
2023-02-09,DIS,Medium Risk
2023-02-10,DIS,Medium Risk
2023-02-13,DIS,Medium Risk
2023-02-14,DIS,Medium Risk
2023-02-15,DIS,Medium Risk
2023-02-16,DIS,Medium Risk
2023-02-17,DIS,Medium Risk
2023-02-21,DIS,Medium Risk
2023-02-22,DIS,Medium Risk
2023-02-23,DIS,Medium Risk
2023-02-24,DIS,Medium Risk
2023-02-27,DIS,Medium Risk
2023-02-28,DIS,Medium Risk
2023-03-01,DIS,Medium Risk
2023-03-02,DIS,Medium Risk
2023-03-03,DIS,Medium Risk
2023-03-06,DIS,Medium Risk
2023-03-07,DIS,Medium Risk
2023-03-08,DIS,Medium Risk
2023-03-09,DIS,Medium Risk
2023-03-10,DIS,Medium Risk
2023-03-13,DIS,Medium Risk
2023-03-14,DIS,Medium Risk
2023-03-15,DIS,Medium Risk
2023-03-16,DIS,Medium Risk
2023-03-17,DIS,Medium Risk
2023-03-20,DIS,Medium Risk
2023-03-21,DIS,Medium Risk
2023-03-22,DIS,Medium Risk
2023-03-23,DIS,Medium Risk
2023-03-24,DIS,Medium Risk
2023-03-27,DIS,Medium Risk
2023-03-28,DIS,Medium Risk
2023-03-29,DIS,Medium Risk
2023-03-30,DIS,Medium Risk
2023-03-31,DIS,Medium Risk
2023-04-03,DIS,Medium Risk
2023-04-04,DIS,Medium Risk
2023-04-05,DIS,Medium Risk
2023-04-06,DIS,Medium Risk
2023-04-10,DIS,Medium Risk
2023-04-11,DIS,Medium Risk
2023-04-12,DIS,Medium Risk
2023-04-13,DIS,Medium Risk
2023-04-14,DIS,Medium Risk
2023-04-17,DIS,Medium Risk
2023-04-18,DIS,Medium Risk
2023-04-19,DIS,Medium Risk
2023-04-20,DIS,Medium Risk
2023-04-21,DIS,Medium Risk
2023-04-24,DIS,Medium Risk
2023-04-25,DIS,Medium Risk
2023-04-26,DIS,Medium Risk
2023-04-27,DIS,Medium Risk
2023-04-28,DIS,Medium Risk
2023-05-01,DIS,Medium Risk
2023-05-02,DIS,Medium Risk
2023-05-03,DIS,Medium Risk
2023-05-04,DIS,Medium Risk
2023-05-05,DIS,Medium Risk
2023-05-08,DIS,Medium Risk
2023-05-09,DIS,Medium Risk
2023-05-10,DIS,Medium Risk
2023-05-11,DIS,Medium Risk
2023-05-12,DIS,Medium Risk
2023-05-15,DIS,Medium Risk
2023-05-16,DIS,Medium Risk
2023-05-17,DIS,Medium Risk
2023-05-18,DIS,Medium Risk
2023-05-19,DIS,Medium Risk
2023-05-22,DIS,Medium Risk
2023-05-23,DIS,Medium Risk
2023-05-24,DIS,Medium Risk
2023-05-25,DIS,Medium Risk
2023-05-26,DIS,Medium Risk
2023-05-30,DIS,Medium Risk
2023-05-31,DIS,Medium Risk
2023-06-01,DIS,Medium Risk
2023-06-02,DIS,Medium Risk
2023-06-05,DIS,Medium Risk
2023-06-06,DIS,Medium Risk
2023-06-07,DIS,Medium Risk
2023-06-08,DIS,Medium Risk
2023-06-09,DIS,Medium Risk
2023-06-12,DIS,Medium Risk
2023-06-13,DIS,Medium Risk
2023-06-14,DIS,Medium Risk
2023-06-15,DIS,Medium Risk
2023-06-16,DIS,Medium Risk
2023-06-20,DIS,Medium Risk
2023-06-21,DIS,Medium Risk
2023-06-22,DIS,Medium Risk
2023-06-23,DIS,Medium Risk
2023-06-26,DIS,Medium Risk
2023-06-27,DIS,Medium Risk
2023-06-28,DIS,Medium Risk
2023-06-29,DIS,Medium Risk
2023-06-30,DIS,Medium Risk
2023-07-03,DIS,Medium Risk
2023-07-05,DIS,Medium Risk
2023-07-06,DIS,Medium Risk
2023-07-07,DIS,Medium Risk
2023-07-10,DIS,Medium Risk
2023-07-11,DIS,Medium Risk
2023-07-12,DIS,Medium Risk
2023-07-13,DIS,Medium Risk
2023-07-14,DIS,Medium Risk
2023-07-17,DIS,Medium Risk
2023-07-18,DIS,Medium Risk
2023-07-19,DIS,Medium Risk
2023-07-20,DIS,Medium Risk
2023-07-21,DIS,Medium Risk
2023-07-24,DIS,Medium Risk
2023-07-25,DIS,Medium Risk
2023-07-26,DIS,Medium Risk
2023-07-27,DIS,Medium Risk
2023-07-28,DIS,Medium Risk
2023-07-31,DIS,Medium Risk
2023-08-01,DIS,Medium Risk
2023-08-02,DIS,Medium Risk
2023-08-03,DIS,Medium Risk
2023-08-04,DIS,Medium Risk
2023-08-07,DIS,Medium Risk
2023-08-08,DIS,Medium Risk
2023-08-09,DIS,Medium Risk
2023-08-10,DIS,Medium Risk
2023-08-11,DIS,Medium Risk
2023-08-14,DIS,Medium Risk
2023-08-15,DIS,Medium Risk
2023-08-16,DIS,Medium Risk
2023-08-17,DIS,Medium Risk
2023-08-18,DIS,Medium Risk
2023-08-21,DIS,Medium Risk
2023-08-22,DIS,Medium Risk
2023-08-23,DIS,Medium Risk
2023-08-24,DIS,Medium Risk
2023-08-25,DIS,Medium Risk
2023-08-28,DIS,Medium Risk
2023-08-29,DIS,Medium Risk
2023-08-30,DIS,Medium Risk
2023-08-31,DIS,Medium Risk
2023-09-01,DIS,Medium Risk
2023-09-05,DIS,Medium Risk
2023-09-06,DIS,Medium Risk
2023-09-07,DIS,Medium Risk
2023-09-08,DIS,Medium Risk
2023-09-11,DIS,Medium Risk
2023-09-12,DIS,Medium Risk
2023-09-13,DIS,Medium Risk
2023-09-14,DIS,Medium Risk
2023-09-15,DIS,Medium Risk
2023-09-18,DIS,Medium Risk
2023-09-19,DIS,Medium Risk
2023-09-20,DIS,Medium Risk
2023-09-21,DIS,Medium Risk
2023-09-22,DIS,Medium Risk
2023-09-25,DIS,Medium Risk
2023-09-26,DIS,Medium Risk
2023-09-27,DIS,Medium Risk
2023-09-28,DIS,Medium Risk
2023-09-29,DIS,Medium Risk
2023-10-02,DIS,Medium Risk
2023-10-03,DIS,Medium Risk
2023-10-04,DIS,Medium Risk
2023-10-05,DIS,Medium Risk
2023-10-06,DIS,Medium Risk
2023-10-09,DIS,Medium Risk
2023-10-10,DIS,Medium Risk
2023-10-11,DIS,Medium Risk
2023-10-12,DIS,Medium Risk
2023-10-13,DIS,Medium Risk
2023-10-16,DIS,Medium Risk
2023-10-17,DIS,Medium Risk
2023-10-18,DIS,Medium Risk
2023-10-19,DIS,Medium Risk
2023-10-20,DIS,Medium Risk
2023-10-23,DIS,Medium Risk
2023-10-24,DIS,Medium Risk
2023-10-25,DIS,Medium Risk
2023-10-26,DIS,Medium Risk
2023-10-27,DIS,Medium Risk
2023-10-30,DIS,Medium Risk
2023-10-31,DIS,Medium Risk
2023-11-01,DIS,Medium Risk
2023-11-02,DIS,Medium Risk
2023-11-03,DIS,Medium Risk
2023-11-06,DIS,Medium Risk
2023-11-07,DIS,Medium Risk
2023-11-08,DIS,Medium Risk
2023-11-09,DIS,Medium Risk
2023-11-10,DIS,Medium Risk
2023-11-13,DIS,Medium Risk
2023-11-14,DIS,Medium Risk
2023-11-15,DIS,Medium Risk
2023-11-16,DIS,Medium Risk
2023-11-17,DIS,Medium Risk
2023-11-20,DIS,Medium Risk
2023-11-21,DIS,Medium Risk
2023-11-22,DIS,Medium Risk
2023-11-24,DIS,Medium Risk
2023-11-27,DIS,Medium Risk
2023-11-28,DIS,Medium Risk
2023-11-29,DIS,Medium Risk
2023-11-30,DIS,Medium Risk
2023-12-01,DIS,Medium Risk
2023-12-04,DIS,Medium Risk
2023-12-05,DIS,Medium Risk
2023-12-06,DIS,Medium Risk
2023-12-07,DIS,Medium Risk
2023-12-08,DIS,Medium Risk
2023-12-11,DIS,Medium Risk
2023-12-12,DIS,Medium Risk
2023-12-13,DIS,Medium Risk
2023-12-14,DIS,Medium Risk
2023-12-15,DIS,Medium Risk
2023-12-18,DIS,Medium Risk
2023-12-19,DIS,Medium Risk
2023-12-20,DIS,Medium Risk
2023-12-21,DIS,Medium Risk
2023-12-22,DIS,Medium Risk
2023-12-26,DIS,Medium Risk
2023-12-27,DIS,Medium Risk
2023-12-28,DIS,Medium Risk
2023-12-29,DIS,Medium Risk
2024-01-02,DIS,Medium Risk
2024-01-03,DIS,Medium Risk
2024-01-04,DIS,Medium Risk
2024-01-05,DIS,Medium Risk
2024-01-08,DIS,Medium Risk
2024-01-09,DIS,Medium Risk
2024-01-10,DIS,Medium Risk
2024-01-11,DIS,Medium Risk
2024-01-12,DIS,Medium Risk
2024-01-16,DIS,Medium Risk
2024-01-17,DIS,Medium Risk
2024-01-18,DIS,Medium Risk
2024-01-19,DIS,Medium Risk
2024-01-22,DIS,Medium Risk
2024-01-23,DIS,Medium Risk
2024-01-24,DIS,Medium Risk
2024-01-25,DIS,Medium Risk
2024-01-26,DIS,Medium Risk
2024-01-29,DIS,Medium Risk
2024-01-30,DIS,Medium Risk
2024-01-31,DIS,Medium Risk
2024-02-01,DIS,Medium Risk
2024-02-02,DIS,Medium Risk
2024-02-05,DIS,Medium Risk
2024-02-06,DIS,Medium Risk
2024-02-07,DIS,Medium Risk
2024-02-08,DIS,Medium Risk
2024-02-09,DIS,Medium Risk
2024-02-12,DIS,Medium Risk
2024-02-13,DIS,Medium Risk
2024-02-14,DIS,Medium Risk
2024-02-15,DIS,Medium Risk
2024-02-16,DIS,Medium Risk
2024-02-20,DIS,Medium Risk
2024-02-21,DIS,Medium Risk
2024-02-22,DIS,Medium Risk
2024-02-23,DIS,Medium Risk
2024-02-26,DIS,Medium Risk
2024-02-27,DIS,Medium Risk
2024-02-28,DIS,Medium Risk
2024-02-29,DIS,Medium Risk
2024-03-01,DIS,Medium Risk
2024-03-04,DIS,Medium Risk
2024-03-05,DIS,Medium Risk
2024-03-06,DIS,Medium Risk
2024-03-07,DIS,Medium Risk
2024-03-08,DIS,Medium Risk
2024-03-11,DIS,Medium Risk
2024-03-12,DIS,Medium Risk
2024-03-13,DIS,Medium Risk
2024-03-14,DIS,Medium Risk
2024-03-15,DIS,Medium Risk
2024-03-18,DIS,Medium Risk
2024-03-19,DIS,Medium Risk
2024-03-20,DIS,Medium Risk
2024-03-21,DIS,Medium Risk
2024-03-22,DIS,Medium Risk
2024-03-25,DIS,Medium Risk
2024-03-26,DIS,Medium Risk
2024-03-27,DIS,Medium Risk
2024-03-28,DIS,Medium Risk
2024-04-01,DIS,Medium Risk
2024-04-02,DIS,Medium Risk
2024-04-03,DIS,Medium Risk
2024-04-04,DIS,Medium Risk
2024-04-05,DIS,Medium Risk
2024-04-08,DIS,Medium Risk
2024-04-09,DIS,Medium Risk
2024-04-10,DIS,Medium Risk
2024-04-11,DIS,Medium Risk
2024-04-12,DIS,Medium Risk
2024-04-15,DIS,Medium Risk
2024-04-16,DIS,Medium Risk
2024-04-17,DIS,Medium Risk
2024-04-18,DIS,Medium Risk
2024-04-19,DIS,Medium Risk
2024-04-22,DIS,Medium Risk
2024-04-23,DIS,Medium Risk
2024-04-24,DIS,Medium Risk
2024-04-25,DIS,Medium Risk
2024-04-26,DIS,Medium Risk
2024-04-29,DIS,Medium Risk
2024-04-30,DIS,Medium Risk
2024-05-01,DIS,Medium Risk
2024-05-02,DIS,Medium Risk
2024-05-03,DIS,Medium Risk
2024-05-06,DIS,Medium Risk
2024-05-07,DIS,Medium Risk
2024-05-08,DIS,Medium Risk
2024-05-09,DIS,Medium Risk
2024-05-10,DIS,Medium Risk
2024-05-13,DIS,Medium Risk
2024-05-14,DIS,Medium Risk
2024-05-15,DIS,Medium Risk
2024-05-16,DIS,Medium Risk
2024-05-17,DIS,Medium Risk
2024-05-20,DIS,Medium Risk
2024-05-21,DIS,Medium Risk
2024-05-22,DIS,Medium Risk
2024-05-23,DIS,Medium Risk
2024-05-24,DIS,Medium Risk
2024-05-28,DIS,Medium Risk
2024-05-29,DIS,Medium Risk
2024-05-30,DIS,Medium Risk
2024-05-31,DIS,Medium Risk
2024-06-03,DIS,Medium Risk
2024-06-04,DIS,Medium Risk
2024-06-05,DIS,Medium Risk
2024-06-06,DIS,Medium Risk
2024-06-07,DIS,Medium Risk
2024-06-10,DIS,Medium Risk
2024-06-11,DIS,Medium Risk
2024-06-12,DIS,Medium Risk
2024-06-13,DIS,Medium Risk
2024-06-14,DIS,Medium Risk
2024-06-17,DIS,Medium Risk
2024-06-18,DIS,Medium Risk
2024-06-20,DIS,Medium Risk
2024-06-21,DIS,Medium Risk
2024-06-24,DIS,Medium Risk
2024-06-25,DIS,Medium Risk
2024-06-26,DIS,Medium Risk
2024-06-27,DIS,Medium Risk
2024-06-28,DIS,Medium Risk
2024-07-01,DIS,Medium Risk
2024-07-02,DIS,Medium Risk
2024-07-03,DIS,Medium Risk
2024-07-05,DIS,Medium Risk
2024-07-08,DIS,Medium Risk
2024-07-09,DIS,Medium Risk
2024-07-10,DIS,Medium Risk
2024-07-11,DIS,Medium Risk
2024-07-12,DIS,Medium Risk
2024-07-15,DIS,Medium Risk
2024-07-16,DIS,Medium Risk
2024-07-17,DIS,Medium Risk
2024-07-18,DIS,Medium Risk
2024-07-19,DIS,Medium Risk
2024-07-22,DIS,Medium Risk
2024-07-23,DIS,Medium Risk
2024-07-24,DIS,Medium Risk
2024-07-25,DIS,Medium Risk
2024-07-26,DIS,Medium Risk
2024-07-29,DIS,Medium Risk
2024-07-30,DIS,Medium Risk
2024-07-31,DIS,Medium Risk
2024-08-01,DIS,Medium Risk
2024-08-02,DIS,Medium Risk
2024-08-05,DIS,Medium Risk
2024-08-06,DIS,Medium Risk
2024-08-07,DIS,Medium Risk
2024-08-08,DIS,Medium Risk
2024-08-09,DIS,Medium Risk
2024-08-12,DIS,Medium Risk
2024-08-13,DIS,Medium Risk
2024-08-14,DIS,Medium Risk
2024-08-15,DIS,Medium Risk
2024-08-16,DIS,Medium Risk
2024-08-19,DIS,Medium Risk
2024-08-20,DIS,Medium Risk
2024-08-21,DIS,Medium Risk
2024-08-22,DIS,Medium Risk
2024-08-23,DIS,Medium Risk
2024-08-26,DIS,Medium Risk
2024-08-27,DIS,Medium Risk
2024-08-28,DIS,Medium Risk
2024-08-29,DIS,Medium Risk
2024-08-30,DIS,Medium Risk
2024-09-03,DIS,Medium Risk
2024-09-04,DIS,Medium Risk
2024-09-05,DIS,Medium Risk
2024-09-06,DIS,Medium Risk
2024-09-09,DIS,Medium Risk
2024-09-10,DIS,Medium Risk
2024-09-11,DIS,Medium Risk
2024-09-12,DIS,Medium Risk
2024-09-13,DIS,Medium Risk
2024-09-16,DIS,Medium Risk
2024-09-17,DIS,Medium Risk
2024-09-18,DIS,Medium Risk
2024-09-19,DIS,Medium Risk
2024-09-20,DIS,Medium Risk
2024-09-23,DIS,Medium Risk
2024-09-24,DIS,Medium Risk
2024-09-25,DIS,Medium Risk
2024-09-26,DIS,Medium Risk
2024-09-27,DIS,Medium Risk
2024-09-30,DIS,Medium Risk
2024-10-01,DIS,Medium Risk
2024-10-02,DIS,Medium Risk
2024-10-03,DIS,Medium Risk
2024-10-04,DIS,Medium Risk
2024-10-07,DIS,Medium Risk
2024-10-08,DIS,Medium Risk
2024-10-09,DIS,Medium Risk
2024-10-10,DIS,Medium Risk
2024-10-11,DIS,Medium Risk
2024-10-14,DIS,Medium Risk
2024-10-15,DIS,Medium Risk
2024-10-16,DIS,Medium Risk
2024-10-17,DIS,Medium Risk
2024-10-18,DIS,Medium Risk
2024-10-21,DIS,Medium Risk
2024-10-22,DIS,Medium Risk
2024-10-23,DIS,Medium Risk
2024-10-24,DIS,Medium Risk
2024-10-25,DIS,Medium Risk
2024-10-28,DIS,Medium Risk
2024-10-29,DIS,Medium Risk
2024-10-30,DIS,Medium Risk
2024-10-31,DIS,Medium Risk
2024-11-01,DIS,Medium Risk
2024-11-04,DIS,Medium Risk
2024-11-05,DIS,Medium Risk
2024-11-06,DIS,Medium Risk
2024-11-07,DIS,Medium Risk
2024-11-08,DIS,Medium Risk
2024-11-11,DIS,Medium Risk
2024-11-12,DIS,Medium Risk
2024-11-13,DIS,Medium Risk
2024-11-14,DIS,Medium Risk
2024-11-15,DIS,Medium Risk
2024-11-18,DIS,Medium Risk
2024-11-19,DIS,Medium Risk
2024-11-20,DIS,Medium Risk
2024-11-21,DIS,Medium Risk
2024-11-22,DIS,Medium Risk
2024-11-25,DIS,Medium Risk
2024-11-26,DIS,Medium Risk
2024-11-27,DIS,Medium Risk
2024-11-29,DIS,Medium Risk
2024-12-02,DIS,Medium Risk
2024-12-03,DIS,Medium Risk
2024-12-04,DIS,Medium Risk
2024-12-05,DIS,Medium Risk
2024-12-06,DIS,Medium Risk
2024-12-09,DIS,Medium Risk
2024-12-10,DIS,Medium Risk
2024-12-11,DIS,Medium Risk
2024-12-12,DIS,Medium Risk
2024-12-13,DIS,Medium Risk
2024-12-16,DIS,Medium Risk
2024-12-17,DIS,Medium Risk
2024-12-18,DIS,Medium Risk
2024-12-19,DIS,Medium Risk
2024-12-20,DIS,Medium Risk
2024-12-23,DIS,Medium Risk
2024-12-24,DIS,Medium Risk
2024-12-26,DIS,Medium Risk
2024-12-27,DIS,Medium Risk
2024-12-30,DIS,Medium Risk
2024-12-31,DIS,Medium Risk
2025-01-02,DIS,Medium Risk
2025-01-03,DIS,Medium Risk
2025-01-06,DIS,Medium Risk
2025-01-07,DIS,Medium Risk
2025-01-08,DIS,Medium Risk
2025-01-10,DIS,Medium Risk
2025-01-13,DIS,Medium Risk
2025-01-14,DIS,Medium Risk
2025-01-15,DIS,Medium Risk
2025-01-16,DIS,Medium Risk
2025-01-17,DIS,Medium Risk
2025-01-21,DIS,Medium Risk
2025-01-22,DIS,Medium Risk
2025-01-23,DIS,Medium Risk
2025-01-24,DIS,Medium Risk
2025-01-27,DIS,Medium Risk
2025-01-28,DIS,Medium Risk
2025-01-29,DIS,Medium Risk
2025-01-30,DIS,Medium Risk
2025-01-31,DIS,Medium Risk
2025-02-03,DIS,Medium Risk
2025-02-04,DIS,Medium Risk
2025-02-05,DIS,Medium Risk
2025-02-06,DIS,Medium Risk
2025-02-07,DIS,Medium Risk
2025-02-10,DIS,Medium Risk
2025-02-11,DIS,Medium Risk
2025-02-12,DIS,Medium Risk
2025-02-13,DIS,Medium Risk
2025-02-14,DIS,Medium Risk
2025-02-18,DIS,Medium Risk
2025-02-19,DIS,Medium Risk
2025-02-20,DIS,Medium Risk
2025-02-21,DIS,Medium Risk
2025-02-24,DIS,Medium Risk
2025-02-25,DIS,Medium Risk
2025-02-26,DIS,Medium Risk
2025-02-27,DIS,Medium Risk
2025-02-28,DIS,Medium Risk
2025-03-03,DIS,Medium Risk
2025-03-04,DIS,Medium Risk
2025-03-05,DIS,Medium Risk
2025-03-06,DIS,Medium Risk
2025-03-07,DIS,Medium Risk
2025-03-10,DIS,Medium Risk
2025-03-11,DIS,Medium Risk
2025-03-12,DIS,Medium Risk
2025-03-13,DIS,Medium Risk
2025-03-14,DIS,Medium Risk
2025-03-17,DIS,Medium Risk
2025-03-18,DIS,Medium Risk
2025-03-19,DIS,Medium Risk
2025-03-20,DIS,Medium Risk
2025-03-21,DIS,Medium Risk
2025-03-24,DIS,Medium Risk
2025-03-25,DIS,Medium Risk
2025-03-26,DIS,Medium Risk
2025-03-27,DIS,Medium Risk
2025-03-28,DIS,Medium Risk
2025-03-31,DIS,Medium Risk
2025-04-01,DIS,Medium Risk
2025-04-02,DIS,Medium Risk
2025-04-03,DIS,Medium Risk
2025-04-04,DIS,Medium Risk
2025-04-07,DIS,Medium Risk
2025-04-08,DIS,Medium Risk
2025-04-09,DIS,Medium Risk
2025-04-10,DIS,Medium Risk
2025-04-11,DIS,Medium Risk
2025-04-14,DIS,Medium Risk
2025-04-15,DIS,Medium Risk
2025-04-16,DIS,Medium Risk
2025-04-17,DIS,Medium Risk
2025-04-21,DIS,Medium Risk
2025-04-22,DIS,Medium Risk
2025-04-23,DIS,Medium Risk
2025-04-24,DIS,Medium Risk
2025-04-25,DIS,Medium Risk
2025-04-28,DIS,Medium Risk
2025-04-29,DIS,Medium Risk
2025-04-30,DIS,Medium Risk
2025-05-01,DIS,Medium Risk
2025-05-02,DIS,Medium Risk
2025-05-05,DIS,Medium Risk
2025-05-06,DIS,Medium Risk
2025-05-07,DIS,Medium Risk
2025-05-08,DIS,Medium Risk
2025-05-09,DIS,Medium Risk
2022-01-03,GOOGL,High Risk
2022-01-04,GOOGL,High Risk
2022-01-05,GOOGL,High Risk
2022-01-06,GOOGL,High Risk
2022-01-07,GOOGL,High Risk
2022-01-10,GOOGL,High Risk
2022-01-11,GOOGL,High Risk
2022-01-12,GOOGL,High Risk
2022-01-13,GOOGL,High Risk
2022-01-14,GOOGL,High Risk
2022-01-18,GOOGL,High Risk
2022-01-19,GOOGL,High Risk
2022-01-20,GOOGL,High Risk
2022-01-21,GOOGL,High Risk
2022-01-24,GOOGL,High Risk
2022-01-25,GOOGL,High Risk
2022-01-26,GOOGL,High Risk
2022-01-27,GOOGL,High Risk
2022-01-28,GOOGL,High Risk
2022-01-31,GOOGL,High Risk
2022-02-01,GOOGL,High Risk
2022-02-02,GOOGL,High Risk
2022-02-03,GOOGL,High Risk
2022-02-04,GOOGL,High Risk
2022-02-07,GOOGL,High Risk
2022-02-08,GOOGL,High Risk
2022-02-09,GOOGL,High Risk
2022-02-10,GOOGL,High Risk
2022-02-11,GOOGL,High Risk
2022-02-14,GOOGL,High Risk
2022-02-15,GOOGL,High Risk
2022-02-16,GOOGL,High Risk
2022-02-17,GOOGL,High Risk
2022-02-18,GOOGL,High Risk
2022-02-22,GOOGL,High Risk
2022-02-23,GOOGL,High Risk
2022-02-24,GOOGL,High Risk
2022-02-25,GOOGL,High Risk
2022-02-28,GOOGL,High Risk
2022-03-01,GOOGL,High Risk
2022-03-02,GOOGL,High Risk
2022-03-03,GOOGL,High Risk
2022-03-04,GOOGL,High Risk
2022-03-07,GOOGL,High Risk
2022-03-08,GOOGL,High Risk
2022-03-09,GOOGL,High Risk
2022-03-10,GOOGL,High Risk
2022-03-11,GOOGL,High Risk
2022-03-14,GOOGL,High Risk
2022-03-15,GOOGL,High Risk
2022-03-16,GOOGL,High Risk
2022-03-17,GOOGL,High Risk
2022-03-18,GOOGL,High Risk
2022-03-21,GOOGL,High Risk
2022-03-22,GOOGL,High Risk
2022-03-23,GOOGL,High Risk
2022-03-24,GOOGL,High Risk
2022-03-25,GOOGL,High Risk
2022-03-28,GOOGL,High Risk
2022-03-29,GOOGL,High Risk
2022-03-30,GOOGL,High Risk
2022-03-31,GOOGL,High Risk
2022-04-01,GOOGL,High Risk
2022-04-04,GOOGL,High Risk
2022-04-05,GOOGL,High Risk
2022-04-06,GOOGL,High Risk
2022-04-07,GOOGL,High Risk
2022-04-08,GOOGL,High Risk
2022-04-11,GOOGL,High Risk
2022-04-12,GOOGL,High Risk
2022-04-13,GOOGL,High Risk
2022-04-14,GOOGL,High Risk
2022-04-18,GOOGL,High Risk
2022-04-19,GOOGL,High Risk
2022-04-20,GOOGL,High Risk
2022-04-21,GOOGL,High Risk
2022-04-22,GOOGL,High Risk
2022-04-25,GOOGL,High Risk
2022-04-26,GOOGL,Medium Risk
2022-04-27,GOOGL,Medium Risk
2022-04-28,GOOGL,Medium Risk
2022-04-29,GOOGL,Medium Risk
2022-05-02,GOOGL,Medium Risk
2022-05-03,GOOGL,Medium Risk
2022-05-04,GOOGL,Medium Risk
2022-05-05,GOOGL,Medium Risk
2022-05-06,GOOGL,Medium Risk
2022-05-09,GOOGL,Medium Risk
2022-05-10,GOOGL,Medium Risk
2022-05-11,GOOGL,Medium Risk
2022-05-12,GOOGL,Medium Risk
2022-05-13,GOOGL,Medium Risk
2022-05-16,GOOGL,Medium Risk
2022-05-17,GOOGL,Medium Risk
2022-05-18,GOOGL,Medium Risk
2022-05-19,GOOGL,Medium Risk
2022-05-20,GOOGL,Medium Risk
2022-05-23,GOOGL,Medium Risk
2022-05-24,GOOGL,Medium Risk
2022-05-25,GOOGL,Medium Risk
2022-05-26,GOOGL,Medium Risk
2022-05-27,GOOGL,Medium Risk
2022-05-31,GOOGL,Medium Risk
2022-06-01,GOOGL,Medium Risk
2022-06-02,GOOGL,Medium Risk
2022-06-03,GOOGL,Medium Risk
2022-06-06,GOOGL,Medium Risk
2022-06-07,GOOGL,Medium Risk
2022-06-08,GOOGL,Medium Risk
2022-06-09,GOOGL,Medium Risk
2022-06-10,GOOGL,Medium Risk
2022-06-13,GOOGL,Medium Risk
2022-06-14,GOOGL,Medium Risk
2022-06-15,GOOGL,Medium Risk
2022-06-16,GOOGL,Medium Risk
2022-06-17,GOOGL,Medium Risk
2022-06-21,GOOGL,Medium Risk
2022-06-22,GOOGL,Medium Risk
2022-06-23,GOOGL,Medium Risk
2022-06-24,GOOGL,Medium Risk
2022-06-27,GOOGL,Medium Risk
2022-06-28,GOOGL,Medium Risk
2022-06-29,GOOGL,Medium Risk
2022-06-30,GOOGL,Medium Risk
2022-07-01,GOOGL,Medium Risk
2022-07-05,GOOGL,Medium Risk
2022-07-06,GOOGL,Medium Risk
2022-07-07,GOOGL,Medium Risk
2022-07-08,GOOGL,Medium Risk
2022-07-11,GOOGL,Medium Risk
2022-07-12,GOOGL,Medium Risk
2022-07-13,GOOGL,Medium Risk
2022-07-14,GOOGL,Medium Risk
2022-07-15,GOOGL,Medium Risk
2022-07-18,GOOGL,Medium Risk
2022-07-19,GOOGL,Medium Risk
2022-07-20,GOOGL,Medium Risk
2022-07-21,GOOGL,Medium Risk
2022-07-22,GOOGL,Medium Risk
2022-07-25,GOOGL,Medium Risk
2022-07-26,GOOGL,Medium Risk
2022-07-27,GOOGL,Medium Risk
2022-07-28,GOOGL,Medium Risk
2022-07-29,GOOGL,Medium Risk
2022-08-01,GOOGL,Medium Risk
2022-08-02,GOOGL,Medium Risk
2022-08-03,GOOGL,Medium Risk
2022-08-04,GOOGL,Medium Risk
2022-08-05,GOOGL,Medium Risk
2022-08-08,GOOGL,Medium Risk
2022-08-09,GOOGL,Medium Risk
2022-08-10,GOOGL,Medium Risk
2022-08-11,GOOGL,Medium Risk
2022-08-12,GOOGL,Medium Risk
2022-08-15,GOOGL,Medium Risk
2022-08-16,GOOGL,Medium Risk
2022-08-17,GOOGL,Medium Risk
2022-08-18,GOOGL,Medium Risk
2022-08-19,GOOGL,Medium Risk
2022-08-22,GOOGL,Medium Risk
2022-08-23,GOOGL,Medium Risk
2022-08-24,GOOGL,Medium Risk
2022-08-25,GOOGL,Medium Risk
2022-08-26,GOOGL,Medium Risk
2022-08-29,GOOGL,Medium Risk
2022-08-30,GOOGL,Medium Risk
2022-08-31,GOOGL,Medium Risk
2022-09-01,GOOGL,Medium Risk
2022-09-02,GOOGL,Medium Risk
2022-09-06,GOOGL,Medium Risk
2022-09-07,GOOGL,Medium Risk
2022-09-08,GOOGL,Medium Risk
2022-09-09,GOOGL,Medium Risk
2022-09-12,GOOGL,Medium Risk
2022-09-13,GOOGL,Medium Risk
2022-09-14,GOOGL,Medium Risk
2022-09-15,GOOGL,Medium Risk
2022-09-16,GOOGL,Medium Risk
2022-09-19,GOOGL,Medium Risk
2022-09-20,GOOGL,Medium Risk
2022-09-21,GOOGL,Medium Risk
2022-09-22,GOOGL,Medium Risk
2022-09-23,GOOGL,Medium Risk
2022-09-26,GOOGL,Medium Risk
2022-09-27,GOOGL,Medium Risk
2022-09-28,GOOGL,Medium Risk
2022-09-29,GOOGL,Medium Risk
2022-09-30,GOOGL,Medium Risk
2022-10-03,GOOGL,Medium Risk
2022-10-04,GOOGL,Medium Risk
2022-10-05,GOOGL,Medium Risk
2022-10-06,GOOGL,Medium Risk
2022-10-07,GOOGL,Medium Risk
2022-10-10,GOOGL,Medium Risk
2022-10-11,GOOGL,Medium Risk
2022-10-12,GOOGL,Medium Risk
2022-10-13,GOOGL,Medium Risk
2022-10-14,GOOGL,Medium Risk
2022-10-17,GOOGL,Medium Risk
2022-10-18,GOOGL,Medium Risk
2022-10-19,GOOGL,Medium Risk
2022-10-20,GOOGL,Medium Risk
2022-10-21,GOOGL,Medium Risk
2022-10-24,GOOGL,Medium Risk
2022-10-25,GOOGL,Medium Risk
2022-10-26,GOOGL,Medium Risk
2022-10-27,GOOGL,Medium Risk
2022-10-28,GOOGL,Medium Risk
2022-10-31,GOOGL,Medium Risk
2022-11-01,GOOGL,Medium Risk
2022-11-02,GOOGL,Medium Risk
2022-11-03,GOOGL,Medium Risk
2022-11-04,GOOGL,Medium Risk
2022-11-07,GOOGL,Medium Risk
2022-11-08,GOOGL,Medium Risk
2022-11-09,GOOGL,Medium Risk
2022-11-10,GOOGL,Medium Risk
2022-11-11,GOOGL,Medium Risk
2022-11-14,GOOGL,Medium Risk
2022-11-15,GOOGL,Medium Risk
2022-11-16,GOOGL,Medium Risk
2022-11-17,GOOGL,Medium Risk
2022-11-18,GOOGL,Medium Risk
2022-11-21,GOOGL,Medium Risk
2022-11-22,GOOGL,Medium Risk
2022-11-23,GOOGL,Medium Risk
2022-11-25,GOOGL,Medium Risk
2022-11-28,GOOGL,Medium Risk
2022-11-29,GOOGL,Medium Risk
2022-11-30,GOOGL,Medium Risk
2022-12-01,GOOGL,Medium Risk
2022-12-02,GOOGL,Medium Risk
2022-12-05,GOOGL,Medium Risk
2022-12-06,GOOGL,Medium Risk
2022-12-07,GOOGL,Medium Risk
2022-12-08,GOOGL,Medium Risk
2022-12-09,GOOGL,Medium Risk
2022-12-12,GOOGL,Medium Risk
2022-12-13,GOOGL,Medium Risk
2022-12-14,GOOGL,Medium Risk
2022-12-15,GOOGL,Medium Risk
2022-12-16,GOOGL,Medium Risk
2022-12-19,GOOGL,Medium Risk
2022-12-20,GOOGL,Medium Risk
2022-12-21,GOOGL,Medium Risk
2022-12-22,GOOGL,Medium Risk
2022-12-23,GOOGL,Medium Risk
2022-12-27,GOOGL,Medium Risk
2022-12-28,GOOGL,Medium Risk
2022-12-29,GOOGL,Medium Risk
2022-12-30,GOOGL,Medium Risk
2023-01-03,GOOGL,Medium Risk
2023-01-04,GOOGL,Medium Risk
2023-01-05,GOOGL,Medium Risk
2023-01-06,GOOGL,Medium Risk
2023-01-09,GOOGL,Medium Risk
2023-01-10,GOOGL,Medium Risk
2023-01-11,GOOGL,Medium Risk
2023-01-12,GOOGL,Medium Risk
2023-01-13,GOOGL,Medium Risk
2023-01-17,GOOGL,Medium Risk
2023-01-18,GOOGL,Medium Risk
2023-01-19,GOOGL,Medium Risk
2023-01-20,GOOGL,Medium Risk
2023-01-23,GOOGL,Medium Risk
2023-01-24,GOOGL,Medium Risk
2023-01-25,GOOGL,Medium Risk
2023-01-26,GOOGL,Medium Risk
2023-01-27,GOOGL,Medium Risk
2023-01-30,GOOGL,Medium Risk
2023-01-31,GOOGL,Medium Risk
2023-02-01,GOOGL,Medium Risk
2023-02-02,GOOGL,Medium Risk
2023-02-03,GOOGL,Medium Risk
2023-02-06,GOOGL,Medium Risk
2023-02-07,GOOGL,Medium Risk
2023-02-08,GOOGL,Medium Risk
2023-02-09,GOOGL,Medium Risk
2023-02-10,GOOGL,Medium Risk
2023-02-13,GOOGL,Medium Risk
2023-02-14,GOOGL,Medium Risk
2023-02-15,GOOGL,Medium Risk
2023-02-16,GOOGL,Medium Risk
2023-02-17,GOOGL,Medium Risk
2023-02-21,GOOGL,Medium Risk
2023-02-22,GOOGL,Medium Risk
2023-02-23,GOOGL,Medium Risk
2023-02-24,GOOGL,Medium Risk
2023-02-27,GOOGL,Medium Risk
2023-02-28,GOOGL,Medium Risk
2023-03-01,GOOGL,Medium Risk
2023-03-02,GOOGL,Medium Risk
2023-03-03,GOOGL,Medium Risk
2023-03-06,GOOGL,Medium Risk
2023-03-07,GOOGL,Medium Risk
2023-03-08,GOOGL,Medium Risk
2023-03-09,GOOGL,Medium Risk
2023-03-10,GOOGL,Medium Risk
2023-03-13,GOOGL,Medium Risk
2023-03-14,GOOGL,Medium Risk
2023-03-15,GOOGL,Medium Risk
2023-03-16,GOOGL,Medium Risk
2023-03-17,GOOGL,Medium Risk
2023-03-20,GOOGL,Medium Risk
2023-03-21,GOOGL,Medium Risk
2023-03-22,GOOGL,Medium Risk
2023-03-23,GOOGL,Medium Risk
2023-03-24,GOOGL,Medium Risk
2023-03-27,GOOGL,Medium Risk
2023-03-28,GOOGL,Medium Risk
2023-03-29,GOOGL,Medium Risk
2023-03-30,GOOGL,Medium Risk
2023-03-31,GOOGL,Medium Risk
2023-04-03,GOOGL,Medium Risk
2023-04-04,GOOGL,Medium Risk
2023-04-05,GOOGL,Medium Risk
2023-04-06,GOOGL,Medium Risk
2023-04-10,GOOGL,Medium Risk
2023-04-11,GOOGL,Medium Risk
2023-04-12,GOOGL,Medium Risk
2023-04-13,GOOGL,Medium Risk
2023-04-14,GOOGL,Medium Risk
2023-04-17,GOOGL,Medium Risk
2023-04-18,GOOGL,Medium Risk
2023-04-19,GOOGL,Medium Risk
2023-04-20,GOOGL,Medium Risk
2023-04-21,GOOGL,Medium Risk
2023-04-24,GOOGL,Medium Risk
2023-04-25,GOOGL,Medium Risk
2023-04-26,GOOGL,Medium Risk
2023-04-27,GOOGL,Medium Risk
2023-04-28,GOOGL,Medium Risk
2023-05-01,GOOGL,Medium Risk
2023-05-02,GOOGL,Medium Risk
2023-05-03,GOOGL,Medium Risk
2023-05-04,GOOGL,Medium Risk
2023-05-05,GOOGL,Medium Risk
2023-05-08,GOOGL,Medium Risk
2023-05-09,GOOGL,Medium Risk
2023-05-10,GOOGL,Medium Risk
2023-05-11,GOOGL,Medium Risk
2023-05-12,GOOGL,Medium Risk
2023-05-15,GOOGL,Medium Risk
2023-05-16,GOOGL,Medium Risk
2023-05-17,GOOGL,Medium Risk
2023-05-18,GOOGL,Medium Risk
2023-05-19,GOOGL,Medium Risk
2023-05-22,GOOGL,Medium Risk
2023-05-23,GOOGL,Medium Risk
2023-05-24,GOOGL,Medium Risk
2023-05-25,GOOGL,Medium Risk
2023-05-26,GOOGL,Medium Risk
2023-05-30,GOOGL,Medium Risk
2023-05-31,GOOGL,Medium Risk
2023-06-01,GOOGL,Medium Risk
2023-06-02,GOOGL,Medium Risk
2023-06-05,GOOGL,Medium Risk
2023-06-06,GOOGL,Medium Risk
2023-06-07,GOOGL,Medium Risk
2023-06-08,GOOGL,Medium Risk
2023-06-09,GOOGL,Medium Risk
2023-06-12,GOOGL,Medium Risk
2023-06-13,GOOGL,Medium Risk
2023-06-14,GOOGL,Medium Risk
2023-06-15,GOOGL,Medium Risk
2023-06-16,GOOGL,Medium Risk
2023-06-20,GOOGL,Medium Risk
2023-06-21,GOOGL,Medium Risk
2023-06-22,GOOGL,Medium Risk
2023-06-23,GOOGL,Medium Risk
2023-06-26,GOOGL,Medium Risk
2023-06-27,GOOGL,Medium Risk
2023-06-28,GOOGL,Medium Risk
2023-06-29,GOOGL,Medium Risk
2023-06-30,GOOGL,Medium Risk
2023-07-03,GOOGL,Medium Risk
2023-07-05,GOOGL,Medium Risk
2023-07-06,GOOGL,Medium Risk
2023-07-07,GOOGL,Medium Risk
2023-07-10,GOOGL,Medium Risk
2023-07-11,GOOGL,Medium Risk
2023-07-12,GOOGL,Medium Risk
2023-07-13,GOOGL,Medium Risk
2023-07-14,GOOGL,Medium Risk
2023-07-17,GOOGL,Medium Risk
2023-07-18,GOOGL,Medium Risk
2023-07-19,GOOGL,Medium Risk
2023-07-20,GOOGL,Medium Risk
2023-07-21,GOOGL,Medium Risk
2023-07-24,GOOGL,Medium Risk
2023-07-25,GOOGL,Medium Risk
2023-07-26,GOOGL,Medium Risk
2023-07-27,GOOGL,Medium Risk
2023-07-28,GOOGL,High Risk
2023-07-31,GOOGL,High Risk
2023-08-01,GOOGL,High Risk
2023-08-02,GOOGL,High Risk
2023-08-03,GOOGL,High Risk
2023-08-04,GOOGL,High Risk
2023-08-07,GOOGL,High Risk
2023-08-08,GOOGL,High Risk
2023-08-09,GOOGL,High Risk
2023-08-10,GOOGL,High Risk
2023-08-11,GOOGL,High Risk
2023-08-14,GOOGL,High Risk
2023-08-15,GOOGL,High Risk
2023-08-16,GOOGL,High Risk
2023-08-17,GOOGL,High Risk
2023-08-18,GOOGL,High Risk
2023-08-21,GOOGL,High Risk
2023-08-22,GOOGL,High Risk
2023-08-23,GOOGL,High Risk
2023-08-24,GOOGL,High Risk
2023-08-25,GOOGL,High Risk
2023-08-28,GOOGL,High Risk
2023-08-29,GOOGL,High Risk
2023-08-30,GOOGL,High Risk
2023-08-31,GOOGL,High Risk
2023-09-01,GOOGL,High Risk
2023-09-05,GOOGL,High Risk
2023-09-06,GOOGL,High Risk
2023-09-07,GOOGL,High Risk
2023-09-08,GOOGL,High Risk
2023-09-11,GOOGL,High Risk
2023-09-12,GOOGL,High Risk
2023-09-13,GOOGL,High Risk
2023-09-14,GOOGL,High Risk
2023-09-15,GOOGL,High Risk
2023-09-18,GOOGL,High Risk
2023-09-19,GOOGL,High Risk
2023-09-20,GOOGL,High Risk
2023-09-21,GOOGL,High Risk
2023-09-22,GOOGL,High Risk
2023-09-25,GOOGL,High Risk
2023-09-26,GOOGL,High Risk
2023-09-27,GOOGL,High Risk
2023-09-28,GOOGL,High Risk
2023-09-29,GOOGL,High Risk
2023-10-02,GOOGL,High Risk
2023-10-03,GOOGL,High Risk
2023-10-04,GOOGL,High Risk
2023-10-05,GOOGL,High Risk
2023-10-06,GOOGL,High Risk
2023-10-09,GOOGL,High Risk
2023-10-10,GOOGL,High Risk
2023-10-11,GOOGL,High Risk
2023-10-12,GOOGL,High Risk
2023-10-13,GOOGL,High Risk
2023-10-16,GOOGL,High Risk
2023-10-17,GOOGL,High Risk
2023-10-18,GOOGL,High Risk
2023-10-19,GOOGL,High Risk
2023-10-20,GOOGL,High Risk
2023-10-23,GOOGL,High Risk
2023-10-24,GOOGL,High Risk
2023-10-25,GOOGL,High Risk
2023-10-26,GOOGL,High Risk
2023-10-27,GOOGL,High Risk
2023-10-30,GOOGL,High Risk
2023-10-31,GOOGL,Medium Risk
2023-11-01,GOOGL,Medium Risk
2023-11-02,GOOGL,High Risk
2023-11-03,GOOGL,High Risk
2023-11-06,GOOGL,High Risk
2023-11-07,GOOGL,High Risk
2023-11-08,GOOGL,High Risk
2023-11-09,GOOGL,High Risk
2023-11-10,GOOGL,High Risk
2023-11-13,GOOGL,High Risk
2023-11-14,GOOGL,High Risk
2023-11-15,GOOGL,High Risk
2023-11-16,GOOGL,High Risk
2023-11-17,GOOGL,High Risk
2023-11-20,GOOGL,High Risk
2023-11-21,GOOGL,High Risk
2023-11-22,GOOGL,High Risk
2023-11-24,GOOGL,High Risk
2023-11-27,GOOGL,High Risk
2023-11-28,GOOGL,High Risk
2023-11-29,GOOGL,High Risk
2023-11-30,GOOGL,High Risk
2023-12-01,GOOGL,High Risk
2023-12-04,GOOGL,High Risk
2023-12-05,GOOGL,High Risk
2023-12-06,GOOGL,High Risk
2023-12-07,GOOGL,High Risk
2023-12-08,GOOGL,High Risk
2023-12-11,GOOGL,High Risk
2023-12-12,GOOGL,High Risk
2023-12-13,GOOGL,High Risk
2023-12-14,GOOGL,High Risk
2023-12-15,GOOGL,High Risk
2023-12-18,GOOGL,High Risk
2023-12-19,GOOGL,High Risk
2023-12-20,GOOGL,High Risk
2023-12-21,GOOGL,High Risk
2023-12-22,GOOGL,High Risk
2023-12-26,GOOGL,High Risk
2023-12-27,GOOGL,High Risk
2023-12-28,GOOGL,High Risk
2023-12-29,GOOGL,High Risk
2024-01-02,GOOGL,High Risk
2024-01-03,GOOGL,High Risk
2024-01-04,GOOGL,High Risk
2024-01-05,GOOGL,High Risk
2024-01-08,GOOGL,High Risk
2024-01-09,GOOGL,High Risk
2024-01-10,GOOGL,High Risk
2024-01-11,GOOGL,High Risk
2024-01-12,GOOGL,High Risk
2024-01-16,GOOGL,High Risk
2024-01-17,GOOGL,High Risk
2024-01-18,GOOGL,High Risk
2024-01-19,GOOGL,High Risk
2024-01-22,GOOGL,High Risk
2024-01-23,GOOGL,High Risk
2024-01-24,GOOGL,High Risk
2024-01-25,GOOGL,High Risk
2024-01-26,GOOGL,High Risk
2024-01-29,GOOGL,High Risk
2024-01-30,GOOGL,High Risk
2024-01-31,GOOGL,High Risk
2024-02-01,GOOGL,High Risk
2024-02-02,GOOGL,High Risk
2024-02-05,GOOGL,High Risk
2024-02-06,GOOGL,High Risk
2024-02-07,GOOGL,High Risk
2024-02-08,GOOGL,High Risk
2024-02-09,GOOGL,High Risk
2024-02-12,GOOGL,High Risk
2024-02-13,GOOGL,High Risk
2024-02-14,GOOGL,High Risk
2024-02-15,GOOGL,High Risk
2024-02-16,GOOGL,High Risk
2024-02-20,GOOGL,High Risk
2024-02-21,GOOGL,High Risk
2024-02-22,GOOGL,High Risk
2024-02-23,GOOGL,High Risk
2024-02-26,GOOGL,High Risk
2024-02-27,GOOGL,High Risk
2024-02-28,GOOGL,High Risk
2024-02-29,GOOGL,High Risk
2024-03-01,GOOGL,High Risk
2024-03-04,GOOGL,High Risk
2024-03-05,GOOGL,High Risk
2024-03-06,GOOGL,High Risk
2024-03-07,GOOGL,High Risk
2024-03-08,GOOGL,High Risk
2024-03-11,GOOGL,High Risk
2024-03-12,GOOGL,High Risk
2024-03-13,GOOGL,High Risk
2024-03-14,GOOGL,High Risk
2024-03-15,GOOGL,High Risk
2024-03-18,GOOGL,High Risk
2024-03-19,GOOGL,High Risk
2024-03-20,GOOGL,High Risk
2024-03-21,GOOGL,High Risk
2024-03-22,GOOGL,High Risk
2024-03-25,GOOGL,High Risk
2024-03-26,GOOGL,High Risk
2024-03-27,GOOGL,High Risk
2024-03-28,GOOGL,High Risk
2024-04-01,GOOGL,High Risk
2024-04-02,GOOGL,High Risk
2024-04-03,GOOGL,High Risk
2024-04-04,GOOGL,High Risk
2024-04-05,GOOGL,High Risk
2024-04-08,GOOGL,High Risk
2024-04-09,GOOGL,High Risk
2024-04-10,GOOGL,High Risk
2024-04-11,GOOGL,High Risk
2024-04-12,GOOGL,High Risk
2024-04-15,GOOGL,High Risk
2024-04-16,GOOGL,High Risk
2024-04-17,GOOGL,High Risk
2024-04-18,GOOGL,High Risk
2024-04-19,GOOGL,High Risk
2024-04-22,GOOGL,High Risk
2024-04-23,GOOGL,High Risk
2024-04-24,GOOGL,High Risk
2024-04-25,GOOGL,High Risk
2024-04-26,GOOGL,High Risk
2024-04-29,GOOGL,High Risk
2024-04-30,GOOGL,High Risk
2024-05-01,GOOGL,High Risk
2024-05-02,GOOGL,High Risk
2024-05-03,GOOGL,High Risk
2024-05-06,GOOGL,High Risk
2024-05-07,GOOGL,High Risk
2024-05-08,GOOGL,High Risk
2024-05-09,GOOGL,High Risk
2024-05-10,GOOGL,High Risk
2024-05-13,GOOGL,High Risk
2024-05-14,GOOGL,High Risk
2024-05-15,GOOGL,High Risk
2024-05-16,GOOGL,High Risk
2024-05-17,GOOGL,High Risk
2024-05-20,GOOGL,High Risk
2024-05-21,GOOGL,High Risk
2024-05-22,GOOGL,High Risk
2024-05-23,GOOGL,High Risk
2024-05-24,GOOGL,High Risk
2024-05-28,GOOGL,High Risk
2024-05-29,GOOGL,High Risk
2024-05-30,GOOGL,High Risk
2024-05-31,GOOGL,High Risk
2024-06-03,GOOGL,High Risk
2024-06-04,GOOGL,High Risk
2024-06-05,GOOGL,High Risk
2024-06-06,GOOGL,High Risk
2024-06-07,GOOGL,High Risk
2024-06-10,GOOGL,High Risk
2024-06-11,GOOGL,High Risk
2024-06-12,GOOGL,High Risk
2024-06-13,GOOGL,High Risk
2024-06-14,GOOGL,High Risk
2024-06-17,GOOGL,High Risk
2024-06-18,GOOGL,High Risk
2024-06-20,GOOGL,High Risk
2024-06-21,GOOGL,High Risk
2024-06-24,GOOGL,High Risk
2024-06-25,GOOGL,High Risk
2024-06-26,GOOGL,High Risk
2024-06-27,GOOGL,High Risk
2024-06-28,GOOGL,High Risk
2024-07-01,GOOGL,High Risk
2024-07-02,GOOGL,High Risk
2024-07-03,GOOGL,High Risk
2024-07-05,GOOGL,High Risk
2024-07-08,GOOGL,High Risk
2024-07-09,GOOGL,High Risk
2024-07-10,GOOGL,High Risk
2024-07-11,GOOGL,High Risk
2024-07-12,GOOGL,High Risk
2024-07-15,GOOGL,High Risk
2024-07-16,GOOGL,High Risk
2024-07-17,GOOGL,High Risk
2024-07-18,GOOGL,High Risk
2024-07-19,GOOGL,High Risk
2024-07-22,GOOGL,High Risk
2024-07-23,GOOGL,High Risk
2024-07-24,GOOGL,High Risk
2024-07-25,GOOGL,High Risk
2024-07-26,GOOGL,High Risk
2024-07-29,GOOGL,High Risk
2024-07-30,GOOGL,High Risk
2024-07-31,GOOGL,High Risk
2024-08-01,GOOGL,High Risk
2024-08-02,GOOGL,High Risk
2024-08-05,GOOGL,High Risk
2024-08-06,GOOGL,High Risk
2024-08-07,GOOGL,High Risk
2024-08-08,GOOGL,High Risk
2024-08-09,GOOGL,High Risk
2024-08-12,GOOGL,High Risk
2024-08-13,GOOGL,High Risk
2024-08-14,GOOGL,High Risk
2024-08-15,GOOGL,High Risk
2024-08-16,GOOGL,High Risk
2024-08-19,GOOGL,High Risk
2024-08-20,GOOGL,High Risk
2024-08-21,GOOGL,High Risk
2024-08-22,GOOGL,High Risk
2024-08-23,GOOGL,High Risk
2024-08-26,GOOGL,High Risk
2024-08-27,GOOGL,High Risk
2024-08-28,GOOGL,High Risk
2024-08-29,GOOGL,High Risk
2024-08-30,GOOGL,High Risk
2024-09-03,GOOGL,High Risk
2024-09-04,GOOGL,High Risk
2024-09-05,GOOGL,High Risk
2024-09-06,GOOGL,High Risk
2024-09-09,GOOGL,High Risk
2024-09-10,GOOGL,High Risk
2024-09-11,GOOGL,High Risk
2024-09-12,GOOGL,High Risk
2024-09-13,GOOGL,High Risk
2024-09-16,GOOGL,High Risk
2024-09-17,GOOGL,High Risk
2024-09-18,GOOGL,High Risk
2024-09-19,GOOGL,High Risk
2024-09-20,GOOGL,High Risk
2024-09-23,GOOGL,High Risk
2024-09-24,GOOGL,High Risk
2024-09-25,GOOGL,High Risk
2024-09-26,GOOGL,High Risk
2024-09-27,GOOGL,High Risk
2024-09-30,GOOGL,High Risk
2024-10-01,GOOGL,High Risk
2024-10-02,GOOGL,High Risk
2024-10-03,GOOGL,High Risk
2024-10-04,GOOGL,High Risk
2024-10-07,GOOGL,High Risk
2024-10-08,GOOGL,High Risk
2024-10-09,GOOGL,High Risk
2024-10-10,GOOGL,High Risk
2024-10-11,GOOGL,High Risk
2024-10-14,GOOGL,High Risk
2024-10-15,GOOGL,High Risk
2024-10-16,GOOGL,High Risk
2024-10-17,GOOGL,High Risk
2024-10-18,GOOGL,High Risk
2024-10-21,GOOGL,High Risk
2024-10-22,GOOGL,High Risk
2024-10-23,GOOGL,High Risk
2024-10-24,GOOGL,High Risk
2024-10-25,GOOGL,High Risk
2024-10-28,GOOGL,High Risk
2024-10-29,GOOGL,High Risk
2024-10-30,GOOGL,High Risk
2024-10-31,GOOGL,High Risk
2024-11-01,GOOGL,High Risk
2024-11-04,GOOGL,High Risk
2024-11-05,GOOGL,High Risk
2024-11-06,GOOGL,High Risk
2024-11-07,GOOGL,High Risk
2024-11-08,GOOGL,High Risk
2024-11-11,GOOGL,High Risk
2024-11-12,GOOGL,High Risk
2024-11-13,GOOGL,High Risk
2024-11-14,GOOGL,High Risk
2024-11-15,GOOGL,High Risk
2024-11-18,GOOGL,High Risk
2024-11-19,GOOGL,High Risk
2024-11-20,GOOGL,High Risk
2024-11-21,GOOGL,High Risk
2024-11-22,GOOGL,High Risk
2024-11-25,GOOGL,High Risk
2024-11-26,GOOGL,High Risk
2024-11-27,GOOGL,High Risk
2024-11-29,GOOGL,High Risk
2024-12-02,GOOGL,High Risk
2024-12-03,GOOGL,High Risk
2024-12-04,GOOGL,High Risk
2024-12-05,GOOGL,High Risk
2024-12-06,GOOGL,High Risk
2024-12-09,GOOGL,High Risk
2024-12-10,GOOGL,High Risk
2024-12-11,GOOGL,High Risk
2024-12-12,GOOGL,High Risk
2024-12-13,GOOGL,High Risk
2024-12-16,GOOGL,High Risk
2024-12-17,GOOGL,High Risk
2024-12-18,GOOGL,High Risk
2024-12-19,GOOGL,High Risk
2024-12-20,GOOGL,High Risk
2024-12-23,GOOGL,High Risk
2024-12-24,GOOGL,High Risk
2024-12-26,GOOGL,High Risk
2024-12-27,GOOGL,High Risk
2024-12-30,GOOGL,High Risk
2024-12-31,GOOGL,High Risk
2025-01-02,GOOGL,High Risk
2025-01-03,GOOGL,High Risk
2025-01-06,GOOGL,High Risk
2025-01-07,GOOGL,High Risk
2025-01-08,GOOGL,High Risk
2025-01-10,GOOGL,High Risk
2025-01-13,GOOGL,High Risk
2025-01-14,GOOGL,High Risk
2025-01-15,GOOGL,High Risk
2025-01-16,GOOGL,High Risk
2025-01-17,GOOGL,High Risk
2025-01-21,GOOGL,High Risk
2025-01-22,GOOGL,High Risk
2025-01-23,GOOGL,High Risk
2025-01-24,GOOGL,High Risk
2025-01-27,GOOGL,High Risk
2025-01-28,GOOGL,High Risk
2025-01-29,GOOGL,High Risk
2025-01-30,GOOGL,High Risk
2025-01-31,GOOGL,High Risk
2025-02-03,GOOGL,High Risk
2025-02-04,GOOGL,High Risk
2025-02-05,GOOGL,High Risk
2025-02-06,GOOGL,High Risk
2025-02-07,GOOGL,High Risk
2025-02-10,GOOGL,High Risk
2025-02-11,GOOGL,High Risk
2025-02-12,GOOGL,High Risk
2025-02-13,GOOGL,High Risk
2025-02-14,GOOGL,High Risk
2025-02-18,GOOGL,High Risk
2025-02-19,GOOGL,High Risk
2025-02-20,GOOGL,High Risk
2025-02-21,GOOGL,High Risk
2025-02-24,GOOGL,High Risk
2025-02-25,GOOGL,High Risk
2025-02-26,GOOGL,High Risk
2025-02-27,GOOGL,High Risk
2025-02-28,GOOGL,High Risk
2025-03-03,GOOGL,High Risk
2025-03-04,GOOGL,High Risk
2025-03-05,GOOGL,High Risk
2025-03-06,GOOGL,High Risk
2025-03-07,GOOGL,High Risk
2025-03-10,GOOGL,High Risk
2025-03-11,GOOGL,High Risk
2025-03-12,GOOGL,High Risk
2025-03-13,GOOGL,High Risk
2025-03-14,GOOGL,High Risk
2025-03-17,GOOGL,High Risk
2025-03-18,GOOGL,High Risk
2025-03-19,GOOGL,High Risk
2025-03-20,GOOGL,High Risk
2025-03-21,GOOGL,High Risk
2025-03-24,GOOGL,High Risk
2025-03-25,GOOGL,High Risk
2025-03-26,GOOGL,High Risk
2025-03-27,GOOGL,High Risk
2025-03-28,GOOGL,High Risk
2025-03-31,GOOGL,High Risk
2025-04-01,GOOGL,High Risk
2025-04-02,GOOGL,High Risk
2025-04-03,GOOGL,High Risk
2025-04-04,GOOGL,High Risk
2025-04-07,GOOGL,High Risk
2025-04-08,GOOGL,High Risk
2025-04-09,GOOGL,High Risk
2025-04-10,GOOGL,High Risk
2025-04-11,GOOGL,High Risk
2025-04-14,GOOGL,High Risk
2025-04-15,GOOGL,High Risk
2025-04-16,GOOGL,High Risk
2025-04-17,GOOGL,High Risk
2025-04-21,GOOGL,High Risk
2025-04-22,GOOGL,High Risk
2025-04-23,GOOGL,High Risk
2025-04-24,GOOGL,High Risk
2025-04-25,GOOGL,High Risk
2025-04-28,GOOGL,High Risk
2025-04-29,GOOGL,High Risk
2025-04-30,GOOGL,High Risk
2025-05-01,GOOGL,High Risk
2025-05-02,GOOGL,High Risk
2025-05-05,GOOGL,High Risk
2025-05-06,GOOGL,High Risk
2025-05-07,GOOGL,High Risk
2025-05-08,GOOGL,High Risk
2025-05-09,GOOGL,High Risk
2022-01-03,IBM,Medium Risk
2022-01-04,IBM,Medium Risk
2022-01-05,IBM,Medium Risk
2022-01-06,IBM,Medium Risk
2022-01-07,IBM,Medium Risk
2022-01-10,IBM,Medium Risk
2022-01-11,IBM,Medium Risk
2022-01-12,IBM,Medium Risk
2022-01-13,IBM,Medium Risk
2022-01-14,IBM,Medium Risk
2022-01-18,IBM,Medium Risk
2022-01-19,IBM,Medium Risk
2022-01-20,IBM,Medium Risk
2022-01-21,IBM,Medium Risk
2022-01-24,IBM,Medium Risk
2022-01-25,IBM,Medium Risk
2022-01-26,IBM,Medium Risk
2022-01-27,IBM,Medium Risk
2022-01-28,IBM,Medium Risk
2022-01-31,IBM,Medium Risk
2022-02-01,IBM,Medium Risk
2022-02-02,IBM,Medium Risk
2022-02-03,IBM,Medium Risk
2022-02-04,IBM,Medium Risk
2022-02-07,IBM,Medium Risk
2022-02-08,IBM,Medium Risk
2022-02-09,IBM,Medium Risk
2022-02-10,IBM,Medium Risk
2022-02-11,IBM,Medium Risk
2022-02-14,IBM,Medium Risk
2022-02-15,IBM,Medium Risk
2022-02-16,IBM,Medium Risk
2022-02-17,IBM,Medium Risk
2022-02-18,IBM,Medium Risk
2022-02-22,IBM,Medium Risk
2022-02-23,IBM,Medium Risk
2022-02-24,IBM,Medium Risk
2022-02-25,IBM,Medium Risk
2022-02-28,IBM,Medium Risk
2022-03-01,IBM,Medium Risk
2022-03-02,IBM,Medium Risk
2022-03-03,IBM,Medium Risk
2022-03-04,IBM,Medium Risk
2022-03-07,IBM,Medium Risk
2022-03-08,IBM,Medium Risk
2022-03-09,IBM,Medium Risk
2022-03-10,IBM,Medium Risk
2022-03-11,IBM,Medium Risk
2022-03-14,IBM,Medium Risk
2022-03-15,IBM,Medium Risk
2022-03-16,IBM,Medium Risk
2022-03-17,IBM,Medium Risk
2022-03-18,IBM,Medium Risk
2022-03-21,IBM,Medium Risk
2022-03-22,IBM,Medium Risk
2022-03-23,IBM,Medium Risk
2022-03-24,IBM,Medium Risk
2022-03-25,IBM,Medium Risk
2022-03-28,IBM,Medium Risk
2022-03-29,IBM,Medium Risk
2022-03-30,IBM,Medium Risk
2022-03-31,IBM,Medium Risk
2022-04-01,IBM,Medium Risk
2022-04-04,IBM,Medium Risk
2022-04-05,IBM,Medium Risk
2022-04-06,IBM,Medium Risk
2022-04-07,IBM,Medium Risk
2022-04-08,IBM,Medium Risk
2022-04-11,IBM,Medium Risk
2022-04-12,IBM,Medium Risk
2022-04-13,IBM,Medium Risk
2022-04-14,IBM,Medium Risk
2022-04-18,IBM,Medium Risk
2022-04-19,IBM,Medium Risk
2022-04-20,IBM,Medium Risk
2022-04-21,IBM,Medium Risk
2022-04-22,IBM,Medium Risk
2022-04-25,IBM,Medium Risk
2022-04-26,IBM,Medium Risk
2022-04-27,IBM,Medium Risk
2022-04-28,IBM,Medium Risk
2022-04-29,IBM,Medium Risk
2022-05-02,IBM,Medium Risk
2022-05-03,IBM,Medium Risk
2022-05-04,IBM,Medium Risk
2022-05-05,IBM,Medium Risk
2022-05-06,IBM,Medium Risk
2022-05-09,IBM,Medium Risk
2022-05-10,IBM,Medium Risk
2022-05-11,IBM,Medium Risk
2022-05-12,IBM,Medium Risk
2022-05-13,IBM,Medium Risk
2022-05-16,IBM,Medium Risk
2022-05-17,IBM,Medium Risk
2022-05-18,IBM,Medium Risk
2022-05-19,IBM,Medium Risk
2022-05-20,IBM,Medium Risk
2022-05-23,IBM,Medium Risk
2022-05-24,IBM,Medium Risk
2022-05-25,IBM,Medium Risk
2022-05-26,IBM,Medium Risk
2022-05-27,IBM,Medium Risk
2022-05-31,IBM,Medium Risk
2022-06-01,IBM,Medium Risk
2022-06-02,IBM,Medium Risk
2022-06-03,IBM,Medium Risk
2022-06-06,IBM,Medium Risk
2022-06-07,IBM,Medium Risk
2022-06-08,IBM,Medium Risk
2022-06-09,IBM,Medium Risk
2022-06-10,IBM,Medium Risk
2022-06-13,IBM,Medium Risk
2022-06-14,IBM,Medium Risk
2022-06-15,IBM,Medium Risk
2022-06-16,IBM,Medium Risk
2022-06-17,IBM,Medium Risk
2022-06-21,IBM,Medium Risk
2022-06-22,IBM,Medium Risk
2022-06-23,IBM,Medium Risk
2022-06-24,IBM,Medium Risk
2022-06-27,IBM,Medium Risk
2022-06-28,IBM,Medium Risk
2022-06-29,IBM,Medium Risk
2022-06-30,IBM,Medium Risk
2022-07-01,IBM,Medium Risk
2022-07-05,IBM,Medium Risk
2022-07-06,IBM,Medium Risk
2022-07-07,IBM,Medium Risk
2022-07-08,IBM,Medium Risk
2022-07-11,IBM,Medium Risk
2022-07-12,IBM,Medium Risk
2022-07-13,IBM,Medium Risk
2022-07-14,IBM,Medium Risk
2022-07-15,IBM,Medium Risk
2022-07-18,IBM,Medium Risk
2022-07-19,IBM,Medium Risk
2022-07-20,IBM,Medium Risk
2022-07-21,IBM,Medium Risk
2022-07-22,IBM,Medium Risk
2022-07-25,IBM,Medium Risk
2022-07-26,IBM,Medium Risk
2022-07-27,IBM,Medium Risk
2022-07-28,IBM,Medium Risk
2022-07-29,IBM,Medium Risk
2022-08-01,IBM,Medium Risk
2022-08-02,IBM,Medium Risk
2022-08-03,IBM,Medium Risk
2022-08-04,IBM,Medium Risk
2022-08-05,IBM,Medium Risk
2022-08-08,IBM,Medium Risk
2022-08-09,IBM,Medium Risk
2022-08-10,IBM,Medium Risk
2022-08-11,IBM,Medium Risk
2022-08-12,IBM,Medium Risk
2022-08-15,IBM,Medium Risk
2022-08-16,IBM,Medium Risk
2022-08-17,IBM,Medium Risk
2022-08-18,IBM,Medium Risk
2022-08-19,IBM,Medium Risk
2022-08-22,IBM,Medium Risk
2022-08-23,IBM,Medium Risk
2022-08-24,IBM,Medium Risk
2022-08-25,IBM,Medium Risk
2022-08-26,IBM,Medium Risk
2022-08-29,IBM,Medium Risk
2022-08-30,IBM,Medium Risk
2022-08-31,IBM,Medium Risk
2022-09-01,IBM,Medium Risk
2022-09-02,IBM,Medium Risk
2022-09-06,IBM,Medium Risk
2022-09-07,IBM,Medium Risk
2022-09-08,IBM,Medium Risk
2022-09-09,IBM,Medium Risk
2022-09-12,IBM,Medium Risk
2022-09-13,IBM,Medium Risk
2022-09-14,IBM,Medium Risk
2022-09-15,IBM,Medium Risk
2022-09-16,IBM,Medium Risk
2022-09-19,IBM,Medium Risk
2022-09-20,IBM,Medium Risk
2022-09-21,IBM,Medium Risk
2022-09-22,IBM,Medium Risk
2022-09-23,IBM,Medium Risk
2022-09-26,IBM,Medium Risk
2022-09-27,IBM,Medium Risk
2022-09-28,IBM,Medium Risk
2022-09-29,IBM,Medium Risk
2022-09-30,IBM,Medium Risk
2022-10-03,IBM,Medium Risk
2022-10-04,IBM,Medium Risk
2022-10-05,IBM,Medium Risk
2022-10-06,IBM,Medium Risk
2022-10-07,IBM,Medium Risk
2022-10-10,IBM,Medium Risk
2022-10-11,IBM,Medium Risk
2022-10-12,IBM,Medium Risk
2022-10-13,IBM,Medium Risk
2022-10-14,IBM,Medium Risk
2022-10-17,IBM,Medium Risk
2022-10-18,IBM,Medium Risk
2022-10-19,IBM,Medium Risk
2022-10-20,IBM,Medium Risk
2022-10-21,IBM,Medium Risk
2022-10-24,IBM,Medium Risk
2022-10-25,IBM,Medium Risk
2022-10-26,IBM,Medium Risk
2022-10-27,IBM,Medium Risk
2022-10-28,IBM,Medium Risk
2022-10-31,IBM,Medium Risk
2022-11-01,IBM,Medium Risk
2022-11-02,IBM,Medium Risk
2022-11-03,IBM,Medium Risk
2022-11-04,IBM,Medium Risk
2022-11-07,IBM,Medium Risk
2022-11-08,IBM,Medium Risk
2022-11-09,IBM,Medium Risk
2022-11-10,IBM,Medium Risk
2022-11-11,IBM,Medium Risk
2022-11-14,IBM,High Risk
2022-11-15,IBM,High Risk
2022-11-16,IBM,High Risk
2022-11-17,IBM,High Risk
2022-11-18,IBM,High Risk
2022-11-21,IBM,High Risk
2022-11-22,IBM,High Risk
2022-11-23,IBM,High Risk
2022-11-25,IBM,High Risk
2022-11-28,IBM,High Risk
2022-11-29,IBM,High Risk
2022-11-30,IBM,High Risk
2022-12-01,IBM,High Risk
2022-12-02,IBM,High Risk
2022-12-05,IBM,High Risk
2022-12-06,IBM,High Risk
2022-12-07,IBM,High Risk
2022-12-08,IBM,High Risk
2022-12-09,IBM,High Risk
2022-12-12,IBM,High Risk
2022-12-13,IBM,High Risk
2022-12-14,IBM,High Risk
2022-12-15,IBM,High Risk
2022-12-16,IBM,High Risk
2022-12-19,IBM,High Risk
2022-12-20,IBM,High Risk
2022-12-21,IBM,High Risk
2022-12-22,IBM,High Risk
2022-12-23,IBM,High Risk
2022-12-27,IBM,High Risk
2022-12-28,IBM,High Risk
2022-12-29,IBM,High Risk
2022-12-30,IBM,High Risk
2023-01-03,IBM,High Risk
2023-01-04,IBM,High Risk
2023-01-05,IBM,High Risk
2023-01-06,IBM,High Risk
2023-01-09,IBM,High Risk
2023-01-10,IBM,High Risk
2023-01-11,IBM,High Risk
2023-01-12,IBM,High Risk
2023-01-13,IBM,High Risk
2023-01-17,IBM,High Risk
2023-01-18,IBM,High Risk
2023-01-19,IBM,High Risk
2023-01-20,IBM,High Risk
2023-01-23,IBM,High Risk
2023-01-24,IBM,High Risk
2023-01-25,IBM,High Risk
2023-01-26,IBM,High Risk
2023-01-27,IBM,High Risk
2023-01-30,IBM,Medium Risk
2023-01-31,IBM,Medium Risk
2023-02-01,IBM,Medium Risk
2023-02-02,IBM,Medium Risk
2023-02-03,IBM,Medium Risk
2023-02-06,IBM,Medium Risk
2023-02-07,IBM,Medium Risk
2023-02-08,IBM,Medium Risk
2023-02-09,IBM,Medium Risk
2023-02-10,IBM,Medium Risk
2023-02-13,IBM,Medium Risk
2023-02-14,IBM,Medium Risk
2023-02-15,IBM,Medium Risk
2023-02-16,IBM,Medium Risk
2023-02-17,IBM,Medium Risk
2023-02-21,IBM,Medium Risk
2023-02-22,IBM,Medium Risk
2023-02-23,IBM,Medium Risk
2023-02-24,IBM,Medium Risk
2023-02-27,IBM,Medium Risk
2023-02-28,IBM,Medium Risk
2023-03-01,IBM,Medium Risk
2023-03-02,IBM,Medium Risk
2023-03-03,IBM,Medium Risk
2023-03-06,IBM,Medium Risk
2023-03-07,IBM,Medium Risk
2023-03-08,IBM,Medium Risk
2023-03-09,IBM,Medium Risk
2023-03-10,IBM,Medium Risk
2023-03-13,IBM,Medium Risk
2023-03-14,IBM,Medium Risk
2023-03-15,IBM,Medium Risk
2023-03-16,IBM,Medium Risk
2023-03-17,IBM,Medium Risk
2023-03-20,IBM,Medium Risk
2023-03-21,IBM,Medium Risk
2023-03-22,IBM,Medium Risk
2023-03-23,IBM,Medium Risk
2023-03-24,IBM,Medium Risk
2023-03-27,IBM,Medium Risk
2023-03-28,IBM,Medium Risk
2023-03-29,IBM,Medium Risk
2023-03-30,IBM,Medium Risk
2023-03-31,IBM,Medium Risk
2023-04-03,IBM,Medium Risk
2023-04-04,IBM,Medium Risk
2023-04-05,IBM,Medium Risk
2023-04-06,IBM,Medium Risk
2023-04-10,IBM,Medium Risk
2023-04-11,IBM,Medium Risk
2023-04-12,IBM,Medium Risk
2023-04-13,IBM,Medium Risk
2023-04-14,IBM,Medium Risk
2023-04-17,IBM,Medium Risk
2023-04-18,IBM,Medium Risk
2023-04-19,IBM,Medium Risk
2023-04-20,IBM,Medium Risk
2023-04-21,IBM,Medium Risk
2023-04-24,IBM,Medium Risk
2023-04-25,IBM,Medium Risk
2023-04-26,IBM,Medium Risk
2023-04-27,IBM,Medium Risk
2023-04-28,IBM,Medium Risk
2023-05-01,IBM,Medium Risk
2023-05-02,IBM,Medium Risk
2023-05-03,IBM,Medium Risk
2023-05-04,IBM,Medium Risk
2023-05-05,IBM,Medium Risk
2023-05-08,IBM,Medium Risk
2023-05-09,IBM,Medium Risk
2023-05-10,IBM,Medium Risk
2023-05-11,IBM,Medium Risk
2023-05-12,IBM,Medium Risk
2023-05-15,IBM,Medium Risk
2023-05-16,IBM,Medium Risk
2023-05-17,IBM,Medium Risk
2023-05-18,IBM,Medium Risk
2023-05-19,IBM,Medium Risk
2023-05-22,IBM,Medium Risk
2023-05-23,IBM,Medium Risk
2023-05-24,IBM,Medium Risk
2023-05-25,IBM,Medium Risk
2023-05-26,IBM,Medium Risk
2023-05-30,IBM,Medium Risk
2023-05-31,IBM,Medium Risk
2023-06-01,IBM,Medium Risk
2023-06-02,IBM,Medium Risk
2023-06-05,IBM,Medium Risk
2023-06-06,IBM,Medium Risk
2023-06-07,IBM,Medium Risk
2023-06-08,IBM,Medium Risk
2023-06-09,IBM,Medium Risk
2023-06-12,IBM,Medium Risk
2023-06-13,IBM,Medium Risk
2023-06-14,IBM,Medium Risk
2023-06-15,IBM,High Risk
2023-06-16,IBM,High Risk
2023-06-20,IBM,High Risk
2023-06-21,IBM,High Risk
2023-06-22,IBM,Medium Risk
2023-06-23,IBM,Medium Risk
2023-06-26,IBM,Medium Risk
2023-06-27,IBM,Medium Risk
2023-06-28,IBM,Medium Risk
2023-06-29,IBM,Medium Risk
2023-06-30,IBM,Medium Risk
2023-07-03,IBM,Medium Risk
2023-07-05,IBM,Medium Risk
2023-07-06,IBM,Medium Risk
2023-07-07,IBM,Medium Risk
2023-07-10,IBM,Medium Risk
2023-07-11,IBM,Medium Risk
2023-07-12,IBM,Medium Risk
2023-07-13,IBM,Medium Risk
2023-07-14,IBM,Medium Risk
2023-07-17,IBM,Medium Risk
2023-07-18,IBM,Medium Risk
2023-07-19,IBM,Medium Risk
2023-07-20,IBM,Medium Risk
2023-07-21,IBM,High Risk
2023-07-24,IBM,High Risk
2023-07-25,IBM,High Risk
2023-07-26,IBM,High Risk
2023-07-27,IBM,High Risk
2023-07-28,IBM,High Risk
2023-07-31,IBM,High Risk
2023-08-01,IBM,High Risk
2023-08-02,IBM,High Risk
2023-08-03,IBM,High Risk
2023-08-04,IBM,High Risk
2023-08-07,IBM,High Risk
2023-08-08,IBM,High Risk
2023-08-09,IBM,High Risk
2023-08-10,IBM,High Risk
2023-08-11,IBM,High Risk
2023-08-14,IBM,High Risk
2023-08-15,IBM,High Risk
2023-08-16,IBM,High Risk
2023-08-17,IBM,High Risk
2023-08-18,IBM,High Risk
2023-08-21,IBM,High Risk
2023-08-22,IBM,High Risk
2023-08-23,IBM,High Risk
2023-08-24,IBM,High Risk
2023-08-25,IBM,High Risk
2023-08-28,IBM,High Risk
2023-08-29,IBM,High Risk
2023-08-30,IBM,High Risk
2023-08-31,IBM,High Risk
2023-09-01,IBM,High Risk
2023-09-05,IBM,High Risk
2023-09-06,IBM,High Risk
2023-09-07,IBM,High Risk
2023-09-08,IBM,High Risk
2023-09-11,IBM,High Risk
2023-09-12,IBM,High Risk
2023-09-13,IBM,High Risk
2023-09-14,IBM,High Risk
2023-09-15,IBM,High Risk
2023-09-18,IBM,High Risk
2023-09-19,IBM,High Risk
2023-09-20,IBM,High Risk
2023-09-21,IBM,High Risk
2023-09-22,IBM,High Risk
2023-09-25,IBM,High Risk
2023-09-26,IBM,High Risk
2023-09-27,IBM,High Risk
2023-09-28,IBM,High Risk
2023-09-29,IBM,High Risk
2023-10-02,IBM,High Risk
2023-10-03,IBM,High Risk
2023-10-04,IBM,High Risk
2023-10-05,IBM,High Risk
2023-10-06,IBM,High Risk
2023-10-09,IBM,High Risk
2023-10-10,IBM,High Risk
2023-10-11,IBM,High Risk
2023-10-12,IBM,High Risk
2023-10-13,IBM,High Risk
2023-10-16,IBM,High Risk
2023-10-17,IBM,High Risk
2023-10-18,IBM,High Risk
2023-10-19,IBM,High Risk
2023-10-20,IBM,High Risk
2023-10-23,IBM,High Risk
2023-10-24,IBM,High Risk
2023-10-25,IBM,High Risk
2023-10-26,IBM,High Risk
2023-10-27,IBM,High Risk
2023-10-30,IBM,High Risk
2023-10-31,IBM,High Risk
2023-11-01,IBM,High Risk
2023-11-02,IBM,High Risk
2023-11-03,IBM,High Risk
2023-11-06,IBM,High Risk
2023-11-07,IBM,High Risk
2023-11-08,IBM,High Risk
2023-11-09,IBM,High Risk
2023-11-10,IBM,High Risk
2023-11-13,IBM,High Risk
2023-11-14,IBM,High Risk
2023-11-15,IBM,High Risk
2023-11-16,IBM,High Risk
2023-11-17,IBM,High Risk
2023-11-20,IBM,High Risk
2023-11-21,IBM,High Risk
2023-11-22,IBM,High Risk
2023-11-24,IBM,High Risk
2023-11-27,IBM,High Risk
2023-11-28,IBM,High Risk
2023-11-29,IBM,High Risk
2023-11-30,IBM,High Risk
2023-12-01,IBM,High Risk
2023-12-04,IBM,High Risk
2023-12-05,IBM,High Risk
2023-12-06,IBM,High Risk
2023-12-07,IBM,High Risk
2023-12-08,IBM,High Risk
2023-12-11,IBM,High Risk
2023-12-12,IBM,High Risk
2023-12-13,IBM,High Risk
2023-12-14,IBM,High Risk
2023-12-15,IBM,High Risk
2023-12-18,IBM,High Risk
2023-12-19,IBM,High Risk
2023-12-20,IBM,High Risk
2023-12-21,IBM,High Risk
2023-12-22,IBM,High Risk
2023-12-26,IBM,High Risk
2023-12-27,IBM,High Risk
2023-12-28,IBM,High Risk
2023-12-29,IBM,High Risk
2024-01-02,IBM,High Risk
2024-01-03,IBM,High Risk
2024-01-04,IBM,High Risk
2024-01-05,IBM,High Risk
2024-01-08,IBM,High Risk
2024-01-09,IBM,High Risk
2024-01-10,IBM,High Risk
2024-01-11,IBM,High Risk
2024-01-12,IBM,High Risk
2024-01-16,IBM,High Risk
2024-01-17,IBM,High Risk
2024-01-18,IBM,High Risk
2024-01-19,IBM,High Risk
2024-01-22,IBM,High Risk
2024-01-23,IBM,High Risk
2024-01-24,IBM,High Risk
2024-01-25,IBM,High Risk
2024-01-26,IBM,High Risk
2024-01-29,IBM,High Risk
2024-01-30,IBM,High Risk
2024-01-31,IBM,High Risk
2024-02-01,IBM,High Risk
2024-02-02,IBM,High Risk
2024-02-05,IBM,High Risk
2024-02-06,IBM,High Risk
2024-02-07,IBM,High Risk
2024-02-08,IBM,High Risk
2024-02-09,IBM,High Risk
2024-02-12,IBM,High Risk
2024-02-13,IBM,High Risk
2024-02-14,IBM,High Risk
2024-02-15,IBM,High Risk
2024-02-16,IBM,High Risk
2024-02-20,IBM,High Risk
2024-02-21,IBM,High Risk
2024-02-22,IBM,High Risk
2024-02-23,IBM,High Risk
2024-02-26,IBM,High Risk
2024-02-27,IBM,High Risk
2024-02-28,IBM,High Risk
2024-02-29,IBM,High Risk
2024-03-01,IBM,High Risk
2024-03-04,IBM,High Risk
2024-03-05,IBM,High Risk
2024-03-06,IBM,High Risk
2024-03-07,IBM,High Risk
2024-03-08,IBM,High Risk
2024-03-11,IBM,High Risk
2024-03-12,IBM,High Risk
2024-03-13,IBM,High Risk
2024-03-14,IBM,High Risk
2024-03-15,IBM,High Risk
2024-03-18,IBM,High Risk
2024-03-19,IBM,High Risk
2024-03-20,IBM,High Risk
2024-03-21,IBM,High Risk
2024-03-22,IBM,High Risk
2024-03-25,IBM,High Risk
2024-03-26,IBM,High Risk
2024-03-27,IBM,High Risk
2024-03-28,IBM,High Risk
2024-04-01,IBM,High Risk
2024-04-02,IBM,High Risk
2024-04-03,IBM,High Risk
2024-04-04,IBM,High Risk
2024-04-05,IBM,High Risk
2024-04-08,IBM,High Risk
2024-04-09,IBM,High Risk
2024-04-10,IBM,High Risk
2024-04-11,IBM,High Risk
2024-04-12,IBM,High Risk
2024-04-15,IBM,High Risk
2024-04-16,IBM,High Risk
2024-04-17,IBM,High Risk
2024-04-18,IBM,High Risk
2024-04-19,IBM,High Risk
2024-04-22,IBM,High Risk
2024-04-23,IBM,High Risk
2024-04-24,IBM,High Risk
2024-04-25,IBM,High Risk
2024-04-26,IBM,High Risk
2024-04-29,IBM,High Risk
2024-04-30,IBM,High Risk
2024-05-01,IBM,High Risk
2024-05-02,IBM,High Risk
2024-05-03,IBM,High Risk
2024-05-06,IBM,High Risk
2024-05-07,IBM,High Risk
2024-05-08,IBM,High Risk
2024-05-09,IBM,High Risk
2024-05-10,IBM,High Risk
2024-05-13,IBM,High Risk
2024-05-14,IBM,High Risk
2024-05-15,IBM,High Risk
2024-05-16,IBM,High Risk
2024-05-17,IBM,High Risk
2024-05-20,IBM,High Risk
2024-05-21,IBM,High Risk
2024-05-22,IBM,High Risk
2024-05-23,IBM,High Risk
2024-05-24,IBM,High Risk
2024-05-28,IBM,High Risk
2024-05-29,IBM,High Risk
2024-05-30,IBM,High Risk
2024-05-31,IBM,High Risk
2024-06-03,IBM,High Risk
2024-06-04,IBM,High Risk
2024-06-05,IBM,High Risk
2024-06-06,IBM,High Risk
2024-06-07,IBM,High Risk
2024-06-10,IBM,High Risk
2024-06-11,IBM,High Risk
2024-06-12,IBM,High Risk
2024-06-13,IBM,High Risk
2024-06-14,IBM,High Risk
2024-06-17,IBM,High Risk
2024-06-18,IBM,High Risk
2024-06-20,IBM,High Risk
2024-06-21,IBM,High Risk
2024-06-24,IBM,High Risk
2024-06-25,IBM,High Risk
2024-06-26,IBM,High Risk
2024-06-27,IBM,High Risk
2024-06-28,IBM,High Risk
2024-07-01,IBM,High Risk
2024-07-02,IBM,High Risk
2024-07-03,IBM,High Risk
2024-07-05,IBM,High Risk
2024-07-08,IBM,High Risk
2024-07-09,IBM,High Risk
2024-07-10,IBM,High Risk
2024-07-11,IBM,High Risk
2024-07-12,IBM,High Risk
2024-07-15,IBM,High Risk
2024-07-16,IBM,High Risk
2024-07-17,IBM,High Risk
2024-07-18,IBM,High Risk
2024-07-19,IBM,High Risk
2024-07-22,IBM,High Risk
2024-07-23,IBM,High Risk
2024-07-24,IBM,High Risk
2024-07-25,IBM,High Risk
2024-07-26,IBM,High Risk
2024-07-29,IBM,High Risk
2024-07-30,IBM,High Risk
2024-07-31,IBM,High Risk
2024-08-01,IBM,High Risk
2024-08-02,IBM,High Risk
2024-08-05,IBM,High Risk
2024-08-06,IBM,High Risk
2024-08-07,IBM,High Risk
2024-08-08,IBM,High Risk
2024-08-09,IBM,High Risk
2024-08-12,IBM,High Risk
2024-08-13,IBM,High Risk
2024-08-14,IBM,High Risk
2024-08-15,IBM,High Risk
2024-08-16,IBM,High Risk
2024-08-19,IBM,High Risk
2024-08-20,IBM,High Risk
2024-08-21,IBM,High Risk
2024-08-22,IBM,High Risk
2024-08-23,IBM,High Risk
2024-08-26,IBM,High Risk
2024-08-27,IBM,High Risk
2024-08-28,IBM,High Risk
2024-08-29,IBM,High Risk
2024-08-30,IBM,High Risk
2024-09-03,IBM,High Risk
2024-09-04,IBM,High Risk
2024-09-05,IBM,High Risk
2024-09-06,IBM,High Risk
2024-09-09,IBM,High Risk
2024-09-10,IBM,High Risk
2024-09-11,IBM,High Risk
2024-09-12,IBM,High Risk
2024-09-13,IBM,High Risk
2024-09-16,IBM,High Risk
2024-09-17,IBM,High Risk
2024-09-18,IBM,High Risk
2024-09-19,IBM,High Risk
2024-09-20,IBM,High Risk
2024-09-23,IBM,High Risk
2024-09-24,IBM,High Risk
2024-09-25,IBM,High Risk
2024-09-26,IBM,High Risk
2024-09-27,IBM,High Risk
2024-09-30,IBM,High Risk
2024-10-01,IBM,High Risk
2024-10-02,IBM,High Risk
2024-10-03,IBM,High Risk
2024-10-04,IBM,High Risk
2024-10-07,IBM,High Risk
2024-10-08,IBM,High Risk
2024-10-09,IBM,High Risk
2024-10-10,IBM,High Risk
2024-10-11,IBM,High Risk
2024-10-14,IBM,High Risk
2024-10-15,IBM,High Risk
2024-10-16,IBM,High Risk
2024-10-17,IBM,High Risk
2024-10-18,IBM,High Risk
2024-10-21,IBM,High Risk
2024-10-22,IBM,High Risk
2024-10-23,IBM,High Risk
2024-10-24,IBM,High Risk
2024-10-25,IBM,High Risk
2024-10-28,IBM,High Risk
2024-10-29,IBM,High Risk
2024-10-30,IBM,High Risk
2024-10-31,IBM,High Risk
2024-11-01,IBM,High Risk
2024-11-04,IBM,High Risk
2024-11-05,IBM,High Risk
2024-11-06,IBM,High Risk
2024-11-07,IBM,High Risk
2024-11-08,IBM,High Risk
2024-11-11,IBM,High Risk
2024-11-12,IBM,High Risk
2024-11-13,IBM,High Risk
2024-11-14,IBM,High Risk
2024-11-15,IBM,High Risk
2024-11-18,IBM,High Risk
2024-11-19,IBM,High Risk
2024-11-20,IBM,High Risk
2024-11-21,IBM,High Risk
2024-11-22,IBM,High Risk
2024-11-25,IBM,High Risk
2024-11-26,IBM,High Risk
2024-11-27,IBM,High Risk
2024-11-29,IBM,High Risk
2024-12-02,IBM,High Risk
2024-12-03,IBM,High Risk
2024-12-04,IBM,High Risk
2024-12-05,IBM,High Risk
2024-12-06,IBM,High Risk
2024-12-09,IBM,High Risk
2024-12-10,IBM,High Risk
2024-12-11,IBM,High Risk
2024-12-12,IBM,High Risk
2024-12-13,IBM,High Risk
2024-12-16,IBM,High Risk
2024-12-17,IBM,High Risk
2024-12-18,IBM,High Risk
2024-12-19,IBM,High Risk
2024-12-20,IBM,High Risk
2024-12-23,IBM,High Risk
2024-12-24,IBM,High Risk
2024-12-26,IBM,High Risk
2024-12-27,IBM,High Risk
2024-12-30,IBM,High Risk
2024-12-31,IBM,High Risk
2025-01-02,IBM,High Risk
2025-01-03,IBM,High Risk
2025-01-06,IBM,High Risk
2025-01-07,IBM,High Risk
2025-01-08,IBM,High Risk
2025-01-10,IBM,High Risk
2025-01-13,IBM,High Risk
2025-01-14,IBM,High Risk
2025-01-15,IBM,High Risk
2025-01-16,IBM,High Risk
2025-01-17,IBM,High Risk
2025-01-21,IBM,High Risk
2025-01-22,IBM,High Risk
2025-01-23,IBM,High Risk
2025-01-24,IBM,High Risk
2025-01-27,IBM,High Risk
2025-01-28,IBM,High Risk
2025-01-29,IBM,High Risk
2025-01-30,IBM,High Risk
2025-01-31,IBM,High Risk
2025-02-03,IBM,High Risk
2025-02-04,IBM,High Risk
2025-02-05,IBM,High Risk
2025-02-06,IBM,High Risk
2025-02-07,IBM,High Risk
2025-02-10,IBM,High Risk
2025-02-11,IBM,High Risk
2025-02-12,IBM,High Risk
2025-02-13,IBM,High Risk
2025-02-14,IBM,High Risk
2025-02-18,IBM,High Risk
2025-02-19,IBM,High Risk
2025-02-20,IBM,High Risk
2025-02-21,IBM,High Risk
2025-02-24,IBM,High Risk
2025-02-25,IBM,High Risk
2025-02-26,IBM,High Risk
2025-02-27,IBM,High Risk
2025-02-28,IBM,High Risk
2025-03-03,IBM,High Risk
2025-03-04,IBM,High Risk
2025-03-05,IBM,High Risk
2025-03-06,IBM,High Risk
2025-03-07,IBM,High Risk
2025-03-10,IBM,High Risk
2025-03-11,IBM,High Risk
2025-03-12,IBM,High Risk
2025-03-13,IBM,High Risk
2025-03-14,IBM,High Risk
2025-03-17,IBM,High Risk
2025-03-18,IBM,High Risk
2025-03-19,IBM,High Risk
2025-03-20,IBM,High Risk
2025-03-21,IBM,High Risk
2025-03-24,IBM,High Risk
2025-03-25,IBM,High Risk
2025-03-26,IBM,High Risk
2025-03-27,IBM,High Risk
2025-03-28,IBM,High Risk
2025-03-31,IBM,High Risk
2025-04-01,IBM,High Risk
2025-04-02,IBM,High Risk
2025-04-03,IBM,High Risk
2025-04-04,IBM,High Risk
2025-04-07,IBM,High Risk
2025-04-08,IBM,High Risk
2025-04-09,IBM,High Risk
2025-04-10,IBM,High Risk
2025-04-11,IBM,High Risk
2025-04-14,IBM,High Risk
2025-04-15,IBM,High Risk
2025-04-16,IBM,High Risk
2025-04-17,IBM,High Risk
2025-04-21,IBM,High Risk
2025-04-22,IBM,High Risk
2025-04-23,IBM,High Risk
2025-04-24,IBM,High Risk
2025-04-25,IBM,High Risk
2025-04-28,IBM,High Risk
2025-04-29,IBM,High Risk
2025-04-30,IBM,High Risk
2025-05-01,IBM,High Risk
2025-05-02,IBM,High Risk
2025-05-05,IBM,High Risk
2025-05-06,IBM,High Risk
2025-05-07,IBM,High Risk
2025-05-08,IBM,High Risk
2025-05-09,IBM,High Risk
2022-01-03,INTC,Medium Risk
2022-01-04,INTC,Medium Risk
2022-01-05,INTC,Medium Risk
2022-01-06,INTC,Medium Risk
2022-01-07,INTC,Medium Risk
2022-01-10,INTC,Medium Risk
2022-01-11,INTC,Medium Risk
2022-01-12,INTC,Medium Risk
2022-01-13,INTC,Medium Risk
2022-01-14,INTC,Medium Risk
2022-01-18,INTC,Medium Risk
2022-01-19,INTC,Medium Risk
2022-01-20,INTC,Medium Risk
2022-01-21,INTC,Medium Risk
2022-01-24,INTC,Medium Risk
2022-01-25,INTC,Medium Risk
2022-01-26,INTC,Medium Risk
2022-01-27,INTC,Medium Risk
2022-01-28,INTC,Medium Risk
2022-01-31,INTC,Medium Risk
2022-02-01,INTC,Medium Risk
2022-02-02,INTC,Medium Risk
2022-02-03,INTC,Medium Risk
2022-02-04,INTC,Medium Risk
2022-02-07,INTC,Medium Risk
2022-02-08,INTC,Medium Risk
2022-02-09,INTC,Medium Risk
2022-02-10,INTC,Medium Risk
2022-02-11,INTC,Medium Risk
2022-02-14,INTC,Medium Risk
2022-02-15,INTC,Medium Risk
2022-02-16,INTC,Medium Risk
2022-02-17,INTC,Medium Risk
2022-02-18,INTC,Medium Risk
2022-02-22,INTC,Medium Risk
2022-02-23,INTC,Medium Risk
2022-02-24,INTC,Medium Risk
2022-02-25,INTC,Medium Risk
2022-02-28,INTC,Medium Risk
2022-03-01,INTC,Medium Risk
2022-03-02,INTC,Medium Risk
2022-03-03,INTC,Medium Risk
2022-03-04,INTC,Medium Risk
2022-03-07,INTC,Medium Risk
2022-03-08,INTC,Medium Risk
2022-03-09,INTC,Medium Risk
2022-03-10,INTC,Medium Risk
2022-03-11,INTC,Medium Risk
2022-03-14,INTC,Medium Risk
2022-03-15,INTC,Medium Risk
2022-03-16,INTC,Medium Risk
2022-03-17,INTC,Medium Risk
2022-03-18,INTC,Medium Risk
2022-03-21,INTC,Medium Risk
2022-03-22,INTC,Medium Risk
2022-03-23,INTC,Medium Risk
2022-03-24,INTC,Medium Risk
2022-03-25,INTC,Medium Risk
2022-03-28,INTC,Medium Risk
2022-03-29,INTC,Medium Risk
2022-03-30,INTC,Medium Risk
2022-03-31,INTC,Medium Risk
2022-04-01,INTC,Medium Risk
2022-04-04,INTC,Medium Risk
2022-04-05,INTC,Medium Risk
2022-04-06,INTC,Medium Risk
2022-04-07,INTC,Medium Risk
2022-04-08,INTC,Medium Risk
2022-04-11,INTC,Medium Risk
2022-04-12,INTC,Medium Risk
2022-04-13,INTC,Medium Risk
2022-04-14,INTC,Medium Risk
2022-04-18,INTC,Medium Risk
2022-04-19,INTC,Medium Risk
2022-04-20,INTC,Medium Risk
2022-04-21,INTC,Medium Risk
2022-04-22,INTC,Medium Risk
2022-04-25,INTC,Medium Risk
2022-04-26,INTC,Medium Risk
2022-04-27,INTC,Medium Risk
2022-04-28,INTC,Medium Risk
2022-04-29,INTC,Medium Risk
2022-05-02,INTC,Medium Risk
2022-05-03,INTC,Medium Risk
2022-05-04,INTC,Medium Risk
2022-05-05,INTC,Medium Risk
2022-05-06,INTC,Medium Risk
2022-05-09,INTC,Medium Risk
2022-05-10,INTC,Medium Risk
2022-05-11,INTC,Medium Risk
2022-05-12,INTC,Medium Risk
2022-05-13,INTC,Medium Risk
2022-05-16,INTC,Medium Risk
2022-05-17,INTC,Medium Risk
2022-05-18,INTC,Medium Risk
2022-05-19,INTC,Medium Risk
2022-05-20,INTC,Medium Risk
2022-05-23,INTC,Medium Risk
2022-05-24,INTC,Medium Risk
2022-05-25,INTC,Medium Risk
2022-05-26,INTC,Medium Risk
2022-05-27,INTC,Medium Risk
2022-05-31,INTC,Medium Risk
2022-06-01,INTC,Medium Risk
2022-06-02,INTC,Medium Risk
2022-06-03,INTC,Medium Risk
2022-06-06,INTC,Medium Risk
2022-06-07,INTC,Medium Risk
2022-06-08,INTC,Medium Risk
2022-06-09,INTC,Medium Risk
2022-06-10,INTC,Medium Risk
2022-06-13,INTC,Medium Risk
2022-06-14,INTC,Medium Risk
2022-06-15,INTC,Medium Risk
2022-06-16,INTC,Medium Risk
2022-06-17,INTC,Medium Risk
2022-06-21,INTC,Medium Risk
2022-06-22,INTC,Medium Risk
2022-06-23,INTC,Medium Risk
2022-06-24,INTC,Medium Risk
2022-06-27,INTC,Medium Risk
2022-06-28,INTC,Medium Risk
2022-06-29,INTC,Medium Risk
2022-06-30,INTC,Medium Risk
2022-07-01,INTC,Medium Risk
2022-07-05,INTC,Medium Risk
2022-07-06,INTC,Medium Risk
2022-07-07,INTC,Medium Risk
2022-07-08,INTC,Medium Risk
2022-07-11,INTC,Medium Risk
2022-07-12,INTC,Medium Risk
2022-07-13,INTC,Medium Risk
2022-07-14,INTC,Medium Risk
2022-07-15,INTC,Medium Risk
2022-07-18,INTC,Medium Risk
2022-07-19,INTC,Medium Risk
2022-07-20,INTC,Medium Risk
2022-07-21,INTC,Medium Risk
2022-07-22,INTC,Medium Risk
2022-07-25,INTC,Medium Risk
2022-07-26,INTC,Medium Risk
2022-07-27,INTC,Medium Risk
2022-07-28,INTC,Medium Risk
2022-07-29,INTC,Medium Risk
2022-08-01,INTC,Medium Risk
2022-08-02,INTC,Medium Risk
2022-08-03,INTC,Medium Risk
2022-08-04,INTC,Medium Risk
2022-08-05,INTC,Medium Risk
2022-08-08,INTC,Medium Risk
2022-08-09,INTC,Medium Risk
2022-08-10,INTC,Medium Risk
2022-08-11,INTC,Medium Risk
2022-08-12,INTC,Medium Risk
2022-08-15,INTC,Medium Risk
2022-08-16,INTC,Medium Risk
2022-08-17,INTC,Medium Risk
2022-08-18,INTC,Medium Risk
2022-08-19,INTC,Medium Risk
2022-08-22,INTC,Medium Risk
2022-08-23,INTC,Medium Risk
2022-08-24,INTC,Medium Risk
2022-08-25,INTC,Medium Risk
2022-08-26,INTC,Medium Risk
2022-08-29,INTC,Medium Risk
2022-08-30,INTC,Medium Risk
2022-08-31,INTC,Medium Risk
2022-09-01,INTC,Medium Risk
2022-09-02,INTC,Medium Risk
2022-09-06,INTC,Medium Risk
2022-09-07,INTC,Medium Risk
2022-09-08,INTC,Medium Risk
2022-09-09,INTC,Medium Risk
2022-09-12,INTC,Medium Risk
2022-09-13,INTC,Medium Risk
2022-09-14,INTC,Medium Risk
2022-09-15,INTC,Medium Risk
2022-09-16,INTC,Medium Risk
2022-09-19,INTC,Medium Risk
2022-09-20,INTC,Medium Risk
2022-09-21,INTC,Medium Risk
2022-09-22,INTC,Medium Risk
2022-09-23,INTC,Medium Risk
2022-09-26,INTC,Medium Risk
2022-09-27,INTC,Medium Risk
2022-09-28,INTC,Medium Risk
2022-09-29,INTC,Medium Risk
2022-09-30,INTC,Medium Risk
2022-10-03,INTC,Medium Risk
2022-10-04,INTC,Medium Risk
2022-10-05,INTC,Medium Risk
2022-10-06,INTC,Medium Risk
2022-10-07,INTC,Medium Risk
2022-10-10,INTC,Medium Risk
2022-10-11,INTC,Medium Risk
2022-10-12,INTC,Medium Risk
2022-10-13,INTC,Medium Risk
2022-10-14,INTC,Medium Risk
2022-10-17,INTC,Medium Risk
2022-10-18,INTC,Medium Risk
2022-10-19,INTC,Medium Risk
2022-10-20,INTC,Medium Risk
2022-10-21,INTC,Medium Risk
2022-10-24,INTC,Medium Risk
2022-10-25,INTC,Medium Risk
2022-10-26,INTC,Medium Risk
2022-10-27,INTC,Medium Risk
2022-10-28,INTC,Medium Risk
2022-10-31,INTC,Medium Risk
2022-11-01,INTC,Medium Risk
2022-11-02,INTC,Medium Risk
2022-11-03,INTC,Medium Risk
2022-11-04,INTC,Medium Risk
2022-11-07,INTC,Medium Risk
2022-11-08,INTC,Medium Risk
2022-11-09,INTC,Medium Risk
2022-11-10,INTC,Medium Risk
2022-11-11,INTC,Medium Risk
2022-11-14,INTC,Medium Risk
2022-11-15,INTC,Medium Risk
2022-11-16,INTC,Medium Risk
2022-11-17,INTC,Medium Risk
2022-11-18,INTC,Medium Risk
2022-11-21,INTC,Medium Risk
2022-11-22,INTC,Medium Risk
2022-11-23,INTC,Medium Risk
2022-11-25,INTC,Medium Risk
2022-11-28,INTC,Medium Risk
2022-11-29,INTC,Medium Risk
2022-11-30,INTC,Medium Risk
2022-12-01,INTC,Medium Risk
2022-12-02,INTC,Medium Risk
2022-12-05,INTC,Medium Risk
2022-12-06,INTC,Medium Risk
2022-12-07,INTC,Medium Risk
2022-12-08,INTC,Medium Risk
2022-12-09,INTC,Medium Risk
2022-12-12,INTC,Medium Risk
2022-12-13,INTC,Medium Risk
2022-12-14,INTC,Medium Risk
2022-12-15,INTC,Medium Risk
2022-12-16,INTC,Medium Risk
2022-12-19,INTC,Medium Risk
2022-12-20,INTC,Medium Risk
2022-12-21,INTC,Medium Risk
2022-12-22,INTC,Medium Risk
2022-12-23,INTC,Medium Risk
2022-12-27,INTC,Medium Risk
2022-12-28,INTC,Medium Risk
2022-12-29,INTC,Medium Risk
2022-12-30,INTC,Medium Risk
2023-01-03,INTC,Medium Risk
2023-01-04,INTC,Medium Risk
2023-01-05,INTC,Medium Risk
2023-01-06,INTC,Medium Risk
2023-01-09,INTC,Medium Risk
2023-01-10,INTC,Medium Risk
2023-01-11,INTC,Medium Risk
2023-01-12,INTC,Medium Risk
2023-01-13,INTC,Medium Risk
2023-01-17,INTC,Medium Risk
2023-01-18,INTC,Medium Risk
2023-01-19,INTC,Medium Risk
2023-01-20,INTC,Medium Risk
2023-01-23,INTC,Medium Risk
2023-01-24,INTC,Medium Risk
2023-01-25,INTC,Medium Risk
2023-01-26,INTC,Medium Risk
2023-01-27,INTC,Medium Risk
2023-01-30,INTC,Medium Risk
2023-01-31,INTC,Medium Risk
2023-02-01,INTC,Medium Risk
2023-02-02,INTC,Medium Risk
2023-02-03,INTC,Medium Risk
2023-02-06,INTC,Medium Risk
2023-02-07,INTC,Medium Risk
2023-02-08,INTC,Medium Risk
2023-02-09,INTC,Medium Risk
2023-02-10,INTC,Medium Risk
2023-02-13,INTC,Medium Risk
2023-02-14,INTC,Medium Risk
2023-02-15,INTC,Medium Risk
2023-02-16,INTC,Medium Risk
2023-02-17,INTC,Medium Risk
2023-02-21,INTC,Medium Risk
2023-02-22,INTC,Medium Risk
2023-02-23,INTC,Medium Risk
2023-02-24,INTC,Medium Risk
2023-02-27,INTC,Medium Risk
2023-02-28,INTC,Medium Risk
2023-03-01,INTC,Medium Risk
2023-03-02,INTC,Medium Risk
2023-03-03,INTC,Medium Risk
2023-03-06,INTC,Medium Risk
2023-03-07,INTC,Medium Risk
2023-03-08,INTC,Medium Risk
2023-03-09,INTC,Medium Risk
2023-03-10,INTC,Medium Risk
2023-03-13,INTC,Medium Risk
2023-03-14,INTC,Medium Risk
2023-03-15,INTC,Medium Risk
2023-03-16,INTC,Medium Risk
2023-03-17,INTC,Medium Risk
2023-03-20,INTC,Medium Risk
2023-03-21,INTC,Medium Risk
2023-03-22,INTC,Medium Risk
2023-03-23,INTC,Medium Risk
2023-03-24,INTC,Medium Risk
2023-03-27,INTC,Medium Risk
2023-03-28,INTC,Medium Risk
2023-03-29,INTC,Medium Risk
2023-03-30,INTC,Medium Risk
2023-03-31,INTC,Medium Risk
2023-04-03,INTC,Medium Risk
2023-04-04,INTC,Medium Risk
2023-04-05,INTC,Medium Risk
2023-04-06,INTC,Medium Risk
2023-04-10,INTC,Medium Risk
2023-04-11,INTC,Medium Risk
2023-04-12,INTC,Medium Risk
2023-04-13,INTC,Medium Risk
2023-04-14,INTC,Medium Risk
2023-04-17,INTC,Medium Risk
2023-04-18,INTC,Medium Risk
2023-04-19,INTC,Medium Risk
2023-04-20,INTC,Medium Risk
2023-04-21,INTC,Medium Risk
2023-04-24,INTC,Medium Risk
2023-04-25,INTC,Medium Risk
2023-04-26,INTC,Medium Risk
2023-04-27,INTC,Medium Risk
2023-04-28,INTC,Medium Risk
2023-05-01,INTC,Medium Risk
2023-05-02,INTC,Medium Risk
2023-05-03,INTC,Medium Risk
2023-05-04,INTC,Medium Risk
2023-05-05,INTC,Medium Risk
2023-05-08,INTC,Medium Risk
2023-05-09,INTC,Medium Risk
2023-05-10,INTC,Medium Risk
2023-05-11,INTC,Medium Risk
2023-05-12,INTC,Medium Risk
2023-05-15,INTC,Medium Risk
2023-05-16,INTC,Medium Risk
2023-05-17,INTC,Medium Risk
2023-05-18,INTC,Medium Risk
2023-05-19,INTC,Medium Risk
2023-05-22,INTC,Medium Risk
2023-05-23,INTC,Medium Risk
2023-05-24,INTC,Medium Risk
2023-05-25,INTC,Medium Risk
2023-05-26,INTC,Medium Risk
2023-05-30,INTC,Medium Risk
2023-05-31,INTC,Medium Risk
2023-06-01,INTC,Medium Risk
2023-06-02,INTC,Medium Risk
2023-06-05,INTC,Medium Risk
2023-06-06,INTC,Medium Risk
2023-06-07,INTC,Medium Risk
2023-06-08,INTC,Medium Risk
2023-06-09,INTC,Medium Risk
2023-06-12,INTC,Medium Risk
2023-06-13,INTC,Medium Risk
2023-06-14,INTC,Medium Risk
2023-06-15,INTC,Medium Risk
2023-06-16,INTC,Medium Risk
2023-06-20,INTC,Medium Risk
2023-06-21,INTC,Medium Risk
2023-06-22,INTC,Medium Risk
2023-06-23,INTC,Medium Risk
2023-06-26,INTC,Medium Risk
2023-06-27,INTC,Medium Risk
2023-06-28,INTC,Medium Risk
2023-06-29,INTC,Medium Risk
2023-06-30,INTC,Medium Risk
2023-07-03,INTC,Medium Risk
2023-07-05,INTC,Medium Risk
2023-07-06,INTC,Medium Risk
2023-07-07,INTC,Medium Risk
2023-07-10,INTC,Medium Risk
2023-07-11,INTC,Medium Risk
2023-07-12,INTC,Medium Risk
2023-07-13,INTC,Medium Risk
2023-07-14,INTC,Medium Risk
2023-07-17,INTC,Medium Risk
2023-07-18,INTC,Medium Risk
2023-07-19,INTC,Medium Risk
2023-07-20,INTC,Medium Risk
2023-07-21,INTC,Medium Risk
2023-07-24,INTC,Medium Risk
2023-07-25,INTC,Medium Risk
2023-07-26,INTC,Medium Risk
2023-07-27,INTC,Medium Risk
2023-07-28,INTC,Medium Risk
2023-07-31,INTC,Medium Risk
2023-08-01,INTC,Medium Risk
2023-08-02,INTC,Medium Risk
2023-08-03,INTC,Medium Risk
2023-08-04,INTC,Medium Risk
2023-08-07,INTC,Medium Risk
2023-08-08,INTC,Medium Risk
2023-08-09,INTC,Medium Risk
2023-08-10,INTC,Medium Risk
2023-08-11,INTC,Medium Risk
2023-08-14,INTC,Medium Risk
2023-08-15,INTC,Medium Risk
2023-08-16,INTC,Medium Risk
2023-08-17,INTC,Medium Risk
2023-08-18,INTC,Medium Risk
2023-08-21,INTC,Medium Risk
2023-08-22,INTC,Medium Risk
2023-08-23,INTC,Medium Risk
2023-08-24,INTC,Medium Risk
2023-08-25,INTC,Medium Risk
2023-08-28,INTC,Medium Risk
2023-08-29,INTC,Medium Risk
2023-08-30,INTC,Medium Risk
2023-08-31,INTC,Medium Risk
2023-09-01,INTC,Medium Risk
2023-09-05,INTC,Medium Risk
2023-09-06,INTC,Medium Risk
2023-09-07,INTC,Medium Risk
2023-09-08,INTC,Medium Risk
2023-09-11,INTC,Medium Risk
2023-09-12,INTC,Medium Risk
2023-09-13,INTC,Medium Risk
2023-09-14,INTC,Medium Risk
2023-09-15,INTC,Medium Risk
2023-09-18,INTC,Medium Risk
2023-09-19,INTC,Medium Risk
2023-09-20,INTC,Medium Risk
2023-09-21,INTC,Medium Risk
2023-09-22,INTC,Medium Risk
2023-09-25,INTC,Medium Risk
2023-09-26,INTC,Medium Risk
2023-09-27,INTC,Medium Risk
2023-09-28,INTC,Medium Risk
2023-09-29,INTC,Medium Risk
2023-10-02,INTC,Medium Risk
2023-10-03,INTC,Medium Risk
2023-10-04,INTC,Medium Risk
2023-10-05,INTC,Medium Risk
2023-10-06,INTC,Medium Risk
2023-10-09,INTC,Medium Risk
2023-10-10,INTC,Medium Risk
2023-10-11,INTC,Medium Risk
2023-10-12,INTC,Medium Risk
2023-10-13,INTC,Medium Risk
2023-10-16,INTC,Medium Risk
2023-10-17,INTC,Medium Risk
2023-10-18,INTC,Medium Risk
2023-10-19,INTC,Medium Risk
2023-10-20,INTC,Medium Risk
2023-10-23,INTC,Medium Risk
2023-10-24,INTC,Medium Risk
2023-10-25,INTC,Medium Risk
2023-10-26,INTC,Medium Risk
2023-10-27,INTC,Medium Risk
2023-10-30,INTC,Medium Risk
2023-10-31,INTC,Medium Risk
2023-11-01,INTC,Medium Risk
2023-11-02,INTC,Medium Risk
2023-11-03,INTC,Medium Risk
2023-11-06,INTC,Medium Risk
2023-11-07,INTC,Medium Risk
2023-11-08,INTC,Medium Risk
2023-11-09,INTC,Medium Risk
2023-11-10,INTC,Medium Risk
2023-11-13,INTC,Medium Risk
2023-11-14,INTC,Medium Risk
2023-11-15,INTC,Medium Risk
2023-11-16,INTC,Medium Risk
2023-11-17,INTC,Medium Risk
2023-11-20,INTC,Medium Risk
2023-11-21,INTC,Medium Risk
2023-11-22,INTC,Medium Risk
2023-11-24,INTC,Medium Risk
2023-11-27,INTC,Medium Risk
2023-11-28,INTC,Medium Risk
2023-11-29,INTC,Medium Risk
2023-11-30,INTC,Medium Risk
2023-12-01,INTC,Medium Risk
2023-12-04,INTC,Medium Risk
2023-12-05,INTC,Medium Risk
2023-12-06,INTC,Medium Risk
2023-12-07,INTC,Medium Risk
2023-12-08,INTC,Medium Risk
2023-12-11,INTC,Medium Risk
2023-12-12,INTC,Medium Risk
2023-12-13,INTC,Medium Risk
2023-12-14,INTC,Medium Risk
2023-12-15,INTC,Medium Risk
2023-12-18,INTC,Medium Risk
2023-12-19,INTC,Medium Risk
2023-12-20,INTC,Medium Risk
2023-12-21,INTC,Medium Risk
2023-12-22,INTC,Medium Risk
2023-12-26,INTC,Medium Risk
2023-12-27,INTC,Medium Risk
2023-12-28,INTC,Medium Risk
2023-12-29,INTC,Medium Risk
2024-01-02,INTC,Medium Risk
2024-01-03,INTC,Medium Risk
2024-01-04,INTC,Medium Risk
2024-01-05,INTC,Medium Risk
2024-01-08,INTC,Medium Risk
2024-01-09,INTC,Medium Risk
2024-01-10,INTC,Medium Risk
2024-01-11,INTC,Medium Risk
2024-01-12,INTC,Medium Risk
2024-01-16,INTC,Medium Risk
2024-01-17,INTC,Medium Risk
2024-01-18,INTC,Medium Risk
2024-01-19,INTC,Medium Risk
2024-01-22,INTC,Medium Risk
2024-01-23,INTC,Medium Risk
2024-01-24,INTC,Medium Risk
2024-01-25,INTC,Medium Risk
2024-01-26,INTC,Medium Risk
2024-01-29,INTC,Medium Risk
2024-01-30,INTC,Medium Risk
2024-01-31,INTC,Medium Risk
2024-02-01,INTC,Medium Risk
2024-02-02,INTC,Medium Risk
2024-02-05,INTC,Medium Risk
2024-02-06,INTC,Medium Risk
2024-02-07,INTC,Medium Risk
2024-02-08,INTC,Medium Risk
2024-02-09,INTC,Medium Risk
2024-02-12,INTC,Medium Risk
2024-02-13,INTC,Medium Risk
2024-02-14,INTC,Medium Risk
2024-02-15,INTC,Medium Risk
2024-02-16,INTC,Medium Risk
2024-02-20,INTC,Medium Risk
2024-02-21,INTC,Medium Risk
2024-02-22,INTC,Medium Risk
2024-02-23,INTC,Medium Risk
2024-02-26,INTC,Medium Risk
2024-02-27,INTC,Medium Risk
2024-02-28,INTC,Medium Risk
2024-02-29,INTC,Medium Risk
2024-03-01,INTC,Medium Risk
2024-03-04,INTC,Medium Risk
2024-03-05,INTC,Medium Risk
2024-03-06,INTC,Medium Risk
2024-03-07,INTC,Medium Risk
2024-03-08,INTC,Medium Risk
2024-03-11,INTC,Medium Risk
2024-03-12,INTC,Medium Risk
2024-03-13,INTC,Medium Risk
2024-03-14,INTC,Medium Risk
2024-03-15,INTC,Medium Risk
2024-03-18,INTC,Medium Risk
2024-03-19,INTC,Medium Risk
2024-03-20,INTC,Medium Risk
2024-03-21,INTC,Medium Risk
2024-03-22,INTC,Medium Risk
2024-03-25,INTC,Medium Risk
2024-03-26,INTC,Medium Risk
2024-03-27,INTC,Medium Risk
2024-03-28,INTC,Medium Risk
2024-04-01,INTC,Medium Risk
2024-04-02,INTC,Medium Risk
2024-04-03,INTC,Medium Risk
2024-04-04,INTC,Medium Risk
2024-04-05,INTC,Medium Risk
2024-04-08,INTC,Medium Risk
2024-04-09,INTC,Medium Risk
2024-04-10,INTC,Medium Risk
2024-04-11,INTC,Medium Risk
2024-04-12,INTC,Medium Risk
2024-04-15,INTC,Medium Risk
2024-04-16,INTC,Medium Risk
2024-04-17,INTC,Medium Risk
2024-04-18,INTC,Medium Risk
2024-04-19,INTC,Medium Risk
2024-04-22,INTC,Medium Risk
2024-04-23,INTC,Medium Risk
2024-04-24,INTC,Medium Risk
2024-04-25,INTC,Medium Risk
2024-04-26,INTC,Medium Risk
2024-04-29,INTC,Medium Risk
2024-04-30,INTC,Medium Risk
2024-05-01,INTC,Medium Risk
2024-05-02,INTC,Medium Risk
2024-05-03,INTC,Medium Risk
2024-05-06,INTC,Medium Risk
2024-05-07,INTC,Medium Risk
2024-05-08,INTC,Medium Risk
2024-05-09,INTC,Medium Risk
2024-05-10,INTC,Medium Risk
2024-05-13,INTC,Medium Risk
2024-05-14,INTC,Medium Risk
2024-05-15,INTC,Medium Risk
2024-05-16,INTC,Medium Risk
2024-05-17,INTC,Medium Risk
2024-05-20,INTC,Medium Risk
2024-05-21,INTC,Medium Risk
2024-05-22,INTC,Medium Risk
2024-05-23,INTC,Medium Risk
2024-05-24,INTC,Medium Risk
2024-05-28,INTC,Medium Risk
2024-05-29,INTC,Medium Risk
2024-05-30,INTC,Medium Risk
2024-05-31,INTC,Medium Risk
2024-06-03,INTC,Medium Risk
2024-06-04,INTC,Medium Risk
2024-06-05,INTC,Medium Risk
2024-06-06,INTC,Medium Risk
2024-06-07,INTC,Medium Risk
2024-06-10,INTC,Medium Risk
2024-06-11,INTC,Medium Risk
2024-06-12,INTC,Medium Risk
2024-06-13,INTC,Medium Risk
2024-06-14,INTC,Medium Risk
2024-06-17,INTC,Medium Risk
2024-06-18,INTC,Medium Risk
2024-06-20,INTC,Medium Risk
2024-06-21,INTC,Medium Risk
2024-06-24,INTC,Medium Risk
2024-06-25,INTC,Medium Risk
2024-06-26,INTC,Medium Risk
2024-06-27,INTC,Medium Risk
2024-06-28,INTC,Medium Risk
2024-07-01,INTC,Medium Risk
2024-07-02,INTC,Medium Risk
2024-07-03,INTC,Medium Risk
2024-07-05,INTC,Medium Risk
2024-07-08,INTC,Medium Risk
2024-07-09,INTC,Medium Risk
2024-07-10,INTC,Medium Risk
2024-07-11,INTC,Medium Risk
2024-07-12,INTC,Medium Risk
2024-07-15,INTC,Medium Risk
2024-07-16,INTC,Medium Risk
2024-07-17,INTC,Medium Risk
2024-07-18,INTC,Medium Risk
2024-07-19,INTC,Medium Risk
2024-07-22,INTC,Medium Risk
2024-07-23,INTC,Medium Risk
2024-07-24,INTC,Medium Risk
2024-07-25,INTC,Medium Risk
2024-07-26,INTC,Medium Risk
2024-07-29,INTC,Medium Risk
2024-07-30,INTC,Medium Risk
2024-07-31,INTC,Medium Risk
2024-08-01,INTC,Medium Risk
2024-08-05,INTC,Medium Risk
2024-08-06,INTC,Medium Risk
2024-08-07,INTC,Medium Risk
2024-08-08,INTC,Medium Risk
2024-08-09,INTC,Medium Risk
2024-08-12,INTC,Medium Risk
2024-08-13,INTC,Medium Risk
2024-08-14,INTC,Medium Risk
2024-08-15,INTC,Medium Risk
2024-08-16,INTC,Medium Risk
2024-08-19,INTC,Medium Risk
2024-08-20,INTC,Medium Risk
2024-08-21,INTC,Medium Risk
2024-08-22,INTC,Medium Risk
2024-08-23,INTC,Medium Risk
2024-08-26,INTC,Medium Risk
2024-08-27,INTC,Medium Risk
2024-08-28,INTC,Medium Risk
2024-08-29,INTC,Medium Risk
2024-08-30,INTC,Medium Risk
2024-09-03,INTC,Medium Risk
2024-09-04,INTC,Medium Risk
2024-09-05,INTC,Medium Risk
2024-09-06,INTC,Medium Risk
2024-09-09,INTC,Medium Risk
2024-09-10,INTC,Medium Risk
2024-09-11,INTC,Medium Risk
2024-09-12,INTC,Medium Risk
2024-09-13,INTC,Medium Risk
2024-09-16,INTC,Medium Risk
2024-09-17,INTC,Medium Risk
2024-09-18,INTC,Medium Risk
2024-09-19,INTC,Medium Risk
2024-09-20,INTC,Medium Risk
2024-09-23,INTC,Medium Risk
2024-09-24,INTC,Medium Risk
2024-09-25,INTC,Medium Risk
2024-09-26,INTC,Medium Risk
2024-09-27,INTC,Medium Risk
2024-09-30,INTC,Medium Risk
2024-10-01,INTC,Medium Risk
2024-10-02,INTC,Medium Risk
2024-10-03,INTC,Medium Risk
2024-10-04,INTC,Medium Risk
2024-10-07,INTC,Medium Risk
2024-10-08,INTC,Medium Risk
2024-10-09,INTC,Medium Risk
2024-10-10,INTC,Medium Risk
2024-10-11,INTC,Medium Risk
2024-10-14,INTC,Medium Risk
2024-10-15,INTC,Medium Risk
2024-10-16,INTC,Medium Risk
2024-10-17,INTC,Medium Risk
2024-10-18,INTC,Medium Risk
2024-10-21,INTC,Medium Risk
2024-10-22,INTC,Medium Risk
2024-10-23,INTC,Medium Risk
2024-10-24,INTC,Medium Risk
2024-10-25,INTC,Medium Risk
2024-10-28,INTC,Medium Risk
2024-10-29,INTC,Medium Risk
2024-10-30,INTC,Medium Risk
2024-10-31,INTC,Medium Risk
2024-11-01,INTC,Medium Risk
2024-11-04,INTC,Medium Risk
2024-11-05,INTC,Medium Risk
2024-11-06,INTC,Medium Risk
2024-11-07,INTC,Medium Risk
2024-11-08,INTC,Medium Risk
2024-11-11,INTC,Medium Risk
2024-11-12,INTC,Medium Risk
2024-11-13,INTC,Medium Risk
2024-11-14,INTC,Medium Risk
2024-11-15,INTC,Medium Risk
2024-11-18,INTC,Medium Risk
2024-11-19,INTC,Medium Risk
2024-11-20,INTC,Medium Risk
2024-11-21,INTC,Medium Risk
2024-11-22,INTC,Medium Risk
2024-11-25,INTC,Medium Risk
2024-11-26,INTC,Medium Risk
2024-11-27,INTC,Medium Risk
2024-11-29,INTC,Medium Risk
2024-12-02,INTC,Medium Risk
2024-12-03,INTC,Medium Risk
2024-12-04,INTC,Medium Risk
2024-12-05,INTC,Medium Risk
2024-12-06,INTC,Medium Risk
2024-12-09,INTC,Medium Risk
2024-12-10,INTC,Medium Risk
2024-12-11,INTC,Medium Risk
2024-12-12,INTC,Medium Risk
2024-12-13,INTC,Medium Risk
2024-12-16,INTC,Medium Risk
2024-12-17,INTC,Medium Risk
2024-12-18,INTC,Medium Risk
2024-12-19,INTC,Medium Risk
2024-12-20,INTC,Medium Risk
2024-12-23,INTC,Medium Risk
2024-12-24,INTC,Medium Risk
2024-12-26,INTC,Medium Risk
2024-12-27,INTC,Medium Risk
2024-12-30,INTC,Medium Risk
2024-12-31,INTC,Medium Risk
2025-01-02,INTC,Medium Risk
2025-01-03,INTC,Medium Risk
2025-01-06,INTC,Medium Risk
2025-01-07,INTC,Medium Risk
2025-01-08,INTC,Medium Risk
2025-01-10,INTC,Medium Risk
2025-01-13,INTC,Medium Risk
2025-01-14,INTC,Medium Risk
2025-01-15,INTC,Medium Risk
2025-01-16,INTC,Medium Risk
2025-01-17,INTC,Medium Risk
2025-01-21,INTC,Medium Risk
2025-01-22,INTC,Medium Risk
2025-01-23,INTC,Medium Risk
2025-01-24,INTC,Medium Risk
2025-01-27,INTC,Medium Risk
2025-01-28,INTC,Medium Risk
2025-01-29,INTC,Medium Risk
2025-01-30,INTC,Medium Risk
2025-01-31,INTC,Medium Risk
2025-02-03,INTC,Medium Risk
2025-02-04,INTC,Medium Risk
2025-02-05,INTC,Medium Risk
2025-02-06,INTC,Medium Risk
2025-02-07,INTC,Medium Risk
2025-02-10,INTC,Medium Risk
2025-02-11,INTC,Medium Risk
2025-02-12,INTC,Medium Risk
2025-02-13,INTC,Medium Risk
2025-02-14,INTC,Medium Risk
2025-02-18,INTC,Medium Risk
2025-02-19,INTC,Medium Risk
2025-02-20,INTC,Medium Risk
2025-02-21,INTC,Medium Risk
2025-02-24,INTC,Medium Risk
2025-02-25,INTC,Medium Risk
2025-02-26,INTC,Medium Risk
2025-02-27,INTC,Medium Risk
2025-02-28,INTC,Medium Risk
2025-03-03,INTC,Medium Risk
2025-03-04,INTC,Medium Risk
2025-03-05,INTC,Medium Risk
2025-03-06,INTC,Medium Risk
2025-03-07,INTC,Medium Risk
2025-03-10,INTC,Medium Risk
2025-03-11,INTC,Medium Risk
2025-03-12,INTC,Medium Risk
2025-03-13,INTC,Medium Risk
2025-03-14,INTC,Medium Risk
2025-03-17,INTC,Medium Risk
2025-03-18,INTC,Medium Risk
2025-03-19,INTC,Medium Risk
2025-03-20,INTC,Medium Risk
2025-03-21,INTC,Medium Risk
2025-03-24,INTC,Medium Risk
2025-03-25,INTC,Medium Risk
2025-03-26,INTC,Medium Risk
2025-03-27,INTC,Medium Risk
2025-03-28,INTC,Medium Risk
2025-03-31,INTC,Medium Risk
2025-04-01,INTC,Medium Risk
2025-04-02,INTC,Medium Risk
2025-04-03,INTC,Medium Risk
2025-04-04,INTC,Medium Risk
2025-04-07,INTC,Medium Risk
2025-04-08,INTC,Medium Risk
2025-04-09,INTC,Medium Risk
2025-04-10,INTC,Medium Risk
2025-04-11,INTC,Medium Risk
2025-04-14,INTC,Medium Risk
2025-04-15,INTC,Medium Risk
2025-04-16,INTC,Medium Risk
2025-04-17,INTC,Medium Risk
2025-04-21,INTC,Medium Risk
2025-04-22,INTC,Medium Risk
2025-04-23,INTC,Medium Risk
2025-04-24,INTC,Medium Risk
2025-04-25,INTC,Medium Risk
2025-04-28,INTC,Medium Risk
2025-04-29,INTC,Medium Risk
2025-04-30,INTC,Medium Risk
2025-05-01,INTC,Medium Risk
2025-05-02,INTC,Medium Risk
2025-05-05,INTC,Medium Risk
2025-05-06,INTC,Medium Risk
2025-05-07,INTC,Medium Risk
2025-05-08,INTC,Medium Risk
2025-05-09,INTC,Medium Risk
2022-01-03,JNJ,High Risk
2022-01-04,JNJ,High Risk
2022-01-05,JNJ,High Risk
2022-01-06,JNJ,High Risk
2022-01-07,JNJ,High Risk
2022-01-10,JNJ,High Risk
2022-01-11,JNJ,High Risk
2022-01-12,JNJ,High Risk
2022-01-13,JNJ,High Risk
2022-01-14,JNJ,High Risk
2022-01-18,JNJ,High Risk
2022-01-19,JNJ,High Risk
2022-01-20,JNJ,High Risk
2022-01-21,JNJ,High Risk
2022-01-24,JNJ,High Risk
2022-01-25,JNJ,High Risk
2022-01-26,JNJ,High Risk
2022-01-27,JNJ,High Risk
2022-01-28,JNJ,High Risk
2022-01-31,JNJ,High Risk
2022-02-01,JNJ,High Risk
2022-02-02,JNJ,High Risk
2022-02-03,JNJ,High Risk
2022-02-04,JNJ,High Risk
2022-02-07,JNJ,High Risk
2022-02-08,JNJ,High Risk
2022-02-09,JNJ,High Risk
2022-02-10,JNJ,High Risk
2022-02-11,JNJ,High Risk
2022-02-14,JNJ,High Risk
2022-02-15,JNJ,High Risk
2022-02-16,JNJ,High Risk
2022-02-17,JNJ,High Risk
2022-02-18,JNJ,High Risk
2022-02-22,JNJ,High Risk
2022-02-23,JNJ,High Risk
2022-02-24,JNJ,High Risk
2022-02-25,JNJ,High Risk
2022-02-28,JNJ,High Risk
2022-03-01,JNJ,High Risk
2022-03-02,JNJ,High Risk
2022-03-03,JNJ,High Risk
2022-03-04,JNJ,High Risk
2022-03-07,JNJ,High Risk
2022-03-08,JNJ,High Risk
2022-03-09,JNJ,High Risk
2022-03-10,JNJ,High Risk
2022-03-11,JNJ,High Risk
2022-03-14,JNJ,High Risk
2022-03-15,JNJ,High Risk
2022-03-16,JNJ,High Risk
2022-03-17,JNJ,High Risk
2022-03-18,JNJ,High Risk
2022-03-21,JNJ,High Risk
2022-03-22,JNJ,High Risk
2022-03-23,JNJ,High Risk
2022-03-24,JNJ,High Risk
2022-03-25,JNJ,High Risk
2022-03-28,JNJ,High Risk
2022-03-29,JNJ,High Risk
2022-03-30,JNJ,High Risk
2022-03-31,JNJ,High Risk
2022-04-01,JNJ,High Risk
2022-04-04,JNJ,High Risk
2022-04-05,JNJ,High Risk
2022-04-06,JNJ,High Risk
2022-04-07,JNJ,High Risk
2022-04-08,JNJ,High Risk
2022-04-11,JNJ,High Risk
2022-04-12,JNJ,High Risk
2022-04-13,JNJ,High Risk
2022-04-14,JNJ,High Risk
2022-04-18,JNJ,High Risk
2022-04-19,JNJ,High Risk
2022-04-20,JNJ,High Risk
2022-04-21,JNJ,High Risk
2022-04-22,JNJ,High Risk
2022-04-25,JNJ,High Risk
2022-04-26,JNJ,High Risk
2022-04-27,JNJ,High Risk
2022-04-28,JNJ,High Risk
2022-04-29,JNJ,High Risk
2022-05-02,JNJ,High Risk
2022-05-03,JNJ,High Risk
2022-05-04,JNJ,High Risk
2022-05-05,JNJ,High Risk
2022-05-06,JNJ,High Risk
2022-05-09,JNJ,High Risk
2022-05-10,JNJ,High Risk
2022-05-11,JNJ,High Risk
2022-05-12,JNJ,High Risk
2022-05-13,JNJ,High Risk
2022-05-16,JNJ,High Risk
2022-05-17,JNJ,High Risk
2022-05-18,JNJ,High Risk
2022-05-19,JNJ,High Risk
2022-05-20,JNJ,High Risk
2022-05-23,JNJ,High Risk
2022-05-24,JNJ,High Risk
2022-05-25,JNJ,High Risk
2022-05-26,JNJ,High Risk
2022-05-27,JNJ,High Risk
2022-05-31,JNJ,High Risk
2022-06-01,JNJ,High Risk
2022-06-02,JNJ,High Risk
2022-06-03,JNJ,High Risk
2022-06-06,JNJ,High Risk
2022-06-07,JNJ,High Risk
2022-06-08,JNJ,High Risk
2022-06-09,JNJ,High Risk
2022-06-10,JNJ,High Risk
2022-06-13,JNJ,High Risk
2022-06-14,JNJ,High Risk
2022-06-15,JNJ,High Risk
2022-06-16,JNJ,High Risk
2022-06-17,JNJ,High Risk
2022-06-21,JNJ,High Risk
2022-06-22,JNJ,High Risk
2022-06-23,JNJ,High Risk
2022-06-24,JNJ,High Risk
2022-06-27,JNJ,High Risk
2022-06-28,JNJ,High Risk
2022-06-29,JNJ,High Risk
2022-06-30,JNJ,High Risk
2022-07-01,JNJ,High Risk
2022-07-05,JNJ,High Risk
2022-07-06,JNJ,High Risk
2022-07-07,JNJ,High Risk
2022-07-08,JNJ,High Risk
2022-07-11,JNJ,High Risk
2022-07-12,JNJ,High Risk
2022-07-13,JNJ,High Risk
2022-07-14,JNJ,High Risk
2022-07-15,JNJ,High Risk
2022-07-18,JNJ,High Risk
2022-07-19,JNJ,High Risk
2022-07-20,JNJ,High Risk
2022-07-21,JNJ,High Risk
2022-07-22,JNJ,High Risk
2022-07-25,JNJ,High Risk
2022-07-26,JNJ,High Risk
2022-07-27,JNJ,High Risk
2022-07-28,JNJ,High Risk
2022-07-29,JNJ,High Risk
2022-08-01,JNJ,High Risk
2022-08-02,JNJ,High Risk
2022-08-03,JNJ,High Risk
2022-08-04,JNJ,High Risk
2022-08-05,JNJ,High Risk
2022-08-08,JNJ,High Risk
2022-08-09,JNJ,High Risk
2022-08-10,JNJ,High Risk
2022-08-11,JNJ,High Risk
2022-08-12,JNJ,High Risk
2022-08-15,JNJ,High Risk
2022-08-16,JNJ,High Risk
2022-08-17,JNJ,High Risk
2022-08-18,JNJ,High Risk
2022-08-19,JNJ,High Risk
2022-08-22,JNJ,High Risk
2022-08-23,JNJ,High Risk
2022-08-24,JNJ,High Risk
2022-08-25,JNJ,High Risk
2022-08-26,JNJ,High Risk
2022-08-29,JNJ,High Risk
2022-08-30,JNJ,High Risk
2022-08-31,JNJ,High Risk
2022-09-01,JNJ,High Risk
2022-09-02,JNJ,High Risk
2022-09-06,JNJ,High Risk
2022-09-07,JNJ,High Risk
2022-09-08,JNJ,High Risk
2022-09-09,JNJ,High Risk
2022-09-12,JNJ,High Risk
2022-09-13,JNJ,High Risk
2022-09-14,JNJ,High Risk
2022-09-15,JNJ,High Risk
2022-09-16,JNJ,High Risk
2022-09-19,JNJ,High Risk
2022-09-20,JNJ,High Risk
2022-09-21,JNJ,High Risk
2022-09-22,JNJ,High Risk
2022-09-23,JNJ,High Risk
2022-09-26,JNJ,High Risk
2022-09-27,JNJ,High Risk
2022-09-28,JNJ,High Risk
2022-09-29,JNJ,High Risk
2022-09-30,JNJ,High Risk
2022-10-03,JNJ,High Risk
2022-10-04,JNJ,High Risk
2022-10-05,JNJ,High Risk
2022-10-06,JNJ,High Risk
2022-10-07,JNJ,High Risk
2022-10-10,JNJ,High Risk
2022-10-11,JNJ,High Risk
2022-10-12,JNJ,High Risk
2022-10-13,JNJ,High Risk
2022-10-14,JNJ,High Risk
2022-10-17,JNJ,High Risk
2022-10-18,JNJ,High Risk
2022-10-19,JNJ,High Risk
2022-10-20,JNJ,High Risk
2022-10-21,JNJ,High Risk
2022-10-24,JNJ,High Risk
2022-10-25,JNJ,High Risk
2022-10-26,JNJ,High Risk
2022-10-27,JNJ,High Risk
2022-10-28,JNJ,High Risk
2022-10-31,JNJ,High Risk
2022-11-01,JNJ,High Risk
2022-11-02,JNJ,High Risk
2022-11-03,JNJ,High Risk
2022-11-04,JNJ,High Risk
2022-11-07,JNJ,High Risk
2022-11-08,JNJ,High Risk
2022-11-09,JNJ,High Risk
2022-11-10,JNJ,High Risk
2022-11-11,JNJ,High Risk
2022-11-14,JNJ,High Risk
2022-11-15,JNJ,High Risk
2022-11-16,JNJ,High Risk
2022-11-17,JNJ,High Risk
2022-11-18,JNJ,High Risk
2022-11-21,JNJ,High Risk
2022-11-22,JNJ,High Risk
2022-11-23,JNJ,High Risk
2022-11-25,JNJ,High Risk
2022-11-28,JNJ,High Risk
2022-11-29,JNJ,High Risk
2022-11-30,JNJ,High Risk
2022-12-01,JNJ,High Risk
2022-12-02,JNJ,High Risk
2022-12-05,JNJ,High Risk
2022-12-06,JNJ,High Risk
2022-12-07,JNJ,High Risk
2022-12-08,JNJ,High Risk
2022-12-09,JNJ,High Risk
2022-12-12,JNJ,High Risk
2022-12-13,JNJ,High Risk
2022-12-14,JNJ,High Risk
2022-12-15,JNJ,High Risk
2022-12-16,JNJ,High Risk
2022-12-19,JNJ,High Risk
2022-12-20,JNJ,High Risk
2022-12-21,JNJ,High Risk
2022-12-22,JNJ,High Risk
2022-12-23,JNJ,High Risk
2022-12-27,JNJ,High Risk
2022-12-28,JNJ,High Risk
2022-12-29,JNJ,High Risk
2022-12-30,JNJ,High Risk
2023-01-03,JNJ,High Risk
2023-01-04,JNJ,High Risk
2023-01-05,JNJ,High Risk
2023-01-06,JNJ,High Risk
2023-01-09,JNJ,High Risk
2023-01-10,JNJ,High Risk
2023-01-11,JNJ,High Risk
2023-01-12,JNJ,High Risk
2023-01-13,JNJ,High Risk
2023-01-17,JNJ,High Risk
2023-01-18,JNJ,High Risk
2023-01-19,JNJ,High Risk
2023-01-20,JNJ,High Risk
2023-01-23,JNJ,High Risk
2023-01-24,JNJ,High Risk
2023-01-25,JNJ,High Risk
2023-01-26,JNJ,High Risk
2023-01-27,JNJ,High Risk
2023-01-30,JNJ,High Risk
2023-01-31,JNJ,High Risk
2023-02-01,JNJ,High Risk
2023-02-02,JNJ,High Risk
2023-02-03,JNJ,High Risk
2023-02-06,JNJ,High Risk
2023-02-07,JNJ,High Risk
2023-02-08,JNJ,High Risk
2023-02-09,JNJ,High Risk
2023-02-10,JNJ,High Risk
2023-02-13,JNJ,High Risk
2023-02-14,JNJ,High Risk
2023-02-15,JNJ,High Risk
2023-02-16,JNJ,High Risk
2023-02-17,JNJ,High Risk
2023-02-21,JNJ,High Risk
2023-02-22,JNJ,High Risk
2023-02-23,JNJ,High Risk
2023-02-24,JNJ,High Risk
2023-02-27,JNJ,High Risk
2023-02-28,JNJ,High Risk
2023-03-01,JNJ,High Risk
2023-03-02,JNJ,High Risk
2023-03-03,JNJ,High Risk
2023-03-06,JNJ,High Risk
2023-03-07,JNJ,High Risk
2023-03-08,JNJ,High Risk
2023-03-09,JNJ,High Risk
2023-03-10,JNJ,High Risk
2023-03-13,JNJ,High Risk
2023-03-14,JNJ,High Risk
2023-03-15,JNJ,High Risk
2023-03-16,JNJ,High Risk
2023-03-17,JNJ,High Risk
2023-03-20,JNJ,High Risk
2023-03-21,JNJ,High Risk
2023-03-22,JNJ,High Risk
2023-03-23,JNJ,High Risk
2023-03-24,JNJ,High Risk
2023-03-27,JNJ,High Risk
2023-03-28,JNJ,High Risk
2023-03-29,JNJ,High Risk
2023-03-30,JNJ,High Risk
2023-03-31,JNJ,High Risk
2023-04-03,JNJ,High Risk
2023-04-04,JNJ,High Risk
2023-04-05,JNJ,High Risk
2023-04-06,JNJ,High Risk
2023-04-10,JNJ,High Risk
2023-04-11,JNJ,High Risk
2023-04-12,JNJ,High Risk
2023-04-13,JNJ,High Risk
2023-04-14,JNJ,High Risk
2023-04-17,JNJ,High Risk
2023-04-18,JNJ,High Risk
2023-04-19,JNJ,High Risk
2023-04-20,JNJ,High Risk
2023-04-21,JNJ,High Risk
2023-04-24,JNJ,High Risk
2023-04-25,JNJ,High Risk
2023-04-26,JNJ,High Risk
2023-04-27,JNJ,High Risk
2023-04-28,JNJ,High Risk
2023-05-01,JNJ,High Risk
2023-05-02,JNJ,High Risk
2023-05-03,JNJ,High Risk
2023-05-04,JNJ,High Risk
2023-05-05,JNJ,High Risk
2023-05-08,JNJ,High Risk
2023-05-09,JNJ,High Risk
2023-05-10,JNJ,High Risk
2023-05-11,JNJ,High Risk
2023-05-12,JNJ,High Risk
2023-05-15,JNJ,High Risk
2023-05-16,JNJ,High Risk
2023-05-17,JNJ,High Risk
2023-05-18,JNJ,High Risk
2023-05-19,JNJ,High Risk
2023-05-22,JNJ,High Risk
2023-05-23,JNJ,High Risk
2023-05-24,JNJ,High Risk
2023-05-25,JNJ,High Risk
2023-05-26,JNJ,High Risk
2023-05-30,JNJ,High Risk
2023-05-31,JNJ,High Risk
2023-06-01,JNJ,High Risk
2023-06-02,JNJ,High Risk
2023-06-05,JNJ,High Risk
2023-06-06,JNJ,High Risk
2023-06-07,JNJ,High Risk
2023-06-08,JNJ,High Risk
2023-06-09,JNJ,High Risk
2023-06-12,JNJ,High Risk
2023-06-13,JNJ,High Risk
2023-06-14,JNJ,High Risk
2023-06-15,JNJ,High Risk
2023-06-16,JNJ,High Risk
2023-06-20,JNJ,High Risk
2023-06-21,JNJ,High Risk
2023-06-22,JNJ,High Risk
2023-06-23,JNJ,High Risk
2023-06-26,JNJ,High Risk
2023-06-27,JNJ,High Risk
2023-06-28,JNJ,High Risk
2023-06-29,JNJ,High Risk
2023-06-30,JNJ,High Risk
2023-07-03,JNJ,High Risk
2023-07-05,JNJ,High Risk
2023-07-06,JNJ,High Risk
2023-07-07,JNJ,High Risk
2023-07-10,JNJ,High Risk
2023-07-11,JNJ,High Risk
2023-07-12,JNJ,High Risk
2023-07-13,JNJ,High Risk
2023-07-14,JNJ,High Risk
2023-07-17,JNJ,High Risk
2023-07-18,JNJ,High Risk
2023-07-19,JNJ,High Risk
2023-07-20,JNJ,High Risk
2023-07-21,JNJ,High Risk
2023-07-24,JNJ,High Risk
2023-07-25,JNJ,High Risk
2023-07-26,JNJ,High Risk
2023-07-27,JNJ,High Risk
2023-07-28,JNJ,High Risk
2023-07-31,JNJ,High Risk
2023-08-01,JNJ,High Risk
2023-08-02,JNJ,High Risk
2023-08-03,JNJ,High Risk
2023-08-04,JNJ,High Risk
2023-08-07,JNJ,High Risk
2023-08-08,JNJ,High Risk
2023-08-09,JNJ,High Risk
2023-08-10,JNJ,High Risk
2023-08-11,JNJ,High Risk
2023-08-14,JNJ,High Risk
2023-08-15,JNJ,High Risk
2023-08-16,JNJ,High Risk
2023-08-17,JNJ,High Risk
2023-08-18,JNJ,High Risk
2023-08-21,JNJ,High Risk
2023-08-22,JNJ,High Risk
2023-08-23,JNJ,High Risk
2023-08-24,JNJ,High Risk
2023-08-25,JNJ,High Risk
2023-08-28,JNJ,High Risk
2023-08-29,JNJ,High Risk
2023-08-30,JNJ,High Risk
2023-08-31,JNJ,High Risk
2023-09-01,JNJ,High Risk
2023-09-05,JNJ,High Risk
2023-09-06,JNJ,High Risk
2023-09-07,JNJ,High Risk
2023-09-08,JNJ,High Risk
2023-09-11,JNJ,High Risk
2023-09-12,JNJ,High Risk
2023-09-13,JNJ,High Risk
2023-09-14,JNJ,High Risk
2023-09-15,JNJ,High Risk
2023-09-18,JNJ,High Risk
2023-09-19,JNJ,High Risk
2023-09-20,JNJ,High Risk
2023-09-21,JNJ,High Risk
2023-09-22,JNJ,High Risk
2023-09-25,JNJ,High Risk
2023-09-26,JNJ,High Risk
2023-09-27,JNJ,High Risk
2023-09-28,JNJ,High Risk
2023-09-29,JNJ,High Risk
2023-10-02,JNJ,High Risk
2023-10-03,JNJ,High Risk
2023-10-04,JNJ,High Risk
2023-10-05,JNJ,High Risk
2023-10-06,JNJ,High Risk
2023-10-09,JNJ,High Risk
2023-10-10,JNJ,High Risk
2023-10-11,JNJ,High Risk
2023-10-12,JNJ,High Risk
2023-10-13,JNJ,High Risk
2023-10-16,JNJ,High Risk
2023-10-17,JNJ,High Risk
2023-10-18,JNJ,High Risk
2023-10-19,JNJ,High Risk
2023-10-20,JNJ,High Risk
2023-10-23,JNJ,High Risk
2023-10-24,JNJ,High Risk
2023-10-25,JNJ,High Risk
2023-10-26,JNJ,High Risk
2023-10-27,JNJ,High Risk
2023-10-30,JNJ,High Risk
2023-10-31,JNJ,High Risk
2023-11-01,JNJ,High Risk
2023-11-02,JNJ,High Risk
2023-11-03,JNJ,High Risk
2023-11-06,JNJ,High Risk
2023-11-07,JNJ,High Risk
2023-11-08,JNJ,High Risk
2023-11-09,JNJ,High Risk
2023-11-10,JNJ,High Risk
2023-11-13,JNJ,High Risk
2023-11-14,JNJ,High Risk
2023-11-15,JNJ,High Risk
2023-11-16,JNJ,High Risk
2023-11-17,JNJ,High Risk
2023-11-20,JNJ,High Risk
2023-11-21,JNJ,High Risk
2023-11-22,JNJ,High Risk
2023-11-24,JNJ,High Risk
2023-11-27,JNJ,High Risk
2023-11-28,JNJ,High Risk
2023-11-29,JNJ,High Risk
2023-11-30,JNJ,High Risk
2023-12-01,JNJ,High Risk
2023-12-04,JNJ,High Risk
2023-12-05,JNJ,High Risk
2023-12-06,JNJ,High Risk
2023-12-07,JNJ,High Risk
2023-12-08,JNJ,High Risk
2023-12-11,JNJ,High Risk
2023-12-12,JNJ,High Risk
2023-12-13,JNJ,High Risk
2023-12-14,JNJ,High Risk
2023-12-15,JNJ,High Risk
2023-12-18,JNJ,High Risk
2023-12-19,JNJ,High Risk
2023-12-20,JNJ,High Risk
2023-12-21,JNJ,High Risk
2023-12-22,JNJ,High Risk
2023-12-26,JNJ,High Risk
2023-12-27,JNJ,High Risk
2023-12-28,JNJ,High Risk
2023-12-29,JNJ,High Risk
2024-01-02,JNJ,High Risk
2024-01-03,JNJ,High Risk
2024-01-04,JNJ,High Risk
2024-01-05,JNJ,High Risk
2024-01-08,JNJ,High Risk
2024-01-09,JNJ,High Risk
2024-01-10,JNJ,High Risk
2024-01-11,JNJ,High Risk
2024-01-12,JNJ,High Risk
2024-01-16,JNJ,High Risk
2024-01-17,JNJ,High Risk
2024-01-18,JNJ,High Risk
2024-01-19,JNJ,High Risk
2024-01-22,JNJ,High Risk
2024-01-23,JNJ,High Risk
2024-01-24,JNJ,High Risk
2024-01-25,JNJ,High Risk
2024-01-26,JNJ,High Risk
2024-01-29,JNJ,High Risk
2024-01-30,JNJ,High Risk
2024-01-31,JNJ,High Risk
2024-02-01,JNJ,High Risk
2024-02-02,JNJ,High Risk
2024-02-05,JNJ,High Risk
2024-02-06,JNJ,High Risk
2024-02-07,JNJ,High Risk
2024-02-08,JNJ,High Risk
2024-02-09,JNJ,High Risk
2024-02-12,JNJ,High Risk
2024-02-13,JNJ,High Risk
2024-02-14,JNJ,High Risk
2024-02-15,JNJ,High Risk
2024-02-16,JNJ,High Risk
2024-02-20,JNJ,High Risk
2024-02-21,JNJ,High Risk
2024-02-22,JNJ,High Risk
2024-02-23,JNJ,High Risk
2024-02-26,JNJ,High Risk
2024-02-27,JNJ,High Risk
2024-02-28,JNJ,High Risk
2024-02-29,JNJ,High Risk
2024-03-01,JNJ,High Risk
2024-03-04,JNJ,High Risk
2024-03-05,JNJ,High Risk
2024-03-06,JNJ,High Risk
2024-03-07,JNJ,High Risk
2024-03-08,JNJ,High Risk
2024-03-11,JNJ,High Risk
2024-03-12,JNJ,High Risk
2024-03-13,JNJ,High Risk
2024-03-14,JNJ,High Risk
2024-03-15,JNJ,High Risk
2024-03-18,JNJ,High Risk
2024-03-19,JNJ,High Risk
2024-03-20,JNJ,High Risk
2024-03-21,JNJ,High Risk
2024-03-22,JNJ,High Risk
2024-03-25,JNJ,High Risk
2024-03-26,JNJ,High Risk
2024-03-27,JNJ,High Risk
2024-03-28,JNJ,High Risk
2024-04-01,JNJ,High Risk
2024-04-02,JNJ,High Risk
2024-04-03,JNJ,High Risk
2024-04-04,JNJ,High Risk
2024-04-05,JNJ,High Risk
2024-04-08,JNJ,High Risk
2024-04-09,JNJ,High Risk
2024-04-10,JNJ,High Risk
2024-04-11,JNJ,High Risk
2024-04-12,JNJ,High Risk
2024-04-15,JNJ,High Risk
2024-04-16,JNJ,High Risk
2024-04-17,JNJ,High Risk
2024-04-18,JNJ,High Risk
2024-04-19,JNJ,High Risk
2024-04-22,JNJ,High Risk
2024-04-23,JNJ,High Risk
2024-04-24,JNJ,High Risk
2024-04-25,JNJ,High Risk
2024-04-26,JNJ,High Risk
2024-04-29,JNJ,High Risk
2024-04-30,JNJ,High Risk
2024-05-01,JNJ,High Risk
2024-05-02,JNJ,High Risk
2024-05-03,JNJ,High Risk
2024-05-06,JNJ,High Risk
2024-05-07,JNJ,High Risk
2024-05-08,JNJ,High Risk
2024-05-09,JNJ,High Risk
2024-05-10,JNJ,High Risk
2024-05-13,JNJ,High Risk
2024-05-14,JNJ,High Risk
2024-05-15,JNJ,High Risk
2024-05-16,JNJ,High Risk
2024-05-17,JNJ,High Risk
2024-05-20,JNJ,High Risk
2024-05-21,JNJ,High Risk
2024-05-22,JNJ,High Risk
2024-05-23,JNJ,High Risk
2024-05-24,JNJ,High Risk
2024-05-28,JNJ,High Risk
2024-05-29,JNJ,High Risk
2024-05-30,JNJ,High Risk
2024-05-31,JNJ,High Risk
2024-06-03,JNJ,High Risk
2024-06-04,JNJ,High Risk
2024-06-05,JNJ,High Risk
2024-06-06,JNJ,High Risk
2024-06-07,JNJ,High Risk
2024-06-10,JNJ,High Risk
2024-06-11,JNJ,High Risk
2024-06-12,JNJ,High Risk
2024-06-13,JNJ,High Risk
2024-06-14,JNJ,High Risk
2024-06-17,JNJ,High Risk
2024-06-18,JNJ,High Risk
2024-06-20,JNJ,High Risk
2024-06-21,JNJ,High Risk
2024-06-24,JNJ,High Risk
2024-06-25,JNJ,High Risk
2024-06-26,JNJ,High Risk
2024-06-27,JNJ,High Risk
2024-06-28,JNJ,High Risk
2024-07-01,JNJ,High Risk
2024-07-02,JNJ,High Risk
2024-07-03,JNJ,High Risk
2024-07-05,JNJ,High Risk
2024-07-08,JNJ,High Risk
2024-07-09,JNJ,High Risk
2024-07-10,JNJ,High Risk
2024-07-11,JNJ,High Risk
2024-07-12,JNJ,High Risk
2024-07-15,JNJ,High Risk
2024-07-16,JNJ,High Risk
2024-07-17,JNJ,High Risk
2024-07-18,JNJ,High Risk
2024-07-19,JNJ,High Risk
2024-07-22,JNJ,High Risk
2024-07-23,JNJ,High Risk
2024-07-24,JNJ,High Risk
2024-07-25,JNJ,High Risk
2024-07-26,JNJ,High Risk
2024-07-29,JNJ,High Risk
2024-07-30,JNJ,High Risk
2024-07-31,JNJ,High Risk
2024-08-01,JNJ,High Risk
2024-08-02,JNJ,High Risk
2024-08-05,JNJ,High Risk
2024-08-06,JNJ,High Risk
2024-08-07,JNJ,High Risk
2024-08-08,JNJ,High Risk
2024-08-09,JNJ,High Risk
2024-08-12,JNJ,High Risk
2024-08-13,JNJ,High Risk
2024-08-14,JNJ,High Risk
2024-08-15,JNJ,High Risk
2024-08-16,JNJ,High Risk
2024-08-19,JNJ,High Risk
2024-08-20,JNJ,High Risk
2024-08-21,JNJ,High Risk
2024-08-22,JNJ,High Risk
2024-08-23,JNJ,High Risk
2024-08-26,JNJ,High Risk
2024-08-27,JNJ,High Risk
2024-08-28,JNJ,High Risk
2024-08-29,JNJ,High Risk
2024-08-30,JNJ,High Risk
2024-09-03,JNJ,High Risk
2024-09-04,JNJ,High Risk
2024-09-05,JNJ,High Risk
2024-09-06,JNJ,High Risk
2024-09-09,JNJ,High Risk
2024-09-10,JNJ,High Risk
2024-09-11,JNJ,High Risk
2024-09-12,JNJ,High Risk
2024-09-13,JNJ,High Risk
2024-09-16,JNJ,High Risk
2024-09-17,JNJ,High Risk
2024-09-18,JNJ,High Risk
2024-09-19,JNJ,High Risk
2024-09-20,JNJ,High Risk
2024-09-23,JNJ,High Risk
2024-09-24,JNJ,High Risk
2024-09-25,JNJ,High Risk
2024-09-26,JNJ,High Risk
2024-09-27,JNJ,High Risk
2024-09-30,JNJ,High Risk
2024-10-01,JNJ,High Risk
2024-10-02,JNJ,High Risk
2024-10-03,JNJ,High Risk
2024-10-04,JNJ,High Risk
2024-10-07,JNJ,High Risk
2024-10-08,JNJ,High Risk
2024-10-09,JNJ,High Risk
2024-10-10,JNJ,High Risk
2024-10-11,JNJ,High Risk
2024-10-14,JNJ,High Risk
2024-10-15,JNJ,High Risk
2024-10-16,JNJ,High Risk
2024-10-17,JNJ,High Risk
2024-10-18,JNJ,High Risk
2024-10-21,JNJ,High Risk
2024-10-22,JNJ,High Risk
2024-10-23,JNJ,High Risk
2024-10-24,JNJ,High Risk
2024-10-25,JNJ,High Risk
2024-10-28,JNJ,High Risk
2024-10-29,JNJ,High Risk
2024-10-30,JNJ,High Risk
2024-10-31,JNJ,High Risk
2024-11-01,JNJ,High Risk
2024-11-04,JNJ,High Risk
2024-11-05,JNJ,High Risk
2024-11-06,JNJ,High Risk
2024-11-07,JNJ,High Risk
2024-11-08,JNJ,High Risk
2024-11-11,JNJ,High Risk
2024-11-12,JNJ,High Risk
2024-11-13,JNJ,High Risk
2024-11-14,JNJ,High Risk
2024-11-15,JNJ,High Risk
2024-11-18,JNJ,High Risk
2024-11-19,JNJ,High Risk
2024-11-20,JNJ,High Risk
2024-11-21,JNJ,High Risk
2024-11-22,JNJ,High Risk
2024-11-25,JNJ,High Risk
2024-11-26,JNJ,High Risk
2024-11-27,JNJ,High Risk
2024-11-29,JNJ,High Risk
2024-12-02,JNJ,High Risk
2024-12-03,JNJ,High Risk
2024-12-04,JNJ,High Risk
2024-12-05,JNJ,High Risk
2024-12-06,JNJ,High Risk
2024-12-09,JNJ,High Risk
2024-12-10,JNJ,High Risk
2024-12-11,JNJ,High Risk
2024-12-12,JNJ,High Risk
2024-12-13,JNJ,High Risk
2024-12-16,JNJ,High Risk
2024-12-17,JNJ,High Risk
2024-12-18,JNJ,High Risk
2024-12-19,JNJ,High Risk
2024-12-20,JNJ,High Risk
2024-12-23,JNJ,High Risk
2024-12-24,JNJ,High Risk
2024-12-26,JNJ,High Risk
2024-12-27,JNJ,High Risk
2024-12-30,JNJ,High Risk
2024-12-31,JNJ,High Risk
2025-01-02,JNJ,High Risk
2025-01-03,JNJ,High Risk
2025-01-06,JNJ,High Risk
2025-01-07,JNJ,High Risk
2025-01-08,JNJ,High Risk
2025-01-10,JNJ,High Risk
2025-01-13,JNJ,High Risk
2025-01-14,JNJ,High Risk
2025-01-15,JNJ,High Risk
2025-01-16,JNJ,High Risk
2025-01-17,JNJ,High Risk
2025-01-21,JNJ,High Risk
2025-01-22,JNJ,High Risk
2025-01-23,JNJ,High Risk
2025-01-24,JNJ,High Risk
2025-01-27,JNJ,High Risk
2025-01-28,JNJ,High Risk
2025-01-29,JNJ,High Risk
2025-01-30,JNJ,High Risk
2025-01-31,JNJ,High Risk
2025-02-03,JNJ,High Risk
2025-02-04,JNJ,High Risk
2025-02-05,JNJ,High Risk
2025-02-06,JNJ,High Risk
2025-02-07,JNJ,High Risk
2025-02-10,JNJ,High Risk
2025-02-11,JNJ,High Risk
2025-02-12,JNJ,High Risk
2025-02-13,JNJ,High Risk
2025-02-14,JNJ,High Risk
2025-02-18,JNJ,High Risk
2025-02-19,JNJ,High Risk
2025-02-20,JNJ,High Risk
2025-02-21,JNJ,High Risk
2025-02-24,JNJ,High Risk
2025-02-25,JNJ,High Risk
2025-02-26,JNJ,High Risk
2025-02-27,JNJ,High Risk
2025-02-28,JNJ,High Risk
2025-03-03,JNJ,High Risk
2025-03-04,JNJ,High Risk
2025-03-05,JNJ,High Risk
2025-03-06,JNJ,High Risk
2025-03-07,JNJ,High Risk
2025-03-10,JNJ,High Risk
2025-03-11,JNJ,High Risk
2025-03-12,JNJ,High Risk
2025-03-13,JNJ,High Risk
2025-03-14,JNJ,High Risk
2025-03-17,JNJ,High Risk
2025-03-18,JNJ,High Risk
2025-03-19,JNJ,High Risk
2025-03-20,JNJ,High Risk
2025-03-21,JNJ,High Risk
2025-03-24,JNJ,High Risk
2025-03-25,JNJ,High Risk
2025-03-26,JNJ,High Risk
2025-03-27,JNJ,High Risk
2025-03-28,JNJ,High Risk
2025-03-31,JNJ,High Risk
2025-04-01,JNJ,High Risk
2025-04-02,JNJ,High Risk
2025-04-03,JNJ,High Risk
2025-04-04,JNJ,High Risk
2025-04-07,JNJ,High Risk
2025-04-08,JNJ,High Risk
2025-04-09,JNJ,High Risk
2025-04-10,JNJ,High Risk
2025-04-11,JNJ,High Risk
2025-04-14,JNJ,High Risk
2025-04-15,JNJ,High Risk
2025-04-16,JNJ,High Risk
2025-04-17,JNJ,High Risk
2025-04-21,JNJ,High Risk
2025-04-22,JNJ,High Risk
2025-04-23,JNJ,High Risk
2025-04-24,JNJ,High Risk
2025-04-25,JNJ,High Risk
2025-04-28,JNJ,High Risk
2025-04-29,JNJ,High Risk
2025-04-30,JNJ,High Risk
2025-05-01,JNJ,High Risk
2025-05-02,JNJ,High Risk
2025-05-05,JNJ,High Risk
2025-05-06,JNJ,High Risk
2025-05-07,JNJ,High Risk
2025-05-08,JNJ,High Risk
2025-05-09,JNJ,High Risk
2022-01-03,JPM,High Risk
2022-01-04,JPM,High Risk
2022-01-05,JPM,High Risk
2022-01-06,JPM,High Risk
2022-01-07,JPM,High Risk
2022-01-10,JPM,High Risk
2022-01-11,JPM,High Risk
2022-01-12,JPM,High Risk
2022-01-13,JPM,High Risk
2022-01-14,JPM,High Risk
2022-01-18,JPM,High Risk
2022-01-19,JPM,High Risk
2022-01-20,JPM,High Risk
2022-01-21,JPM,High Risk
2022-01-24,JPM,High Risk
2022-01-25,JPM,High Risk
2022-01-26,JPM,High Risk
2022-01-27,JPM,High Risk
2022-01-28,JPM,High Risk
2022-01-31,JPM,High Risk
2022-02-01,JPM,High Risk
2022-02-02,JPM,High Risk
2022-02-03,JPM,High Risk
2022-02-04,JPM,High Risk
2022-02-07,JPM,High Risk
2022-02-08,JPM,High Risk
2022-02-09,JPM,High Risk
2022-02-10,JPM,High Risk
2022-02-11,JPM,High Risk
2022-02-14,JPM,High Risk
2022-02-15,JPM,High Risk
2022-02-16,JPM,High Risk
2022-02-17,JPM,High Risk
2022-02-18,JPM,High Risk
2022-02-22,JPM,High Risk
2022-02-23,JPM,High Risk
2022-02-24,JPM,High Risk
2022-02-25,JPM,High Risk
2022-02-28,JPM,High Risk
2022-03-01,JPM,High Risk
2022-03-02,JPM,High Risk
2022-03-03,JPM,High Risk
2022-03-04,JPM,High Risk
2022-03-07,JPM,High Risk
2022-03-08,JPM,Medium Risk
2022-03-09,JPM,Medium Risk
2022-03-10,JPM,Medium Risk
2022-03-11,JPM,Medium Risk
2022-03-14,JPM,Medium Risk
2022-03-15,JPM,Medium Risk
2022-03-16,JPM,Medium Risk
2022-03-17,JPM,Medium Risk
2022-03-18,JPM,Medium Risk
2022-03-21,JPM,High Risk
2022-03-22,JPM,High Risk
2022-03-23,JPM,High Risk
2022-03-24,JPM,High Risk
2022-03-25,JPM,High Risk
2022-03-28,JPM,High Risk
2022-03-29,JPM,High Risk
2022-03-30,JPM,High Risk
2022-03-31,JPM,High Risk
2022-04-01,JPM,High Risk
2022-04-04,JPM,High Risk
2022-04-05,JPM,Medium Risk
2022-04-06,JPM,Medium Risk
2022-04-07,JPM,Medium Risk
2022-04-08,JPM,Medium Risk
2022-04-11,JPM,Medium Risk
2022-04-12,JPM,Medium Risk
2022-04-13,JPM,Medium Risk
2022-04-14,JPM,Medium Risk
2022-04-18,JPM,Medium Risk
2022-04-19,JPM,Medium Risk
2022-04-20,JPM,Medium Risk
2022-04-21,JPM,Medium Risk
2022-04-22,JPM,Medium Risk
2022-04-25,JPM,Medium Risk
2022-04-26,JPM,Medium Risk
2022-04-27,JPM,Medium Risk
2022-04-28,JPM,Medium Risk
2022-04-29,JPM,Medium Risk
2022-05-02,JPM,Medium Risk
2022-05-03,JPM,Medium Risk
2022-05-04,JPM,Medium Risk
2022-05-05,JPM,Medium Risk
2022-05-06,JPM,Medium Risk
2022-05-09,JPM,Medium Risk
2022-05-10,JPM,Medium Risk
2022-05-11,JPM,Medium Risk
2022-05-12,JPM,Medium Risk
2022-05-13,JPM,Medium Risk
2022-05-16,JPM,Medium Risk
2022-05-17,JPM,Medium Risk
2022-05-18,JPM,Medium Risk
2022-05-19,JPM,Medium Risk
2022-05-20,JPM,Medium Risk
2022-05-23,JPM,Medium Risk
2022-05-24,JPM,Medium Risk
2022-05-25,JPM,Medium Risk
2022-05-26,JPM,Medium Risk
2022-05-27,JPM,Medium Risk
2022-05-31,JPM,Medium Risk
2022-06-01,JPM,Medium Risk
2022-06-02,JPM,Medium Risk
2022-06-03,JPM,Medium Risk
2022-06-06,JPM,Medium Risk
2022-06-07,JPM,Medium Risk
2022-06-08,JPM,Medium Risk
2022-06-09,JPM,Medium Risk
2022-06-10,JPM,Medium Risk
2022-06-13,JPM,Medium Risk
2022-06-14,JPM,Medium Risk
2022-06-15,JPM,Medium Risk
2022-06-16,JPM,Medium Risk
2022-06-17,JPM,Medium Risk
2022-06-21,JPM,Medium Risk
2022-06-22,JPM,Medium Risk
2022-06-23,JPM,Medium Risk
2022-06-24,JPM,Medium Risk
2022-06-27,JPM,Medium Risk
2022-06-28,JPM,Medium Risk
2022-06-29,JPM,Medium Risk
2022-06-30,JPM,Medium Risk
2022-07-01,JPM,Medium Risk
2022-07-05,JPM,Medium Risk
2022-07-06,JPM,Medium Risk
2022-07-07,JPM,Medium Risk
2022-07-08,JPM,Medium Risk
2022-07-11,JPM,Medium Risk
2022-07-12,JPM,Medium Risk
2022-07-13,JPM,Medium Risk
2022-07-14,JPM,Medium Risk
2022-07-15,JPM,Medium Risk
2022-07-18,JPM,Medium Risk
2022-07-19,JPM,Medium Risk
2022-07-20,JPM,Medium Risk
2022-07-21,JPM,Medium Risk
2022-07-22,JPM,Medium Risk
2022-07-25,JPM,Medium Risk
2022-07-26,JPM,Medium Risk
2022-07-27,JPM,Medium Risk
2022-07-28,JPM,Medium Risk
2022-07-29,JPM,Medium Risk
2022-08-01,JPM,Medium Risk
2022-08-02,JPM,Medium Risk
2022-08-03,JPM,Medium Risk
2022-08-04,JPM,Medium Risk
2022-08-05,JPM,Medium Risk
2022-08-08,JPM,Medium Risk
2022-08-09,JPM,Medium Risk
2022-08-10,JPM,Medium Risk
2022-08-11,JPM,Medium Risk
2022-08-12,JPM,Medium Risk
2022-08-15,JPM,Medium Risk
2022-08-16,JPM,Medium Risk
2022-08-17,JPM,Medium Risk
2022-08-18,JPM,Medium Risk
2022-08-19,JPM,Medium Risk
2022-08-22,JPM,Medium Risk
2022-08-23,JPM,Medium Risk
2022-08-24,JPM,Medium Risk
2022-08-25,JPM,Medium Risk
2022-08-26,JPM,Medium Risk
2022-08-29,JPM,Medium Risk
2022-08-30,JPM,Medium Risk
2022-08-31,JPM,Medium Risk
2022-09-01,JPM,Medium Risk
2022-09-02,JPM,Medium Risk
2022-09-06,JPM,Medium Risk
2022-09-07,JPM,Medium Risk
2022-09-08,JPM,Medium Risk
2022-09-09,JPM,Medium Risk
2022-09-12,JPM,Medium Risk
2022-09-13,JPM,Medium Risk
2022-09-14,JPM,Medium Risk
2022-09-15,JPM,Medium Risk
2022-09-16,JPM,Medium Risk
2022-09-19,JPM,Medium Risk
2022-09-20,JPM,Medium Risk
2022-09-21,JPM,Medium Risk
2022-09-22,JPM,Medium Risk
2022-09-23,JPM,Medium Risk
2022-09-26,JPM,Medium Risk
2022-09-27,JPM,Medium Risk
2022-09-28,JPM,Medium Risk
2022-09-29,JPM,Medium Risk
2022-09-30,JPM,Medium Risk
2022-10-03,JPM,Medium Risk
2022-10-04,JPM,Medium Risk
2022-10-05,JPM,Medium Risk
2022-10-06,JPM,Medium Risk
2022-10-07,JPM,Medium Risk
2022-10-10,JPM,Medium Risk
2022-10-11,JPM,Medium Risk
2022-10-12,JPM,Medium Risk
2022-10-13,JPM,Medium Risk
2022-10-14,JPM,Medium Risk
2022-10-17,JPM,Medium Risk
2022-10-18,JPM,Medium Risk
2022-10-19,JPM,Medium Risk
2022-10-20,JPM,Medium Risk
2022-10-21,JPM,Medium Risk
2022-10-24,JPM,Medium Risk
2022-10-25,JPM,Medium Risk
2022-10-26,JPM,Medium Risk
2022-10-27,JPM,Medium Risk
2022-10-28,JPM,Medium Risk
2022-10-31,JPM,Medium Risk
2022-11-01,JPM,Medium Risk
2022-11-02,JPM,Medium Risk
2022-11-03,JPM,Medium Risk
2022-11-04,JPM,Medium Risk
2022-11-07,JPM,Medium Risk
2022-11-08,JPM,Medium Risk
2022-11-09,JPM,Medium Risk
2022-11-10,JPM,Medium Risk
2022-11-11,JPM,Medium Risk
2022-11-14,JPM,Medium Risk
2022-11-15,JPM,Medium Risk
2022-11-16,JPM,Medium Risk
2022-11-17,JPM,Medium Risk
2022-11-18,JPM,Medium Risk
2022-11-21,JPM,Medium Risk
2022-11-22,JPM,Medium Risk
2022-11-23,JPM,Medium Risk
2022-11-25,JPM,Medium Risk
2022-11-28,JPM,High Risk
2022-11-29,JPM,High Risk
2022-11-30,JPM,High Risk
2022-12-01,JPM,High Risk
2022-12-02,JPM,High Risk
2022-12-05,JPM,High Risk
2022-12-06,JPM,Medium Risk
2022-12-07,JPM,Medium Risk
2022-12-08,JPM,Medium Risk
2022-12-09,JPM,Medium Risk
2022-12-12,JPM,Medium Risk
2022-12-13,JPM,Medium Risk
2022-12-14,JPM,Medium Risk
2022-12-15,JPM,Medium Risk
2022-12-16,JPM,Medium Risk
2022-12-19,JPM,Medium Risk
2022-12-20,JPM,Medium Risk
2022-12-21,JPM,Medium Risk
2022-12-22,JPM,Medium Risk
2022-12-23,JPM,Medium Risk
2022-12-27,JPM,Medium Risk
2022-12-28,JPM,Medium Risk
2022-12-29,JPM,Medium Risk
2022-12-30,JPM,Medium Risk
2023-01-03,JPM,Medium Risk
2023-01-04,JPM,Medium Risk
2023-01-05,JPM,High Risk
2023-01-06,JPM,High Risk
2023-01-09,JPM,High Risk
2023-01-10,JPM,High Risk
2023-01-11,JPM,High Risk
2023-01-12,JPM,High Risk
2023-01-13,JPM,High Risk
2023-01-17,JPM,High Risk
2023-01-18,JPM,High Risk
2023-01-19,JPM,High Risk
2023-01-20,JPM,High Risk
2023-01-23,JPM,High Risk
2023-01-24,JPM,High Risk
2023-01-25,JPM,High Risk
2023-01-26,JPM,High Risk
2023-01-27,JPM,High Risk
2023-01-30,JPM,High Risk
2023-01-31,JPM,High Risk
2023-02-01,JPM,High Risk
2023-02-02,JPM,High Risk
2023-02-03,JPM,High Risk
2023-02-06,JPM,High Risk
2023-02-07,JPM,High Risk
2023-02-08,JPM,High Risk
2023-02-09,JPM,High Risk
2023-02-10,JPM,High Risk
2023-02-13,JPM,High Risk
2023-02-14,JPM,High Risk
2023-02-15,JPM,High Risk
2023-02-16,JPM,High Risk
2023-02-17,JPM,High Risk
2023-02-21,JPM,High Risk
2023-02-22,JPM,High Risk
2023-02-23,JPM,High Risk
2023-02-24,JPM,High Risk
2023-02-27,JPM,High Risk
2023-02-28,JPM,High Risk
2023-03-01,JPM,High Risk
2023-03-02,JPM,High Risk
2023-03-03,JPM,High Risk
2023-03-06,JPM,High Risk
2023-03-07,JPM,High Risk
2023-03-08,JPM,High Risk
2023-03-09,JPM,High Risk
2023-03-10,JPM,High Risk
2023-03-13,JPM,High Risk
2023-03-14,JPM,High Risk
2023-03-15,JPM,High Risk
2023-03-16,JPM,Medium Risk
2023-03-17,JPM,Medium Risk
2023-03-20,JPM,Medium Risk
2023-03-21,JPM,Medium Risk
2023-03-22,JPM,Medium Risk
2023-03-23,JPM,Medium Risk
2023-03-24,JPM,Medium Risk
2023-03-27,JPM,Medium Risk
2023-03-28,JPM,Medium Risk
2023-03-29,JPM,Medium Risk
2023-03-30,JPM,Medium Risk
2023-03-31,JPM,Medium Risk
2023-04-03,JPM,Medium Risk
2023-04-04,JPM,Medium Risk
2023-04-05,JPM,Medium Risk
2023-04-06,JPM,Medium Risk
2023-04-10,JPM,Medium Risk
2023-04-11,JPM,Medium Risk
2023-04-12,JPM,Medium Risk
2023-04-13,JPM,Medium Risk
2023-04-14,JPM,Medium Risk
2023-04-17,JPM,High Risk
2023-04-18,JPM,High Risk
2023-04-19,JPM,High Risk
2023-04-20,JPM,High Risk
2023-04-21,JPM,High Risk
2023-04-24,JPM,High Risk
2023-04-25,JPM,High Risk
2023-04-26,JPM,High Risk
2023-04-27,JPM,High Risk
2023-04-28,JPM,High Risk
2023-05-01,JPM,High Risk
2023-05-02,JPM,High Risk
2023-05-03,JPM,High Risk
2023-05-04,JPM,High Risk
2023-05-05,JPM,High Risk
2023-05-08,JPM,High Risk
2023-05-09,JPM,High Risk
2023-05-10,JPM,High Risk
2023-05-11,JPM,High Risk
2023-05-12,JPM,High Risk
2023-05-15,JPM,High Risk
2023-05-16,JPM,High Risk
2023-05-17,JPM,High Risk
2023-05-18,JPM,High Risk
2023-05-19,JPM,High Risk
2023-05-22,JPM,High Risk
2023-05-23,JPM,High Risk
2023-05-24,JPM,High Risk
2023-05-25,JPM,High Risk
2023-05-26,JPM,High Risk
2023-05-30,JPM,High Risk
2023-05-31,JPM,High Risk
2023-06-01,JPM,High Risk
2023-06-02,JPM,High Risk
2023-06-05,JPM,High Risk
2023-06-06,JPM,High Risk
2023-06-07,JPM,High Risk
2023-06-08,JPM,High Risk
2023-06-09,JPM,High Risk
2023-06-12,JPM,High Risk
2023-06-13,JPM,High Risk
2023-06-14,JPM,High Risk
2023-06-15,JPM,High Risk
2023-06-16,JPM,High Risk
2023-06-20,JPM,High Risk
2023-06-21,JPM,High Risk
2023-06-22,JPM,High Risk
2023-06-23,JPM,High Risk
2023-06-26,JPM,High Risk
2023-06-27,JPM,High Risk
2023-06-28,JPM,High Risk
2023-06-29,JPM,High Risk
2023-06-30,JPM,High Risk
2023-07-03,JPM,High Risk
2023-07-05,JPM,High Risk
2023-07-06,JPM,High Risk
2023-07-07,JPM,High Risk
2023-07-10,JPM,High Risk
2023-07-11,JPM,High Risk
2023-07-12,JPM,High Risk
2023-07-13,JPM,High Risk
2023-07-14,JPM,High Risk
2023-07-17,JPM,High Risk
2023-07-18,JPM,High Risk
2023-07-19,JPM,High Risk
2023-07-20,JPM,High Risk
2023-07-21,JPM,High Risk
2023-07-24,JPM,High Risk
2023-07-25,JPM,High Risk
2023-07-26,JPM,High Risk
2023-07-27,JPM,High Risk
2023-07-28,JPM,High Risk
2023-07-31,JPM,High Risk
2023-08-01,JPM,High Risk
2023-08-02,JPM,High Risk
2023-08-03,JPM,High Risk
2023-08-04,JPM,High Risk
2023-08-07,JPM,High Risk
2023-08-08,JPM,High Risk
2023-08-09,JPM,High Risk
2023-08-10,JPM,High Risk
2023-08-11,JPM,High Risk
2023-08-14,JPM,High Risk
2023-08-15,JPM,High Risk
2023-08-16,JPM,High Risk
2023-08-17,JPM,High Risk
2023-08-18,JPM,High Risk
2023-08-21,JPM,High Risk
2023-08-22,JPM,High Risk
2023-08-23,JPM,High Risk
2023-08-24,JPM,High Risk
2023-08-25,JPM,High Risk
2023-08-28,JPM,High Risk
2023-08-29,JPM,High Risk
2023-08-30,JPM,High Risk
2023-08-31,JPM,High Risk
2023-09-01,JPM,High Risk
2023-09-05,JPM,High Risk
2023-09-06,JPM,High Risk
2023-09-07,JPM,High Risk
2023-09-08,JPM,High Risk
2023-09-11,JPM,High Risk
2023-09-12,JPM,High Risk
2023-09-13,JPM,High Risk
2023-09-14,JPM,High Risk
2023-09-15,JPM,High Risk
2023-09-18,JPM,High Risk
2023-09-19,JPM,High Risk
2023-09-20,JPM,High Risk
2023-09-21,JPM,High Risk
2023-09-22,JPM,High Risk
2023-09-25,JPM,High Risk
2023-09-26,JPM,High Risk
2023-09-27,JPM,High Risk
2023-09-28,JPM,High Risk
2023-09-29,JPM,High Risk
2023-10-02,JPM,High Risk
2023-10-03,JPM,High Risk
2023-10-04,JPM,High Risk
2023-10-05,JPM,High Risk
2023-10-06,JPM,High Risk
2023-10-09,JPM,High Risk
2023-10-10,JPM,High Risk
2023-10-11,JPM,High Risk
2023-10-12,JPM,High Risk
2023-10-13,JPM,High Risk
2023-10-16,JPM,High Risk
2023-10-17,JPM,High Risk
2023-10-18,JPM,High Risk
2023-10-19,JPM,High Risk
2023-10-20,JPM,High Risk
2023-10-23,JPM,High Risk
2023-10-24,JPM,High Risk
2023-10-25,JPM,High Risk
2023-10-26,JPM,High Risk
2023-10-27,JPM,High Risk
2023-10-30,JPM,High Risk
2023-10-31,JPM,High Risk
2023-11-01,JPM,High Risk
2023-11-02,JPM,High Risk
2023-11-03,JPM,High Risk
2023-11-06,JPM,High Risk
2023-11-07,JPM,High Risk
2023-11-08,JPM,High Risk
2023-11-09,JPM,High Risk
2023-11-10,JPM,High Risk
2023-11-13,JPM,High Risk
2023-11-14,JPM,High Risk
2023-11-15,JPM,High Risk
2023-11-16,JPM,High Risk
2023-11-17,JPM,High Risk
2023-11-20,JPM,High Risk
2023-11-21,JPM,High Risk
2023-11-22,JPM,High Risk
2023-11-24,JPM,High Risk
2023-11-27,JPM,High Risk
2023-11-28,JPM,High Risk
2023-11-29,JPM,High Risk
2023-11-30,JPM,High Risk
2023-12-01,JPM,High Risk
2023-12-04,JPM,High Risk
2023-12-05,JPM,High Risk
2023-12-06,JPM,High Risk
2023-12-07,JPM,High Risk
2023-12-08,JPM,High Risk
2023-12-11,JPM,High Risk
2023-12-12,JPM,High Risk
2023-12-13,JPM,High Risk
2023-12-14,JPM,High Risk
2023-12-15,JPM,High Risk
2023-12-18,JPM,High Risk
2023-12-19,JPM,High Risk
2023-12-20,JPM,High Risk
2023-12-21,JPM,High Risk
2023-12-22,JPM,High Risk
2023-12-26,JPM,High Risk
2023-12-27,JPM,High Risk
2023-12-28,JPM,High Risk
2023-12-29,JPM,High Risk
2024-01-02,JPM,High Risk
2024-01-03,JPM,High Risk
2024-01-04,JPM,High Risk
2024-01-05,JPM,High Risk
2024-01-08,JPM,High Risk
2024-01-09,JPM,High Risk
2024-01-10,JPM,High Risk
2024-01-11,JPM,High Risk
2024-01-12,JPM,High Risk
2024-01-16,JPM,High Risk
2024-01-17,JPM,High Risk
2024-01-18,JPM,High Risk
2024-01-19,JPM,High Risk
2024-01-22,JPM,High Risk
2024-01-23,JPM,High Risk
2024-01-24,JPM,High Risk
2024-01-25,JPM,High Risk
2024-01-26,JPM,High Risk
2024-01-29,JPM,High Risk
2024-01-30,JPM,High Risk
2024-01-31,JPM,High Risk
2024-02-01,JPM,High Risk
2024-02-02,JPM,High Risk
2024-02-05,JPM,High Risk
2024-02-06,JPM,High Risk
2024-02-07,JPM,High Risk
2024-02-08,JPM,High Risk
2024-02-09,JPM,High Risk
2024-02-12,JPM,High Risk
2024-02-13,JPM,High Risk
2024-02-14,JPM,High Risk
2024-02-15,JPM,High Risk
2024-02-16,JPM,High Risk
2024-02-20,JPM,High Risk
2024-02-21,JPM,High Risk
2024-02-22,JPM,High Risk
2024-02-23,JPM,High Risk
2024-02-26,JPM,High Risk
2024-02-27,JPM,High Risk
2024-02-28,JPM,High Risk
2024-02-29,JPM,High Risk
2024-03-01,JPM,High Risk
2024-03-04,JPM,High Risk
2024-03-05,JPM,High Risk
2024-03-06,JPM,High Risk
2024-03-07,JPM,High Risk
2024-03-08,JPM,High Risk
2024-03-11,JPM,High Risk
2024-03-12,JPM,High Risk
2024-03-13,JPM,High Risk
2024-03-14,JPM,High Risk
2024-03-15,JPM,High Risk
2024-03-18,JPM,High Risk
2024-03-19,JPM,High Risk
2024-03-20,JPM,High Risk
2024-03-21,JPM,High Risk
2024-03-22,JPM,High Risk
2024-03-25,JPM,High Risk
2024-03-26,JPM,High Risk
2024-03-27,JPM,High Risk
2024-03-28,JPM,High Risk
2024-04-01,JPM,High Risk
2024-04-02,JPM,High Risk
2024-04-03,JPM,High Risk
2024-04-04,JPM,High Risk
2024-04-05,JPM,High Risk
2024-04-08,JPM,High Risk
2024-04-09,JPM,High Risk
2024-04-10,JPM,High Risk
2024-04-11,JPM,High Risk
2024-04-12,JPM,High Risk
2024-04-15,JPM,High Risk
2024-04-16,JPM,High Risk
2024-04-17,JPM,High Risk
2024-04-18,JPM,High Risk
2024-04-19,JPM,High Risk
2024-04-22,JPM,High Risk
2024-04-23,JPM,High Risk
2024-04-24,JPM,High Risk
2024-04-25,JPM,High Risk
2024-04-26,JPM,High Risk
2024-04-29,JPM,High Risk
2024-04-30,JPM,High Risk
2024-05-01,JPM,High Risk
2024-05-02,JPM,High Risk
2024-05-03,JPM,High Risk
2024-05-06,JPM,High Risk
2024-05-07,JPM,High Risk
2024-05-08,JPM,High Risk
2024-05-09,JPM,High Risk
2024-05-10,JPM,High Risk
2024-05-13,JPM,High Risk
2024-05-14,JPM,High Risk
2024-05-15,JPM,High Risk
2024-05-16,JPM,High Risk
2024-05-17,JPM,High Risk
2024-05-20,JPM,High Risk
2024-05-21,JPM,High Risk
2024-05-22,JPM,High Risk
2024-05-23,JPM,High Risk
2024-05-24,JPM,High Risk
2024-05-28,JPM,High Risk
2024-05-29,JPM,High Risk
2024-05-30,JPM,High Risk
2024-05-31,JPM,High Risk
2024-06-03,JPM,High Risk
2024-06-04,JPM,High Risk
2024-06-05,JPM,High Risk
2024-06-06,JPM,High Risk
2024-06-07,JPM,High Risk
2024-06-10,JPM,High Risk
2024-06-11,JPM,High Risk
2024-06-12,JPM,High Risk
2024-06-13,JPM,High Risk
2024-06-14,JPM,High Risk
2024-06-17,JPM,High Risk
2024-06-18,JPM,High Risk
2024-06-20,JPM,High Risk
2024-06-21,JPM,High Risk
2024-06-24,JPM,High Risk
2024-06-25,JPM,High Risk
2024-06-26,JPM,High Risk
2024-06-27,JPM,High Risk
2024-06-28,JPM,High Risk
2024-07-01,JPM,High Risk
2024-07-02,JPM,High Risk
2024-07-03,JPM,High Risk
2024-07-05,JPM,High Risk
2024-07-08,JPM,High Risk
2024-07-09,JPM,High Risk
2024-07-10,JPM,High Risk
2024-07-11,JPM,High Risk
2024-07-12,JPM,High Risk
2024-07-15,JPM,High Risk
2024-07-16,JPM,High Risk
2024-07-17,JPM,High Risk
2024-07-18,JPM,High Risk
2024-07-19,JPM,High Risk
2024-07-22,JPM,High Risk
2024-07-23,JPM,High Risk
2024-07-24,JPM,High Risk
2024-07-25,JPM,High Risk
2024-07-26,JPM,High Risk
2024-07-29,JPM,High Risk
2024-07-30,JPM,High Risk
2024-07-31,JPM,High Risk
2024-08-01,JPM,High Risk
2024-08-02,JPM,High Risk
2024-08-05,JPM,High Risk
2024-08-06,JPM,High Risk
2024-08-07,JPM,High Risk
2024-08-08,JPM,High Risk
2024-08-09,JPM,High Risk
2024-08-12,JPM,High Risk
2024-08-13,JPM,High Risk
2024-08-14,JPM,High Risk
2024-08-15,JPM,High Risk
2024-08-16,JPM,High Risk
2024-08-19,JPM,High Risk
2024-08-20,JPM,High Risk
2024-08-21,JPM,High Risk
2024-08-22,JPM,High Risk
2024-08-23,JPM,High Risk
2024-08-26,JPM,High Risk
2024-08-27,JPM,High Risk
2024-08-28,JPM,High Risk
2024-08-29,JPM,High Risk
2024-08-30,JPM,High Risk
2024-09-03,JPM,High Risk
2024-09-04,JPM,High Risk
2024-09-05,JPM,High Risk
2024-09-06,JPM,High Risk
2024-09-09,JPM,High Risk
2024-09-10,JPM,High Risk
2024-09-11,JPM,High Risk
2024-09-12,JPM,High Risk
2024-09-13,JPM,High Risk
2024-09-16,JPM,High Risk
2024-09-17,JPM,High Risk
2024-09-18,JPM,High Risk
2024-09-19,JPM,High Risk
2024-09-20,JPM,High Risk
2024-09-23,JPM,High Risk
2024-09-24,JPM,High Risk
2024-09-25,JPM,High Risk
2024-09-26,JPM,High Risk
2024-09-27,JPM,High Risk
2024-09-30,JPM,High Risk
2024-10-01,JPM,High Risk
2024-10-02,JPM,High Risk
2024-10-03,JPM,High Risk
2024-10-04,JPM,High Risk
2024-10-07,JPM,High Risk
2024-10-08,JPM,High Risk
2024-10-09,JPM,High Risk
2024-10-10,JPM,High Risk
2024-10-11,JPM,High Risk
2024-10-14,JPM,High Risk
2024-10-15,JPM,High Risk
2024-10-16,JPM,High Risk
2024-10-17,JPM,High Risk
2024-10-18,JPM,High Risk
2024-10-21,JPM,High Risk
2024-10-22,JPM,High Risk
2024-10-23,JPM,High Risk
2024-10-24,JPM,High Risk
2024-10-25,JPM,High Risk
2024-10-28,JPM,High Risk
2024-10-29,JPM,High Risk
2024-10-30,JPM,High Risk
2024-10-31,JPM,High Risk
2024-11-01,JPM,High Risk
2024-11-04,JPM,High Risk
2024-11-05,JPM,High Risk
2024-11-06,JPM,High Risk
2024-11-07,JPM,High Risk
2024-11-08,JPM,High Risk
2024-11-11,JPM,High Risk
2024-11-12,JPM,High Risk
2024-11-13,JPM,High Risk
2024-11-14,JPM,High Risk
2024-11-15,JPM,High Risk
2024-11-18,JPM,High Risk
2024-11-19,JPM,High Risk
2024-11-20,JPM,High Risk
2024-11-21,JPM,High Risk
2024-11-22,JPM,High Risk
2024-11-25,JPM,High Risk
2024-11-26,JPM,High Risk
2024-11-27,JPM,High Risk
2024-11-29,JPM,High Risk
2024-12-02,JPM,High Risk
2024-12-03,JPM,High Risk
2024-12-04,JPM,High Risk
2024-12-05,JPM,High Risk
2024-12-06,JPM,High Risk
2024-12-09,JPM,High Risk
2024-12-10,JPM,High Risk
2024-12-11,JPM,High Risk
2024-12-12,JPM,High Risk
2024-12-13,JPM,High Risk
2024-12-16,JPM,High Risk
2024-12-17,JPM,High Risk
2024-12-18,JPM,High Risk
2024-12-19,JPM,High Risk
2024-12-20,JPM,High Risk
2024-12-23,JPM,High Risk
2024-12-24,JPM,High Risk
2024-12-26,JPM,High Risk
2024-12-27,JPM,High Risk
2024-12-30,JPM,High Risk
2024-12-31,JPM,High Risk
2025-01-02,JPM,High Risk
2025-01-03,JPM,High Risk
2025-01-06,JPM,High Risk
2025-01-07,JPM,High Risk
2025-01-08,JPM,High Risk
2025-01-10,JPM,High Risk
2025-01-13,JPM,High Risk
2025-01-14,JPM,High Risk
2025-01-15,JPM,High Risk
2025-01-16,JPM,High Risk
2025-01-17,JPM,High Risk
2025-01-21,JPM,High Risk
2025-01-22,JPM,High Risk
2025-01-23,JPM,High Risk
2025-01-24,JPM,High Risk
2025-01-27,JPM,High Risk
2025-01-28,JPM,High Risk
2025-01-29,JPM,High Risk
2025-01-30,JPM,High Risk
2025-01-31,JPM,High Risk
2025-02-03,JPM,High Risk
2025-02-04,JPM,High Risk
2025-02-05,JPM,High Risk
2025-02-06,JPM,High Risk
2025-02-07,JPM,High Risk
2025-02-10,JPM,High Risk
2025-02-11,JPM,High Risk
2025-02-12,JPM,High Risk
2025-02-13,JPM,High Risk
2025-02-14,JPM,High Risk
2025-02-18,JPM,High Risk
2025-02-19,JPM,High Risk
2025-02-20,JPM,High Risk
2025-02-21,JPM,High Risk
2025-02-24,JPM,High Risk
2025-02-25,JPM,High Risk
2025-02-26,JPM,High Risk
2025-02-27,JPM,High Risk
2025-02-28,JPM,High Risk
2025-03-03,JPM,High Risk
2025-03-04,JPM,High Risk
2025-03-05,JPM,High Risk
2025-03-06,JPM,High Risk
2025-03-07,JPM,High Risk
2025-03-10,JPM,High Risk
2025-03-11,JPM,High Risk
2025-03-12,JPM,High Risk
2025-03-13,JPM,High Risk
2025-03-14,JPM,High Risk
2025-03-17,JPM,High Risk
2025-03-18,JPM,High Risk
2025-03-19,JPM,High Risk
2025-03-20,JPM,High Risk
2025-03-21,JPM,High Risk
2025-03-24,JPM,High Risk
2025-03-25,JPM,High Risk
2025-03-26,JPM,High Risk
2025-03-27,JPM,High Risk
2025-03-28,JPM,High Risk
2025-03-31,JPM,High Risk
2025-04-01,JPM,High Risk
2025-04-02,JPM,High Risk
2025-04-03,JPM,High Risk
2025-04-04,JPM,High Risk
2025-04-07,JPM,High Risk
2025-04-08,JPM,High Risk
2025-04-09,JPM,High Risk
2025-04-10,JPM,High Risk
2025-04-11,JPM,High Risk
2025-04-14,JPM,High Risk
2025-04-15,JPM,High Risk
2025-04-16,JPM,High Risk
2025-04-17,JPM,High Risk
2025-04-21,JPM,High Risk
2025-04-22,JPM,High Risk
2025-04-23,JPM,High Risk
2025-04-24,JPM,High Risk
2025-04-25,JPM,High Risk
2025-04-28,JPM,High Risk
2025-04-29,JPM,High Risk
2025-04-30,JPM,High Risk
2025-05-01,JPM,High Risk
2025-05-02,JPM,High Risk
2025-05-05,JPM,High Risk
2025-05-06,JPM,High Risk
2025-05-07,JPM,High Risk
2025-05-08,JPM,High Risk
2025-05-09,JPM,High Risk
2022-01-03,KO,Medium Risk
2022-01-04,KO,Medium Risk
2022-01-05,KO,Medium Risk
2022-01-06,KO,Medium Risk
2022-01-07,KO,Medium Risk
2022-01-10,KO,Medium Risk
2022-01-11,KO,Medium Risk
2022-01-12,KO,Medium Risk
2022-01-13,KO,Medium Risk
2022-01-14,KO,Medium Risk
2022-01-18,KO,Medium Risk
2022-01-19,KO,Medium Risk
2022-01-20,KO,Medium Risk
2022-01-21,KO,Medium Risk
2022-01-24,KO,Medium Risk
2022-01-25,KO,Medium Risk
2022-01-26,KO,Medium Risk
2022-01-27,KO,Medium Risk
2022-01-28,KO,Medium Risk
2022-01-31,KO,Medium Risk
2022-02-01,KO,Medium Risk
2022-02-02,KO,Medium Risk
2022-02-03,KO,Medium Risk
2022-02-04,KO,Medium Risk
2022-02-07,KO,Medium Risk
2022-02-08,KO,Medium Risk
2022-02-09,KO,Medium Risk
2022-02-10,KO,Medium Risk
2022-02-11,KO,Medium Risk
2022-02-14,KO,Medium Risk
2022-02-15,KO,Medium Risk
2022-02-16,KO,Medium Risk
2022-02-17,KO,Medium Risk
2022-02-18,KO,Medium Risk
2022-02-22,KO,Medium Risk
2022-02-23,KO,Medium Risk
2022-02-24,KO,Medium Risk
2022-02-25,KO,Medium Risk
2022-02-28,KO,Medium Risk
2022-03-01,KO,Medium Risk
2022-03-02,KO,Medium Risk
2022-03-03,KO,Medium Risk
2022-03-04,KO,Medium Risk
2022-03-07,KO,Medium Risk
2022-03-08,KO,Medium Risk
2022-03-09,KO,Medium Risk
2022-03-10,KO,Medium Risk
2022-03-11,KO,Medium Risk
2022-03-14,KO,Medium Risk
2022-03-15,KO,Medium Risk
2022-03-16,KO,Medium Risk
2022-03-17,KO,Medium Risk
2022-03-18,KO,Medium Risk
2022-03-21,KO,Medium Risk
2022-03-22,KO,Medium Risk
2022-03-23,KO,Medium Risk
2022-03-24,KO,Medium Risk
2022-03-25,KO,Medium Risk
2022-03-28,KO,Medium Risk
2022-03-29,KO,Medium Risk
2022-03-30,KO,Medium Risk
2022-03-31,KO,Medium Risk
2022-04-01,KO,Medium Risk
2022-04-04,KO,Medium Risk
2022-04-05,KO,Medium Risk
2022-04-06,KO,Medium Risk
2022-04-07,KO,Medium Risk
2022-04-08,KO,Medium Risk
2022-04-11,KO,Medium Risk
2022-04-12,KO,Medium Risk
2022-04-13,KO,Medium Risk
2022-04-14,KO,Medium Risk
2022-04-18,KO,Medium Risk
2022-04-19,KO,Medium Risk
2022-04-20,KO,Medium Risk
2022-04-21,KO,Medium Risk
2022-04-22,KO,Medium Risk
2022-04-25,KO,Medium Risk
2022-04-26,KO,Medium Risk
2022-04-27,KO,Medium Risk
2022-04-28,KO,Medium Risk
2022-04-29,KO,Medium Risk
2022-05-02,KO,Medium Risk
2022-05-03,KO,Medium Risk
2022-05-04,KO,Medium Risk
2022-05-05,KO,Medium Risk
2022-05-06,KO,Medium Risk
2022-05-09,KO,Medium Risk
2022-05-10,KO,Medium Risk
2022-05-11,KO,Medium Risk
2022-05-12,KO,Medium Risk
2022-05-13,KO,Medium Risk
2022-05-16,KO,Medium Risk
2022-05-17,KO,Medium Risk
2022-05-18,KO,Medium Risk
2022-05-19,KO,Medium Risk
2022-05-20,KO,Medium Risk
2022-05-23,KO,Medium Risk
2022-05-24,KO,Medium Risk
2022-05-25,KO,Medium Risk
2022-05-26,KO,Medium Risk
2022-05-27,KO,Medium Risk
2022-05-31,KO,Medium Risk
2022-06-01,KO,Medium Risk
2022-06-02,KO,Medium Risk
2022-06-03,KO,Medium Risk
2022-06-06,KO,Medium Risk
2022-06-07,KO,Medium Risk
2022-06-08,KO,Medium Risk
2022-06-09,KO,Medium Risk
2022-06-10,KO,Medium Risk
2022-06-13,KO,Medium Risk
2022-06-14,KO,Medium Risk
2022-06-15,KO,Medium Risk
2022-06-16,KO,Medium Risk
2022-06-17,KO,Medium Risk
2022-06-21,KO,Medium Risk
2022-06-22,KO,Medium Risk
2022-06-23,KO,Medium Risk
2022-06-24,KO,Medium Risk
2022-06-27,KO,Medium Risk
2022-06-28,KO,Medium Risk
2022-06-29,KO,Medium Risk
2022-06-30,KO,Medium Risk
2022-07-01,KO,Medium Risk
2022-07-05,KO,Medium Risk
2022-07-06,KO,Medium Risk
2022-07-07,KO,Medium Risk
2022-07-08,KO,Medium Risk
2022-07-11,KO,Medium Risk
2022-07-12,KO,Medium Risk
2022-07-13,KO,Medium Risk
2022-07-14,KO,Medium Risk
2022-07-15,KO,Medium Risk
2022-07-18,KO,Medium Risk
2022-07-19,KO,Medium Risk
2022-07-20,KO,Medium Risk
2022-07-21,KO,Medium Risk
2022-07-22,KO,Medium Risk
2022-07-25,KO,Medium Risk
2022-07-26,KO,Medium Risk
2022-07-27,KO,Medium Risk
2022-07-28,KO,Medium Risk
2022-07-29,KO,Medium Risk
2022-08-01,KO,Medium Risk
2022-08-02,KO,Medium Risk
2022-08-03,KO,Medium Risk
2022-08-04,KO,Medium Risk
2022-08-05,KO,Medium Risk
2022-08-08,KO,Medium Risk
2022-08-09,KO,Medium Risk
2022-08-10,KO,Medium Risk
2022-08-11,KO,Medium Risk
2022-08-12,KO,Medium Risk
2022-08-15,KO,Medium Risk
2022-08-16,KO,Medium Risk
2022-08-17,KO,Medium Risk
2022-08-18,KO,Medium Risk
2022-08-19,KO,Medium Risk
2022-08-22,KO,Medium Risk
2022-08-23,KO,Medium Risk
2022-08-24,KO,Medium Risk
2022-08-25,KO,Medium Risk
2022-08-26,KO,Medium Risk
2022-08-29,KO,Medium Risk
2022-08-30,KO,Medium Risk
2022-08-31,KO,Medium Risk
2022-09-01,KO,Medium Risk
2022-09-02,KO,Medium Risk
2022-09-06,KO,Medium Risk
2022-09-07,KO,Medium Risk
2022-09-08,KO,Medium Risk
2022-09-09,KO,Medium Risk
2022-09-12,KO,Medium Risk
2022-09-13,KO,Medium Risk
2022-09-14,KO,Medium Risk
2022-09-15,KO,Medium Risk
2022-09-16,KO,Medium Risk
2022-09-19,KO,Medium Risk
2022-09-20,KO,Medium Risk
2022-09-21,KO,Medium Risk
2022-09-22,KO,Medium Risk
2022-09-23,KO,Medium Risk
2022-09-26,KO,Medium Risk
2022-09-27,KO,Medium Risk
2022-09-28,KO,Medium Risk
2022-09-29,KO,Medium Risk
2022-09-30,KO,Medium Risk
2022-10-03,KO,Medium Risk
2022-10-04,KO,Medium Risk
2022-10-05,KO,Medium Risk
2022-10-06,KO,Medium Risk
2022-10-07,KO,Medium Risk
2022-10-10,KO,Medium Risk
2022-10-11,KO,Medium Risk
2022-10-12,KO,Medium Risk
2022-10-13,KO,Medium Risk
2022-10-14,KO,Medium Risk
2022-10-17,KO,Medium Risk
2022-10-18,KO,Medium Risk
2022-10-19,KO,Medium Risk
2022-10-20,KO,Medium Risk
2022-10-21,KO,Medium Risk
2022-10-24,KO,Medium Risk
2022-10-25,KO,Medium Risk
2022-10-26,KO,Medium Risk
2022-10-27,KO,Medium Risk
2022-10-28,KO,Medium Risk
2022-10-31,KO,Medium Risk
2022-11-01,KO,Medium Risk
2022-11-02,KO,Medium Risk
2022-11-03,KO,Medium Risk
2022-11-04,KO,Medium Risk
2022-11-07,KO,Medium Risk
2022-11-08,KO,Medium Risk
2022-11-09,KO,Medium Risk
2022-11-10,KO,Medium Risk
2022-11-11,KO,Medium Risk
2022-11-14,KO,Medium Risk
2022-11-15,KO,Medium Risk
2022-11-16,KO,Medium Risk
2022-11-17,KO,Medium Risk
2022-11-18,KO,Medium Risk
2022-11-21,KO,Medium Risk
2022-11-22,KO,Medium Risk
2022-11-23,KO,Medium Risk
2022-11-25,KO,Medium Risk
2022-11-28,KO,Medium Risk
2022-11-29,KO,Medium Risk
2022-11-30,KO,Medium Risk
2022-12-01,KO,Medium Risk
2022-12-02,KO,Medium Risk
2022-12-05,KO,Medium Risk
2022-12-06,KO,Medium Risk
2022-12-07,KO,Medium Risk
2022-12-08,KO,Medium Risk
2022-12-09,KO,Medium Risk
2022-12-12,KO,Medium Risk
2022-12-13,KO,Medium Risk
2022-12-14,KO,Medium Risk
2022-12-15,KO,Medium Risk
2022-12-16,KO,Medium Risk
2022-12-19,KO,Medium Risk
2022-12-20,KO,Medium Risk
2022-12-21,KO,Medium Risk
2022-12-22,KO,Medium Risk
2022-12-23,KO,Medium Risk
2022-12-27,KO,Medium Risk
2022-12-28,KO,Medium Risk
2022-12-29,KO,Medium Risk
2022-12-30,KO,Medium Risk
2023-01-03,KO,Medium Risk
2023-01-04,KO,Medium Risk
2023-01-05,KO,Medium Risk
2023-01-06,KO,Medium Risk
2023-01-09,KO,Medium Risk
2023-01-10,KO,Medium Risk
2023-01-11,KO,Medium Risk
2023-01-12,KO,Medium Risk
2023-01-13,KO,Medium Risk
2023-01-17,KO,Medium Risk
2023-01-18,KO,Medium Risk
2023-01-19,KO,Medium Risk
2023-01-20,KO,Medium Risk
2023-01-23,KO,Medium Risk
2023-01-24,KO,Medium Risk
2023-01-25,KO,Medium Risk
2023-01-26,KO,Medium Risk
2023-01-27,KO,Medium Risk
2023-01-30,KO,Medium Risk
2023-01-31,KO,Medium Risk
2023-02-01,KO,Medium Risk
2023-02-02,KO,Medium Risk
2023-02-03,KO,Medium Risk
2023-02-06,KO,Medium Risk
2023-02-07,KO,Medium Risk
2023-02-08,KO,Medium Risk
2023-02-09,KO,Medium Risk
2023-02-10,KO,Medium Risk
2023-02-13,KO,Medium Risk
2023-02-14,KO,Medium Risk
2023-02-15,KO,Medium Risk
2023-02-16,KO,Medium Risk
2023-02-17,KO,Medium Risk
2023-02-21,KO,Medium Risk
2023-02-22,KO,Medium Risk
2023-02-23,KO,Medium Risk
2023-02-24,KO,Medium Risk
2023-02-27,KO,Medium Risk
2023-02-28,KO,Medium Risk
2023-03-01,KO,Medium Risk
2023-03-02,KO,Medium Risk
2023-03-03,KO,Medium Risk
2023-03-06,KO,Medium Risk
2023-03-07,KO,Medium Risk
2023-03-08,KO,Medium Risk
2023-03-09,KO,Medium Risk
2023-03-10,KO,Medium Risk
2023-03-13,KO,Medium Risk
2023-03-14,KO,Medium Risk
2023-03-15,KO,Medium Risk
2023-03-16,KO,Medium Risk
2023-03-17,KO,Medium Risk
2023-03-20,KO,Medium Risk
2023-03-21,KO,Medium Risk
2023-03-22,KO,Medium Risk
2023-03-23,KO,Medium Risk
2023-03-24,KO,Medium Risk
2023-03-27,KO,Medium Risk
2023-03-28,KO,Medium Risk
2023-03-29,KO,Medium Risk
2023-03-30,KO,Medium Risk
2023-03-31,KO,Medium Risk
2023-04-03,KO,Medium Risk
2023-04-04,KO,Medium Risk
2023-04-05,KO,Medium Risk
2023-04-06,KO,Medium Risk
2023-04-10,KO,Medium Risk
2023-04-11,KO,Medium Risk
2023-04-12,KO,Medium Risk
2023-04-13,KO,Medium Risk
2023-04-14,KO,Medium Risk
2023-04-17,KO,Medium Risk
2023-04-18,KO,Medium Risk
2023-04-19,KO,Medium Risk
2023-04-20,KO,Medium Risk
2023-04-21,KO,Medium Risk
2023-04-24,KO,Medium Risk
2023-04-25,KO,Medium Risk
2023-04-26,KO,Medium Risk
2023-04-27,KO,Medium Risk
2023-04-28,KO,Medium Risk
2023-05-01,KO,Medium Risk
2023-05-02,KO,Medium Risk
2023-05-03,KO,Medium Risk
2023-05-04,KO,Medium Risk
2023-05-05,KO,Medium Risk
2023-05-08,KO,Medium Risk
2023-05-09,KO,Medium Risk
2023-05-10,KO,Medium Risk
2023-05-11,KO,Medium Risk
2023-05-12,KO,Medium Risk
2023-05-15,KO,Medium Risk
2023-05-16,KO,Medium Risk
2023-05-17,KO,Medium Risk
2023-05-18,KO,Medium Risk
2023-05-19,KO,Medium Risk
2023-05-22,KO,Medium Risk
2023-05-23,KO,Medium Risk
2023-05-24,KO,Medium Risk
2023-05-25,KO,Medium Risk
2023-05-26,KO,Medium Risk
2023-05-30,KO,Medium Risk
2023-05-31,KO,Medium Risk
2023-06-01,KO,Medium Risk
2023-06-02,KO,Medium Risk
2023-06-05,KO,Medium Risk
2023-06-06,KO,Medium Risk
2023-06-07,KO,Medium Risk
2023-06-08,KO,Medium Risk
2023-06-09,KO,Medium Risk
2023-06-12,KO,Medium Risk
2023-06-13,KO,Medium Risk
2023-06-14,KO,Medium Risk
2023-06-15,KO,Medium Risk
2023-06-16,KO,Medium Risk
2023-06-20,KO,Medium Risk
2023-06-21,KO,Medium Risk
2023-06-22,KO,Medium Risk
2023-06-23,KO,Medium Risk
2023-06-26,KO,Medium Risk
2023-06-27,KO,Medium Risk
2023-06-28,KO,Medium Risk
2023-06-29,KO,Medium Risk
2023-06-30,KO,Medium Risk
2023-07-03,KO,Medium Risk
2023-07-05,KO,Medium Risk
2023-07-06,KO,Medium Risk
2023-07-07,KO,Medium Risk
2023-07-10,KO,Medium Risk
2023-07-11,KO,Medium Risk
2023-07-12,KO,Medium Risk
2023-07-13,KO,Medium Risk
2023-07-14,KO,Medium Risk
2023-07-17,KO,Medium Risk
2023-07-18,KO,Medium Risk
2023-07-19,KO,Medium Risk
2023-07-20,KO,Medium Risk
2023-07-21,KO,Medium Risk
2023-07-24,KO,Medium Risk
2023-07-25,KO,Medium Risk
2023-07-26,KO,Medium Risk
2023-07-27,KO,Medium Risk
2023-07-28,KO,Medium Risk
2023-07-31,KO,Medium Risk
2023-08-01,KO,Medium Risk
2023-08-02,KO,Medium Risk
2023-08-03,KO,Medium Risk
2023-08-04,KO,Medium Risk
2023-08-07,KO,Medium Risk
2023-08-08,KO,Medium Risk
2023-08-09,KO,Medium Risk
2023-08-10,KO,Medium Risk
2023-08-11,KO,Medium Risk
2023-08-14,KO,Medium Risk
2023-08-15,KO,Medium Risk
2023-08-16,KO,Medium Risk
2023-08-17,KO,Medium Risk
2023-08-18,KO,Medium Risk
2023-08-21,KO,Medium Risk
2023-08-22,KO,Medium Risk
2023-08-23,KO,Medium Risk
2023-08-24,KO,Medium Risk
2023-08-25,KO,Medium Risk
2023-08-28,KO,Medium Risk
2023-08-29,KO,Medium Risk
2023-08-30,KO,Medium Risk
2023-08-31,KO,Medium Risk
2023-09-01,KO,Medium Risk
2023-09-05,KO,Medium Risk
2023-09-06,KO,Medium Risk
2023-09-07,KO,Medium Risk
2023-09-08,KO,Medium Risk
2023-09-11,KO,Medium Risk
2023-09-12,KO,Medium Risk
2023-09-13,KO,Medium Risk
2023-09-14,KO,Medium Risk
2023-09-15,KO,Medium Risk
2023-09-18,KO,Medium Risk
2023-09-19,KO,Medium Risk
2023-09-20,KO,Medium Risk
2023-09-21,KO,Medium Risk
2023-09-22,KO,Medium Risk
2023-09-25,KO,Medium Risk
2023-09-26,KO,Medium Risk
2023-09-27,KO,Medium Risk
2023-09-28,KO,Medium Risk
2023-09-29,KO,Medium Risk
2023-10-02,KO,Medium Risk
2023-10-03,KO,Medium Risk
2023-10-04,KO,Medium Risk
2023-10-05,KO,Medium Risk
2023-10-06,KO,Medium Risk
2023-10-09,KO,Medium Risk
2023-10-10,KO,Medium Risk
2023-10-11,KO,Medium Risk
2023-10-12,KO,Medium Risk
2023-10-13,KO,Medium Risk
2023-10-16,KO,Medium Risk
2023-10-17,KO,Medium Risk
2023-10-18,KO,Medium Risk
2023-10-19,KO,Medium Risk
2023-10-20,KO,Medium Risk
2023-10-23,KO,Medium Risk
2023-10-24,KO,Medium Risk
2023-10-25,KO,Medium Risk
2023-10-26,KO,Medium Risk
2023-10-27,KO,Medium Risk
2023-10-30,KO,Medium Risk
2023-10-31,KO,Medium Risk
2023-11-01,KO,Medium Risk
2023-11-02,KO,Medium Risk
2023-11-03,KO,Medium Risk
2023-11-06,KO,Medium Risk
2023-11-07,KO,Medium Risk
2023-11-08,KO,Medium Risk
2023-11-09,KO,Medium Risk
2023-11-10,KO,Medium Risk
2023-11-13,KO,Medium Risk
2023-11-14,KO,Medium Risk
2023-11-15,KO,Medium Risk
2023-11-16,KO,Medium Risk
2023-11-17,KO,Medium Risk
2023-11-20,KO,Medium Risk
2023-11-21,KO,Medium Risk
2023-11-22,KO,Medium Risk
2023-11-24,KO,Medium Risk
2023-11-27,KO,Medium Risk
2023-11-28,KO,Medium Risk
2023-11-29,KO,Medium Risk
2023-11-30,KO,Medium Risk
2023-12-01,KO,Medium Risk
2023-12-04,KO,Medium Risk
2023-12-05,KO,Medium Risk
2023-12-06,KO,Medium Risk
2023-12-07,KO,Medium Risk
2023-12-08,KO,Medium Risk
2023-12-11,KO,Medium Risk
2023-12-12,KO,Medium Risk
2023-12-13,KO,Medium Risk
2023-12-14,KO,Medium Risk
2023-12-15,KO,Medium Risk
2023-12-18,KO,Medium Risk
2023-12-19,KO,Medium Risk
2023-12-20,KO,Medium Risk
2023-12-21,KO,Medium Risk
2023-12-22,KO,Medium Risk
2023-12-26,KO,Medium Risk
2023-12-27,KO,Medium Risk
2023-12-28,KO,Medium Risk
2023-12-29,KO,Medium Risk
2024-01-02,KO,Medium Risk
2024-01-03,KO,Medium Risk
2024-01-04,KO,Medium Risk
2024-01-05,KO,Medium Risk
2024-01-08,KO,Medium Risk
2024-01-09,KO,Medium Risk
2024-01-10,KO,Medium Risk
2024-01-11,KO,Medium Risk
2024-01-12,KO,Medium Risk
2024-01-16,KO,Medium Risk
2024-01-17,KO,Medium Risk
2024-01-18,KO,Medium Risk
2024-01-19,KO,Medium Risk
2024-01-22,KO,Medium Risk
2024-01-23,KO,Medium Risk
2024-01-24,KO,Medium Risk
2024-01-25,KO,Medium Risk
2024-01-26,KO,Medium Risk
2024-01-29,KO,Medium Risk
2024-01-30,KO,Medium Risk
2024-01-31,KO,Medium Risk
2024-02-01,KO,Medium Risk
2024-02-02,KO,Medium Risk
2024-02-05,KO,Medium Risk
2024-02-06,KO,Medium Risk
2024-02-07,KO,Medium Risk
2024-02-08,KO,Medium Risk
2024-02-09,KO,Medium Risk
2024-02-12,KO,Medium Risk
2024-02-13,KO,Medium Risk
2024-02-14,KO,Medium Risk
2024-02-15,KO,Medium Risk
2024-02-16,KO,Medium Risk
2024-02-20,KO,Medium Risk
2024-02-21,KO,Medium Risk
2024-02-22,KO,Medium Risk
2024-02-23,KO,Medium Risk
2024-02-26,KO,Medium Risk
2024-02-27,KO,Medium Risk
2024-02-28,KO,Medium Risk
2024-02-29,KO,Medium Risk
2024-03-01,KO,Medium Risk
2024-03-04,KO,Medium Risk
2024-03-05,KO,Medium Risk
2024-03-06,KO,Medium Risk
2024-03-07,KO,Medium Risk
2024-03-08,KO,Medium Risk
2024-03-11,KO,Medium Risk
2024-03-12,KO,Medium Risk
2024-03-13,KO,Medium Risk
2024-03-14,KO,Medium Risk
2024-03-15,KO,Medium Risk
2024-03-18,KO,Medium Risk
2024-03-19,KO,Medium Risk
2024-03-20,KO,Medium Risk
2024-03-21,KO,Medium Risk
2024-03-22,KO,Medium Risk
2024-03-25,KO,Medium Risk
2024-03-26,KO,Medium Risk
2024-03-27,KO,Medium Risk
2024-03-28,KO,Medium Risk
2024-04-01,KO,Medium Risk
2024-04-02,KO,Medium Risk
2024-04-03,KO,Medium Risk
2024-04-04,KO,Medium Risk
2024-04-05,KO,Medium Risk
2024-04-08,KO,Medium Risk
2024-04-09,KO,Medium Risk
2024-04-10,KO,Medium Risk
2024-04-11,KO,Medium Risk
2024-04-12,KO,Medium Risk
2024-04-15,KO,Medium Risk
2024-04-16,KO,Medium Risk
2024-04-17,KO,Medium Risk
2024-04-18,KO,Medium Risk
2024-04-19,KO,Medium Risk
2024-04-22,KO,Medium Risk
2024-04-23,KO,Medium Risk
2024-04-24,KO,Medium Risk
2024-04-25,KO,Medium Risk
2024-04-26,KO,Medium Risk
2024-04-29,KO,Medium Risk
2024-04-30,KO,Medium Risk
2024-05-01,KO,Medium Risk
2024-05-02,KO,Medium Risk
2024-05-03,KO,Medium Risk
2024-05-06,KO,Medium Risk
2024-05-07,KO,Medium Risk
2024-05-08,KO,Medium Risk
2024-05-09,KO,Medium Risk
2024-05-10,KO,Medium Risk
2024-05-13,KO,Medium Risk
2024-05-14,KO,Medium Risk
2024-05-15,KO,Medium Risk
2024-05-16,KO,Medium Risk
2024-05-17,KO,Medium Risk
2024-05-20,KO,Medium Risk
2024-05-21,KO,Medium Risk
2024-05-22,KO,Medium Risk
2024-05-23,KO,Medium Risk
2024-05-24,KO,Medium Risk
2024-05-28,KO,Medium Risk
2024-05-29,KO,Medium Risk
2024-05-30,KO,Medium Risk
2024-05-31,KO,Medium Risk
2024-06-03,KO,Medium Risk
2024-06-04,KO,Medium Risk
2024-06-05,KO,Medium Risk
2024-06-06,KO,Medium Risk
2024-06-07,KO,Medium Risk
2024-06-10,KO,Medium Risk
2024-06-11,KO,Medium Risk
2024-06-12,KO,Medium Risk
2024-06-13,KO,Medium Risk
2024-06-14,KO,Medium Risk
2024-06-17,KO,Medium Risk
2024-06-18,KO,Medium Risk
2024-06-20,KO,Medium Risk
2024-06-21,KO,Medium Risk
2024-06-24,KO,Medium Risk
2024-06-25,KO,Medium Risk
2024-06-26,KO,Medium Risk
2024-06-27,KO,Medium Risk
2024-06-28,KO,Medium Risk
2024-07-01,KO,Medium Risk
2024-07-02,KO,Medium Risk
2024-07-03,KO,Medium Risk
2024-07-05,KO,Medium Risk
2024-07-08,KO,Medium Risk
2024-07-09,KO,Medium Risk
2024-07-10,KO,Medium Risk
2024-07-11,KO,Medium Risk
2024-07-12,KO,Medium Risk
2024-07-15,KO,Medium Risk
2024-07-16,KO,Medium Risk
2024-07-17,KO,Medium Risk
2024-07-18,KO,Medium Risk
2024-07-19,KO,Medium Risk
2024-07-22,KO,Medium Risk
2024-07-23,KO,Medium Risk
2024-07-24,KO,Medium Risk
2024-07-25,KO,Medium Risk
2024-07-26,KO,Medium Risk
2024-07-29,KO,Medium Risk
2024-07-30,KO,Medium Risk
2024-07-31,KO,Medium Risk
2024-08-01,KO,Medium Risk
2024-08-02,KO,Medium Risk
2024-08-05,KO,Medium Risk
2024-08-06,KO,Medium Risk
2024-08-07,KO,Medium Risk
2024-08-08,KO,Medium Risk
2024-08-09,KO,Medium Risk
2024-08-12,KO,Medium Risk
2024-08-13,KO,Medium Risk
2024-08-14,KO,Medium Risk
2024-08-15,KO,Medium Risk
2024-08-16,KO,Medium Risk
2024-08-19,KO,Medium Risk
2024-08-20,KO,Medium Risk
2024-08-21,KO,Medium Risk
2024-08-22,KO,Medium Risk
2024-08-23,KO,Medium Risk
2024-08-26,KO,Medium Risk
2024-08-27,KO,Medium Risk
2024-08-28,KO,Medium Risk
2024-08-29,KO,Medium Risk
2024-08-30,KO,Medium Risk
2024-09-03,KO,Medium Risk
2024-09-04,KO,Medium Risk
2024-09-05,KO,Medium Risk
2024-09-06,KO,Medium Risk
2024-09-09,KO,Medium Risk
2024-09-10,KO,Medium Risk
2024-09-11,KO,Medium Risk
2024-09-12,KO,Medium Risk
2024-09-13,KO,Medium Risk
2024-09-16,KO,Medium Risk
2024-09-17,KO,Medium Risk
2024-09-18,KO,Medium Risk
2024-09-19,KO,Medium Risk
2024-09-20,KO,Medium Risk
2024-09-23,KO,Medium Risk
2024-09-24,KO,Medium Risk
2024-09-25,KO,Medium Risk
2024-09-26,KO,Medium Risk
2024-09-27,KO,Medium Risk
2024-09-30,KO,Medium Risk
2024-10-01,KO,Medium Risk
2024-10-02,KO,Medium Risk
2024-10-03,KO,Medium Risk
2024-10-04,KO,Medium Risk
2024-10-07,KO,Medium Risk
2024-10-08,KO,Medium Risk
2024-10-09,KO,Medium Risk
2024-10-10,KO,Medium Risk
2024-10-11,KO,Medium Risk
2024-10-14,KO,Medium Risk
2024-10-15,KO,Medium Risk
2024-10-16,KO,Medium Risk
2024-10-17,KO,Medium Risk
2024-10-18,KO,Medium Risk
2024-10-21,KO,Medium Risk
2024-10-22,KO,Medium Risk
2024-10-23,KO,Medium Risk
2024-10-24,KO,Medium Risk
2024-10-25,KO,Medium Risk
2024-10-28,KO,Medium Risk
2024-10-29,KO,Medium Risk
2024-10-30,KO,Medium Risk
2024-10-31,KO,Medium Risk
2024-11-01,KO,Medium Risk
2024-11-04,KO,Medium Risk
2024-11-05,KO,Medium Risk
2024-11-06,KO,Medium Risk
2024-11-07,KO,Medium Risk
2024-11-08,KO,Medium Risk
2024-11-11,KO,Medium Risk
2024-11-12,KO,Medium Risk
2024-11-13,KO,Medium Risk
2024-11-14,KO,Medium Risk
2024-11-15,KO,Medium Risk
2024-11-18,KO,Medium Risk
2024-11-19,KO,Medium Risk
2024-11-20,KO,Medium Risk
2024-11-21,KO,Medium Risk
2024-11-22,KO,Medium Risk
2024-11-25,KO,Medium Risk
2024-11-26,KO,Medium Risk
2024-11-27,KO,Medium Risk
2024-11-29,KO,Medium Risk
2024-12-02,KO,Medium Risk
2024-12-03,KO,Medium Risk
2024-12-04,KO,Medium Risk
2024-12-05,KO,Medium Risk
2024-12-06,KO,Medium Risk
2024-12-09,KO,Medium Risk
2024-12-10,KO,Medium Risk
2024-12-11,KO,Medium Risk
2024-12-12,KO,Medium Risk
2024-12-13,KO,Medium Risk
2024-12-16,KO,Medium Risk
2024-12-17,KO,Medium Risk
2024-12-18,KO,Medium Risk
2024-12-19,KO,Medium Risk
2024-12-20,KO,Medium Risk
2024-12-23,KO,Medium Risk
2024-12-24,KO,Medium Risk
2024-12-26,KO,Medium Risk
2024-12-27,KO,Medium Risk
2024-12-30,KO,Medium Risk
2024-12-31,KO,Medium Risk
2025-01-02,KO,Medium Risk
2025-01-03,KO,Medium Risk
2025-01-06,KO,Medium Risk
2025-01-07,KO,Medium Risk
2025-01-08,KO,Medium Risk
2025-01-10,KO,Medium Risk
2025-01-13,KO,Medium Risk
2025-01-14,KO,Medium Risk
2025-01-15,KO,Medium Risk
2025-01-16,KO,Medium Risk
2025-01-17,KO,Medium Risk
2025-01-21,KO,Medium Risk
2025-01-22,KO,Medium Risk
2025-01-23,KO,Medium Risk
2025-01-24,KO,Medium Risk
2025-01-27,KO,Medium Risk
2025-01-28,KO,Medium Risk
2025-01-29,KO,Medium Risk
2025-01-30,KO,Medium Risk
2025-01-31,KO,Medium Risk
2025-02-03,KO,Medium Risk
2025-02-04,KO,Medium Risk
2025-02-05,KO,Medium Risk
2025-02-06,KO,Medium Risk
2025-02-07,KO,Medium Risk
2025-02-10,KO,Medium Risk
2025-02-11,KO,Medium Risk
2025-02-12,KO,Medium Risk
2025-02-13,KO,Medium Risk
2025-02-14,KO,Medium Risk
2025-02-18,KO,Medium Risk
2025-02-19,KO,Medium Risk
2025-02-20,KO,Medium Risk
2025-02-21,KO,Medium Risk
2025-02-24,KO,Medium Risk
2025-02-25,KO,Medium Risk
2025-02-26,KO,Medium Risk
2025-02-27,KO,Medium Risk
2025-02-28,KO,Medium Risk
2025-03-03,KO,Medium Risk
2025-03-04,KO,Medium Risk
2025-03-05,KO,Medium Risk
2025-03-06,KO,Medium Risk
2025-03-07,KO,Medium Risk
2025-03-10,KO,Medium Risk
2025-03-11,KO,Medium Risk
2025-03-12,KO,Medium Risk
2025-03-13,KO,Medium Risk
2025-03-14,KO,Medium Risk
2025-03-17,KO,Medium Risk
2025-03-18,KO,Medium Risk
2025-03-19,KO,Medium Risk
2025-03-20,KO,Medium Risk
2025-03-21,KO,Medium Risk
2025-03-24,KO,Medium Risk
2025-03-25,KO,Medium Risk
2025-03-26,KO,Medium Risk
2025-03-27,KO,Medium Risk
2025-03-28,KO,Medium Risk
2025-03-31,KO,Medium Risk
2025-04-01,KO,Medium Risk
2025-04-02,KO,Medium Risk
2025-04-03,KO,Medium Risk
2025-04-04,KO,Medium Risk
2025-04-07,KO,Medium Risk
2025-04-08,KO,Medium Risk
2025-04-09,KO,Medium Risk
2025-04-10,KO,Medium Risk
2025-04-11,KO,Medium Risk
2025-04-14,KO,Medium Risk
2025-04-15,KO,Medium Risk
2025-04-16,KO,Medium Risk
2025-04-17,KO,Medium Risk
2025-04-21,KO,Medium Risk
2025-04-22,KO,Medium Risk
2025-04-23,KO,Medium Risk
2025-04-24,KO,Medium Risk
2025-04-25,KO,Medium Risk
2025-04-28,KO,Medium Risk
2025-04-29,KO,Medium Risk
2025-04-30,KO,Medium Risk
2025-05-01,KO,Medium Risk
2025-05-02,KO,Medium Risk
2025-05-05,KO,Medium Risk
2025-05-06,KO,Medium Risk
2025-05-07,KO,Medium Risk
2025-05-08,KO,Medium Risk
2025-05-09,KO,Medium Risk
2022-01-03,LLY,High Risk
2022-01-04,LLY,High Risk
2022-01-05,LLY,High Risk
2022-01-06,LLY,High Risk
2022-01-07,LLY,High Risk
2022-01-10,LLY,High Risk
2022-01-11,LLY,High Risk
2022-01-12,LLY,High Risk
2022-01-13,LLY,High Risk
2022-01-14,LLY,High Risk
2022-01-18,LLY,High Risk
2022-01-19,LLY,High Risk
2022-01-20,LLY,High Risk
2022-01-21,LLY,High Risk
2022-01-24,LLY,High Risk
2022-01-25,LLY,High Risk
2022-01-26,LLY,High Risk
2022-01-27,LLY,High Risk
2022-01-28,LLY,High Risk
2022-01-31,LLY,High Risk
2022-02-01,LLY,High Risk
2022-02-02,LLY,High Risk
2022-02-03,LLY,High Risk
2022-02-04,LLY,High Risk
2022-02-07,LLY,High Risk
2022-02-08,LLY,High Risk
2022-02-09,LLY,High Risk
2022-02-10,LLY,High Risk
2022-02-11,LLY,High Risk
2022-02-14,LLY,High Risk
2022-02-15,LLY,High Risk
2022-02-16,LLY,High Risk
2022-02-17,LLY,High Risk
2022-02-18,LLY,High Risk
2022-02-22,LLY,High Risk
2022-02-23,LLY,High Risk
2022-02-24,LLY,High Risk
2022-02-25,LLY,High Risk
2022-02-28,LLY,High Risk
2022-03-01,LLY,High Risk
2022-03-02,LLY,High Risk
2022-03-03,LLY,High Risk
2022-03-04,LLY,High Risk
2022-03-07,LLY,High Risk
2022-03-08,LLY,High Risk
2022-03-09,LLY,High Risk
2022-03-10,LLY,High Risk
2022-03-11,LLY,High Risk
2022-03-14,LLY,High Risk
2022-03-15,LLY,High Risk
2022-03-16,LLY,High Risk
2022-03-17,LLY,High Risk
2022-03-18,LLY,High Risk
2022-03-21,LLY,High Risk
2022-03-22,LLY,High Risk
2022-03-23,LLY,High Risk
2022-03-24,LLY,High Risk
2022-03-25,LLY,High Risk
2022-03-28,LLY,High Risk
2022-03-29,LLY,High Risk
2022-03-30,LLY,High Risk
2022-03-31,LLY,High Risk
2022-04-01,LLY,High Risk
2022-04-04,LLY,High Risk
2022-04-05,LLY,High Risk
2022-04-06,LLY,High Risk
2022-04-07,LLY,High Risk
2022-04-08,LLY,High Risk
2022-04-11,LLY,High Risk
2022-04-12,LLY,High Risk
2022-04-13,LLY,High Risk
2022-04-14,LLY,High Risk
2022-04-18,LLY,High Risk
2022-04-19,LLY,High Risk
2022-04-20,LLY,High Risk
2022-04-21,LLY,High Risk
2022-04-22,LLY,High Risk
2022-04-25,LLY,High Risk
2022-04-26,LLY,High Risk
2022-04-27,LLY,High Risk
2022-04-28,LLY,High Risk
2022-04-29,LLY,High Risk
2022-05-02,LLY,High Risk
2022-05-03,LLY,High Risk
2022-05-04,LLY,High Risk
2022-05-05,LLY,High Risk
2022-05-06,LLY,High Risk
2022-05-09,LLY,High Risk
2022-05-10,LLY,High Risk
2022-05-11,LLY,High Risk
2022-05-12,LLY,High Risk
2022-05-13,LLY,High Risk
2022-05-16,LLY,High Risk
2022-05-17,LLY,High Risk
2022-05-18,LLY,High Risk
2022-05-19,LLY,High Risk
2022-05-20,LLY,High Risk
2022-05-23,LLY,High Risk
2022-05-24,LLY,High Risk
2022-05-25,LLY,High Risk
2022-05-26,LLY,High Risk
2022-05-27,LLY,High Risk
2022-05-31,LLY,High Risk
2022-06-01,LLY,High Risk
2022-06-02,LLY,High Risk
2022-06-03,LLY,High Risk
2022-06-06,LLY,High Risk
2022-06-07,LLY,High Risk
2022-06-08,LLY,High Risk
2022-06-09,LLY,High Risk
2022-06-10,LLY,High Risk
2022-06-13,LLY,High Risk
2022-06-14,LLY,High Risk
2022-06-15,LLY,High Risk
2022-06-16,LLY,High Risk
2022-06-17,LLY,High Risk
2022-06-21,LLY,High Risk
2022-06-22,LLY,High Risk
2022-06-23,LLY,High Risk
2022-06-24,LLY,High Risk
2022-06-27,LLY,Low Risk
2022-06-28,LLY,Low Risk
2022-06-29,LLY,Low Risk
2022-06-30,LLY,Low Risk
2022-07-01,LLY,Low Risk
2022-07-05,LLY,Low Risk
2022-07-06,LLY,Low Risk
2022-07-07,LLY,Low Risk
2022-07-08,LLY,Low Risk
2022-07-11,LLY,Low Risk
2022-07-12,LLY,Low Risk
2022-07-13,LLY,Low Risk
2022-07-14,LLY,Low Risk
2022-07-15,LLY,Low Risk
2022-07-18,LLY,Low Risk
2022-07-19,LLY,Low Risk
2022-07-20,LLY,Low Risk
2022-07-21,LLY,Low Risk
2022-07-22,LLY,Low Risk
2022-07-25,LLY,Low Risk
2022-07-26,LLY,Low Risk
2022-07-27,LLY,Low Risk
2022-07-28,LLY,Low Risk
2022-07-29,LLY,Low Risk
2022-08-01,LLY,Low Risk
2022-08-02,LLY,Low Risk
2022-08-03,LLY,Low Risk
2022-08-04,LLY,Low Risk
2022-08-05,LLY,Low Risk
2022-08-08,LLY,High Risk
2022-08-09,LLY,High Risk
2022-08-10,LLY,High Risk
2022-08-11,LLY,High Risk
2022-08-12,LLY,High Risk
2022-08-15,LLY,High Risk
2022-08-16,LLY,High Risk
2022-08-17,LLY,Low Risk
2022-08-18,LLY,Low Risk
2022-08-19,LLY,Low Risk
2022-08-22,LLY,Low Risk
2022-08-23,LLY,Low Risk
2022-08-24,LLY,Low Risk
2022-08-25,LLY,Low Risk
2022-08-26,LLY,Low Risk
2022-08-29,LLY,Low Risk
2022-08-30,LLY,Low Risk
2022-08-31,LLY,Low Risk
2022-09-01,LLY,High Risk
2022-09-02,LLY,High Risk
2022-09-06,LLY,High Risk
2022-09-07,LLY,High Risk
2022-09-08,LLY,High Risk
2022-09-09,LLY,Low Risk
2022-09-12,LLY,Low Risk
2022-09-13,LLY,Low Risk
2022-09-14,LLY,Low Risk
2022-09-15,LLY,Low Risk
2022-09-16,LLY,High Risk
2022-09-19,LLY,High Risk
2022-09-20,LLY,High Risk
2022-09-21,LLY,High Risk
2022-09-22,LLY,High Risk
2022-09-23,LLY,High Risk
2022-09-26,LLY,High Risk
2022-09-27,LLY,High Risk
2022-09-28,LLY,Low Risk
2022-09-29,LLY,Low Risk
2022-09-30,LLY,Low Risk
2022-10-03,LLY,Low Risk
2022-10-04,LLY,Low Risk
2022-10-05,LLY,Low Risk
2022-10-06,LLY,Low Risk
2022-10-07,LLY,Low Risk
2022-10-10,LLY,Low Risk
2022-10-11,LLY,Low Risk
2022-10-12,LLY,Low Risk
2022-10-13,LLY,Low Risk
2022-10-14,LLY,Low Risk
2022-10-17,LLY,Low Risk
2022-10-18,LLY,Low Risk
2022-10-19,LLY,Low Risk
2022-10-20,LLY,Low Risk
2022-10-21,LLY,Low Risk
2022-10-24,LLY,Low Risk
2022-10-25,LLY,Low Risk
2022-10-26,LLY,Low Risk
2022-10-27,LLY,Low Risk
2022-10-28,LLY,Low Risk
2022-10-31,LLY,Low Risk
2022-11-01,LLY,Low Risk
2022-11-02,LLY,Low Risk
2022-11-03,LLY,Low Risk
2022-11-04,LLY,Low Risk
2022-11-07,LLY,Low Risk
2022-11-08,LLY,Low Risk
2022-11-09,LLY,Low Risk
2022-11-10,LLY,Low Risk
2022-11-11,LLY,Low Risk
2022-11-14,LLY,Low Risk
2022-11-15,LLY,Low Risk
2022-11-16,LLY,Low Risk
2022-11-17,LLY,Low Risk
2022-11-18,LLY,Low Risk
2022-11-21,LLY,Low Risk
2022-11-22,LLY,Low Risk
2022-11-23,LLY,Low Risk
2022-11-25,LLY,Low Risk
2022-11-28,LLY,Low Risk
2022-11-29,LLY,Low Risk
2022-11-30,LLY,Low Risk
2022-12-01,LLY,Low Risk
2022-12-02,LLY,Low Risk
2022-12-05,LLY,Low Risk
2022-12-06,LLY,Low Risk
2022-12-07,LLY,Low Risk
2022-12-08,LLY,Low Risk
2022-12-09,LLY,Low Risk
2022-12-12,LLY,Low Risk
2022-12-13,LLY,Low Risk
2022-12-14,LLY,Low Risk
2022-12-15,LLY,Low Risk
2022-12-16,LLY,Low Risk
2022-12-19,LLY,Low Risk
2022-12-20,LLY,Low Risk
2022-12-21,LLY,Low Risk
2022-12-22,LLY,Low Risk
2022-12-23,LLY,Low Risk
2022-12-27,LLY,Low Risk
2022-12-28,LLY,Low Risk
2022-12-29,LLY,Low Risk
2022-12-30,LLY,Low Risk
2023-01-03,LLY,Low Risk
2023-01-04,LLY,Low Risk
2023-01-05,LLY,Low Risk
2023-01-06,LLY,Low Risk
2023-01-09,LLY,Low Risk
2023-01-10,LLY,Low Risk
2023-01-11,LLY,Low Risk
2023-01-12,LLY,Low Risk
2023-01-13,LLY,Low Risk
2023-01-17,LLY,Low Risk
2023-01-18,LLY,Low Risk
2023-01-19,LLY,Low Risk
2023-01-20,LLY,Low Risk
2023-01-23,LLY,Low Risk
2023-01-24,LLY,Low Risk
2023-01-25,LLY,Low Risk
2023-01-26,LLY,Low Risk
2023-01-27,LLY,Low Risk
2023-01-30,LLY,Low Risk
2023-01-31,LLY,Low Risk
2023-02-01,LLY,Low Risk
2023-02-02,LLY,Low Risk
2023-02-03,LLY,Low Risk
2023-02-06,LLY,Low Risk
2023-02-07,LLY,Low Risk
2023-02-08,LLY,Low Risk
2023-02-09,LLY,Low Risk
2023-02-10,LLY,Low Risk
2023-02-13,LLY,Low Risk
2023-02-14,LLY,Low Risk
2023-02-15,LLY,Low Risk
2023-02-16,LLY,Low Risk
2023-02-17,LLY,Low Risk
2023-02-21,LLY,Low Risk
2023-02-22,LLY,Low Risk
2023-02-23,LLY,Low Risk
2023-02-24,LLY,Low Risk
2023-02-27,LLY,Low Risk
2023-02-28,LLY,Low Risk
2023-03-01,LLY,Low Risk
2023-03-02,LLY,Low Risk
2023-03-03,LLY,Low Risk
2023-03-06,LLY,Low Risk
2023-03-07,LLY,Low Risk
2023-03-08,LLY,Low Risk
2023-03-09,LLY,Low Risk
2023-03-10,LLY,Low Risk
2023-03-13,LLY,Low Risk
2023-03-14,LLY,Low Risk
2023-03-15,LLY,Low Risk
2023-03-16,LLY,Low Risk
2023-03-17,LLY,Low Risk
2023-03-20,LLY,Low Risk
2023-03-21,LLY,Low Risk
2023-03-22,LLY,Low Risk
2023-03-23,LLY,Low Risk
2023-03-24,LLY,Low Risk
2023-03-27,LLY,Low Risk
2023-03-28,LLY,Low Risk
2023-03-29,LLY,Low Risk
2023-03-30,LLY,Low Risk
2023-03-31,LLY,Low Risk
2023-04-03,LLY,Low Risk
2023-04-04,LLY,Low Risk
2023-04-05,LLY,Low Risk
2023-04-06,LLY,Low Risk
2023-04-10,LLY,Low Risk
2023-04-11,LLY,Low Risk
2023-04-12,LLY,Low Risk
2023-04-13,LLY,Low Risk
2023-04-14,LLY,Low Risk
2023-04-17,LLY,Low Risk
2023-04-18,LLY,Low Risk
2023-04-19,LLY,Low Risk
2023-04-20,LLY,Low Risk
2023-04-21,LLY,Low Risk
2023-04-24,LLY,Low Risk
2023-04-25,LLY,Low Risk
2023-04-26,LLY,Low Risk
2023-04-27,LLY,Low Risk
2023-04-28,LLY,Low Risk
2023-05-01,LLY,Low Risk
2023-05-02,LLY,Low Risk
2023-05-03,LLY,Low Risk
2023-05-04,LLY,Low Risk
2023-05-05,LLY,Low Risk
2023-05-08,LLY,Low Risk
2023-05-09,LLY,Low Risk
2023-05-10,LLY,Low Risk
2023-05-11,LLY,Low Risk
2023-05-12,LLY,Low Risk
2023-05-15,LLY,Low Risk
2023-05-16,LLY,Low Risk
2023-05-17,LLY,Low Risk
2023-05-18,LLY,Low Risk
2023-05-19,LLY,Low Risk
2023-05-22,LLY,Low Risk
2023-05-23,LLY,Low Risk
2023-05-24,LLY,Low Risk
2023-05-25,LLY,Low Risk
2023-05-26,LLY,Low Risk
2023-05-30,LLY,Low Risk
2023-05-31,LLY,Low Risk
2023-06-01,LLY,Low Risk
2023-06-02,LLY,Low Risk
2023-06-05,LLY,Low Risk
2023-06-06,LLY,Low Risk
2023-06-07,LLY,Low Risk
2023-06-08,LLY,Low Risk
2023-06-09,LLY,Low Risk
2023-06-12,LLY,Low Risk
2023-06-13,LLY,Low Risk
2023-06-14,LLY,Low Risk
2023-06-15,LLY,Low Risk
2023-06-16,LLY,Low Risk
2023-06-20,LLY,Low Risk
2023-06-21,LLY,Low Risk
2023-06-22,LLY,Low Risk
2023-06-23,LLY,Low Risk
2023-06-26,LLY,Low Risk
2023-06-27,LLY,Low Risk
2023-06-28,LLY,Low Risk
2023-06-29,LLY,Low Risk
2023-06-30,LLY,Low Risk
2023-07-03,LLY,Low Risk
2023-07-05,LLY,Low Risk
2023-07-06,LLY,Low Risk
2023-07-07,LLY,Low Risk
2023-07-10,LLY,Low Risk
2023-07-11,LLY,Low Risk
2023-07-12,LLY,Low Risk
2023-07-13,LLY,Low Risk
2023-07-14,LLY,Low Risk
2023-07-17,LLY,Low Risk
2023-07-18,LLY,Low Risk
2023-07-19,LLY,Low Risk
2023-07-20,LLY,Low Risk
2023-07-21,LLY,Low Risk
2023-07-24,LLY,Low Risk
2023-07-25,LLY,Low Risk
2023-07-26,LLY,Low Risk
2023-07-27,LLY,Low Risk
2023-07-28,LLY,Low Risk
2023-07-31,LLY,Low Risk
2023-08-01,LLY,Low Risk
2023-08-02,LLY,Low Risk
2023-08-03,LLY,Low Risk
2023-08-04,LLY,Low Risk
2023-08-07,LLY,Low Risk
2023-08-08,LLY,Low Risk
2023-08-09,LLY,Low Risk
2023-08-10,LLY,Low Risk
2023-08-11,LLY,Low Risk
2023-08-14,LLY,Low Risk
2023-08-15,LLY,Low Risk
2023-08-16,LLY,Low Risk
2023-08-17,LLY,Low Risk
2023-08-18,LLY,Low Risk
2023-08-21,LLY,Low Risk
2023-08-22,LLY,Low Risk
2023-08-23,LLY,Low Risk
2023-08-24,LLY,Low Risk
2023-08-25,LLY,Low Risk
2023-08-28,LLY,Low Risk
2023-08-29,LLY,Low Risk
2023-08-30,LLY,Low Risk
2023-08-31,LLY,Low Risk
2023-09-01,LLY,Low Risk
2023-09-05,LLY,Low Risk
2023-09-06,LLY,Low Risk
2023-09-07,LLY,Low Risk
2023-09-08,LLY,Low Risk
2023-09-11,LLY,Low Risk
2023-09-12,LLY,Low Risk
2023-09-13,LLY,Low Risk
2023-09-14,LLY,Low Risk
2023-09-15,LLY,Low Risk
2023-09-18,LLY,Low Risk
2023-09-19,LLY,Low Risk
2023-09-20,LLY,Low Risk
2023-09-21,LLY,Low Risk
2023-09-22,LLY,Low Risk
2023-09-25,LLY,Low Risk
2023-09-26,LLY,Low Risk
2023-09-27,LLY,Low Risk
2023-09-28,LLY,Low Risk
2023-09-29,LLY,Low Risk
2023-10-02,LLY,Low Risk
2023-10-03,LLY,Low Risk
2023-10-04,LLY,Low Risk
2023-10-05,LLY,Low Risk
2023-10-06,LLY,Low Risk
2023-10-09,LLY,Low Risk
2023-10-10,LLY,Low Risk
2023-10-11,LLY,Low Risk
2023-10-12,LLY,Low Risk
2023-10-13,LLY,Low Risk
2023-10-16,LLY,Low Risk
2023-10-17,LLY,Low Risk
2023-10-18,LLY,Low Risk
2023-10-19,LLY,Low Risk
2023-10-20,LLY,Low Risk
2023-10-23,LLY,Low Risk
2023-10-24,LLY,Low Risk
2023-10-25,LLY,Low Risk
2023-10-26,LLY,Low Risk
2023-10-27,LLY,Low Risk
2023-10-30,LLY,Low Risk
2023-10-31,LLY,Low Risk
2023-11-01,LLY,Low Risk
2023-11-02,LLY,Low Risk
2023-11-03,LLY,Low Risk
2023-11-06,LLY,Low Risk
2023-11-07,LLY,Low Risk
2023-11-08,LLY,Low Risk
2023-11-09,LLY,Low Risk
2023-11-10,LLY,Low Risk
2023-11-13,LLY,Low Risk
2023-11-14,LLY,Low Risk
2023-11-15,LLY,Low Risk
2023-11-16,LLY,Low Risk
2023-11-17,LLY,Low Risk
2023-11-20,LLY,Low Risk
2023-11-21,LLY,Low Risk
2023-11-22,LLY,Low Risk
2023-11-24,LLY,Low Risk
2023-11-27,LLY,Low Risk
2023-11-28,LLY,Low Risk
2023-11-29,LLY,Low Risk
2023-11-30,LLY,Low Risk
2023-12-01,LLY,Low Risk
2023-12-04,LLY,Low Risk
2023-12-05,LLY,Low Risk
2023-12-06,LLY,Low Risk
2023-12-07,LLY,Low Risk
2023-12-08,LLY,Low Risk
2023-12-11,LLY,Low Risk
2023-12-12,LLY,Low Risk
2023-12-13,LLY,Low Risk
2023-12-14,LLY,Low Risk
2023-12-15,LLY,Low Risk
2023-12-18,LLY,Low Risk
2023-12-19,LLY,Low Risk
2023-12-20,LLY,Low Risk
2023-12-21,LLY,Low Risk
2023-12-22,LLY,Low Risk
2023-12-26,LLY,Low Risk
2023-12-27,LLY,Low Risk
2023-12-28,LLY,Low Risk
2023-12-29,LLY,Low Risk
2024-01-02,LLY,Low Risk
2024-01-03,LLY,Low Risk
2024-01-04,LLY,Low Risk
2024-01-05,LLY,Low Risk
2024-01-08,LLY,Low Risk
2024-01-09,LLY,Low Risk
2024-01-10,LLY,Low Risk
2024-01-11,LLY,Low Risk
2024-01-12,LLY,Low Risk
2024-01-16,LLY,Low Risk
2024-01-17,LLY,Low Risk
2024-01-18,LLY,Low Risk
2024-01-19,LLY,Low Risk
2024-01-22,LLY,Low Risk
2024-01-23,LLY,Low Risk
2024-01-24,LLY,Low Risk
2024-01-25,LLY,Low Risk
2024-01-26,LLY,Low Risk
2024-01-29,LLY,Low Risk
2024-01-30,LLY,Low Risk
2024-01-31,LLY,Low Risk
2022-01-03,MA,Low Risk
2022-01-04,MA,Low Risk
2022-01-05,MA,Low Risk
2022-01-06,MA,Low Risk
2022-01-07,MA,Low Risk
2022-01-10,MA,Low Risk
2022-01-11,MA,Low Risk
2022-01-12,MA,Low Risk
2022-01-13,MA,Low Risk
2022-01-14,MA,Low Risk
2022-01-18,MA,Low Risk
2022-01-19,MA,Low Risk
2022-01-20,MA,Low Risk
2022-01-21,MA,Low Risk
2022-01-24,MA,Low Risk
2022-01-25,MA,Low Risk
2022-01-26,MA,Low Risk
2022-01-27,MA,Low Risk
2022-01-28,MA,Low Risk
2022-01-31,MA,Low Risk
2022-02-01,MA,Low Risk
2022-02-02,MA,Low Risk
2022-02-03,MA,Low Risk
2022-02-04,MA,Low Risk
2022-02-07,MA,Low Risk
2022-02-08,MA,Low Risk
2022-02-09,MA,Low Risk
2022-02-10,MA,Low Risk
2022-02-11,MA,Low Risk
2022-02-14,MA,Low Risk
2022-02-15,MA,Low Risk
2022-02-16,MA,Low Risk
2022-02-17,MA,Low Risk
2022-02-18,MA,Low Risk
2022-02-22,MA,Low Risk
2022-02-23,MA,Low Risk
2022-02-24,MA,Low Risk
2022-02-25,MA,Low Risk
2022-02-28,MA,Low Risk
2022-03-01,MA,Low Risk
2022-03-02,MA,Low Risk
2022-03-03,MA,Low Risk
2022-03-04,MA,Low Risk
2022-03-07,MA,Low Risk
2022-03-08,MA,Low Risk
2022-03-09,MA,Low Risk
2022-03-10,MA,Low Risk
2022-03-11,MA,Low Risk
2022-03-14,MA,Low Risk
2022-03-15,MA,Low Risk
2022-03-16,MA,Low Risk
2022-03-17,MA,Low Risk
2022-03-18,MA,Low Risk
2022-03-21,MA,Low Risk
2022-03-22,MA,Low Risk
2022-03-23,MA,Low Risk
2022-03-24,MA,Low Risk
2022-03-25,MA,Low Risk
2022-03-28,MA,Low Risk
2022-03-29,MA,Low Risk
2022-03-30,MA,Low Risk
2022-03-31,MA,Low Risk
2022-04-01,MA,Low Risk
2022-04-04,MA,Low Risk
2022-04-05,MA,Low Risk
2022-04-06,MA,Low Risk
2022-04-07,MA,Low Risk
2022-04-08,MA,Low Risk
2022-04-11,MA,Low Risk
2022-04-12,MA,Low Risk
2022-04-13,MA,Low Risk
2022-04-14,MA,Low Risk
2022-04-18,MA,Low Risk
2022-04-19,MA,Low Risk
2022-04-20,MA,Low Risk
2022-04-21,MA,Low Risk
2022-04-22,MA,Low Risk
2022-04-25,MA,Low Risk
2022-04-26,MA,Low Risk
2022-04-27,MA,Low Risk
2022-04-28,MA,Low Risk
2022-04-29,MA,Low Risk
2022-05-02,MA,Low Risk
2022-05-03,MA,Low Risk
2022-05-04,MA,Low Risk
2022-05-05,MA,Low Risk
2022-05-06,MA,Low Risk
2022-05-09,MA,Low Risk
2022-05-10,MA,Low Risk
2022-05-11,MA,Low Risk
2022-05-12,MA,Low Risk
2022-05-13,MA,Low Risk
2022-05-16,MA,Low Risk
2022-05-17,MA,Low Risk
2022-05-18,MA,Low Risk
2022-05-19,MA,Low Risk
2022-05-20,MA,Low Risk
2022-05-23,MA,Low Risk
2022-05-24,MA,Low Risk
2022-05-25,MA,Low Risk
2022-05-26,MA,Low Risk
2022-05-27,MA,Low Risk
2022-05-31,MA,Low Risk
2022-06-01,MA,Low Risk
2022-06-02,MA,Low Risk
2022-06-03,MA,Low Risk
2022-06-06,MA,Low Risk
2022-06-07,MA,Low Risk
2022-06-08,MA,Low Risk
2022-06-09,MA,Low Risk
2022-06-10,MA,Low Risk
2022-06-13,MA,Low Risk
2022-06-14,MA,Low Risk
2022-06-15,MA,Low Risk
2022-06-16,MA,Low Risk
2022-06-17,MA,Low Risk
2022-06-21,MA,Low Risk
2022-06-22,MA,Low Risk
2022-06-23,MA,Low Risk
2022-06-24,MA,Low Risk
2022-06-27,MA,Low Risk
2022-06-28,MA,Low Risk
2022-06-29,MA,Low Risk
2022-06-30,MA,Low Risk
2022-07-01,MA,Low Risk
2022-07-05,MA,Low Risk
2022-07-06,MA,Low Risk
2022-07-07,MA,Low Risk
2022-07-08,MA,Low Risk
2022-07-11,MA,Low Risk
2022-07-12,MA,Low Risk
2022-07-13,MA,Low Risk
2022-07-14,MA,Low Risk
2022-07-15,MA,Low Risk
2022-07-18,MA,Low Risk
2022-07-19,MA,Low Risk
2022-07-20,MA,Low Risk
2022-07-21,MA,Low Risk
2022-07-22,MA,Low Risk
2022-07-25,MA,Low Risk
2022-07-26,MA,Low Risk
2022-07-27,MA,Low Risk
2022-07-28,MA,Low Risk
2022-07-29,MA,Low Risk
2022-08-01,MA,Low Risk
2022-08-02,MA,Low Risk
2022-08-03,MA,Low Risk
2022-08-04,MA,Low Risk
2022-08-05,MA,Low Risk
2022-08-08,MA,Low Risk
2022-08-09,MA,Low Risk
2022-08-10,MA,Low Risk
2022-08-11,MA,Low Risk
2022-08-12,MA,Low Risk
2022-08-15,MA,Low Risk
2022-08-16,MA,Low Risk
2022-08-17,MA,Low Risk
2022-08-18,MA,Low Risk
2022-08-19,MA,Low Risk
2022-08-22,MA,Low Risk
2022-08-23,MA,Low Risk
2022-08-24,MA,Low Risk
2022-08-25,MA,Low Risk
2022-08-26,MA,Low Risk
2022-08-29,MA,Low Risk
2022-08-30,MA,Low Risk
2022-08-31,MA,Low Risk
2022-09-01,MA,Low Risk
2022-09-02,MA,Low Risk
2022-09-06,MA,Low Risk
2022-09-07,MA,Low Risk
2022-09-08,MA,Low Risk
2022-09-09,MA,Low Risk
2022-09-12,MA,Low Risk
2022-09-13,MA,Low Risk
2022-09-14,MA,Low Risk
2022-09-15,MA,Low Risk
2022-09-16,MA,Low Risk
2022-09-19,MA,Low Risk
2022-09-20,MA,Low Risk
2022-09-21,MA,Low Risk
2022-09-22,MA,Low Risk
2022-09-23,MA,High Risk
2022-09-26,MA,High Risk
2022-09-27,MA,High Risk
2022-09-28,MA,High Risk
2022-09-29,MA,High Risk
2022-09-30,MA,High Risk
2022-10-03,MA,High Risk
2022-10-04,MA,High Risk
2022-10-05,MA,High Risk
2022-10-06,MA,High Risk
2022-10-07,MA,High Risk
2022-10-10,MA,High Risk
2022-10-11,MA,High Risk
2022-10-12,MA,High Risk
2022-10-13,MA,High Risk
2022-10-14,MA,High Risk
2022-10-17,MA,High Risk
2022-10-18,MA,High Risk
2022-10-19,MA,High Risk
2022-10-20,MA,High Risk
2022-10-21,MA,High Risk
2022-10-24,MA,High Risk
2022-10-25,MA,High Risk
2022-10-26,MA,High Risk
2022-10-27,MA,Low Risk
2022-10-28,MA,Low Risk
2022-10-31,MA,Low Risk
2022-11-01,MA,Low Risk
2022-11-02,MA,Low Risk
2022-11-03,MA,Low Risk
2022-11-04,MA,Low Risk
2022-11-07,MA,Low Risk
2022-11-08,MA,Low Risk
2022-11-09,MA,Low Risk
2022-11-10,MA,Low Risk
2022-11-11,MA,Low Risk
2022-11-14,MA,Low Risk
2022-11-15,MA,Low Risk
2022-11-16,MA,Low Risk
2022-11-17,MA,Low Risk
2022-11-18,MA,Low Risk
2022-11-21,MA,Low Risk
2022-11-22,MA,Low Risk
2022-11-23,MA,Low Risk
2022-11-25,MA,Low Risk
2022-11-28,MA,Low Risk
2022-11-29,MA,Low Risk
2022-11-30,MA,Low Risk
2022-12-01,MA,Low Risk
2022-12-02,MA,Low Risk
2022-12-05,MA,Low Risk
2022-12-06,MA,Low Risk
2022-12-07,MA,Low Risk
2022-12-08,MA,Low Risk
2022-12-09,MA,Low Risk
2022-12-12,MA,Low Risk
2022-12-13,MA,Low Risk
2022-12-14,MA,Low Risk
2022-12-15,MA,Low Risk
2022-12-16,MA,Low Risk
2022-12-19,MA,Low Risk
2022-12-20,MA,Low Risk
2022-12-21,MA,Low Risk
2022-12-22,MA,Low Risk
2022-12-23,MA,Low Risk
2022-12-27,MA,Low Risk
2022-12-28,MA,Low Risk
2022-12-29,MA,Low Risk
2022-12-30,MA,Low Risk
2023-01-03,MA,Low Risk
2023-01-04,MA,Low Risk
2023-01-05,MA,Low Risk
2023-01-06,MA,Low Risk
2023-01-09,MA,Low Risk
2023-01-10,MA,Low Risk
2023-01-11,MA,Low Risk
2023-01-12,MA,Low Risk
2023-01-13,MA,Low Risk
2023-01-17,MA,Low Risk
2023-01-18,MA,Low Risk
2023-01-19,MA,Low Risk
2023-01-20,MA,Low Risk
2023-01-23,MA,Low Risk
2023-01-24,MA,Low Risk
2023-01-25,MA,Low Risk
2023-01-26,MA,Low Risk
2023-01-27,MA,Low Risk
2023-01-30,MA,Low Risk
2023-01-31,MA,Low Risk
2023-02-01,MA,Low Risk
2023-02-02,MA,Low Risk
2023-02-03,MA,Low Risk
2023-02-06,MA,Low Risk
2023-02-07,MA,Low Risk
2023-02-08,MA,Low Risk
2023-02-09,MA,Low Risk
2023-02-10,MA,Low Risk
2023-02-13,MA,Low Risk
2023-02-14,MA,Low Risk
2023-02-15,MA,Low Risk
2023-02-16,MA,Low Risk
2023-02-17,MA,Low Risk
2023-02-21,MA,Low Risk
2023-02-22,MA,Low Risk
2023-02-23,MA,Low Risk
2023-02-24,MA,Low Risk
2023-02-27,MA,Low Risk
2023-02-28,MA,Low Risk
2023-03-01,MA,Low Risk
2023-03-02,MA,Low Risk
2023-03-03,MA,Low Risk
2023-03-06,MA,Low Risk
2023-03-07,MA,Low Risk
2023-03-08,MA,Low Risk
2023-03-09,MA,Low Risk
2023-03-10,MA,Low Risk
2023-03-13,MA,Low Risk
2023-03-14,MA,Low Risk
2023-03-15,MA,Low Risk
2023-03-16,MA,Low Risk
2023-03-17,MA,Low Risk
2023-03-20,MA,Low Risk
2023-03-21,MA,Low Risk
2023-03-22,MA,Low Risk
2023-03-23,MA,Low Risk
2023-03-24,MA,Low Risk
2023-03-27,MA,Low Risk
2023-03-28,MA,Low Risk
2023-03-29,MA,Low Risk
2023-03-30,MA,Low Risk
2023-03-31,MA,Low Risk
2023-04-03,MA,Low Risk
2023-04-04,MA,Low Risk
2023-04-05,MA,Low Risk
2023-04-06,MA,Low Risk
2023-04-10,MA,Low Risk
2023-04-11,MA,Low Risk
2023-04-12,MA,Low Risk
2023-04-13,MA,Low Risk
2023-04-14,MA,Low Risk
2023-04-17,MA,Low Risk
2023-04-18,MA,Low Risk
2023-04-19,MA,Low Risk
2023-04-20,MA,Low Risk
2023-04-21,MA,Low Risk
2023-04-24,MA,Low Risk
2023-04-25,MA,Low Risk
2023-04-26,MA,Low Risk
2023-04-27,MA,Low Risk
2023-04-28,MA,Low Risk
2023-05-01,MA,Low Risk
2023-05-02,MA,Low Risk
2023-05-03,MA,Low Risk
2023-05-04,MA,Low Risk
2023-05-05,MA,Low Risk
2023-05-08,MA,Low Risk
2023-05-09,MA,Low Risk
2023-05-10,MA,Low Risk
2023-05-11,MA,Low Risk
2023-05-12,MA,Low Risk
2023-05-15,MA,Low Risk
2023-05-16,MA,Low Risk
2023-05-17,MA,Low Risk
2023-05-18,MA,Low Risk
2023-05-19,MA,Low Risk
2023-05-22,MA,Low Risk
2023-05-23,MA,Low Risk
2023-05-24,MA,Low Risk
2023-05-25,MA,Low Risk
2023-05-26,MA,Low Risk
2023-05-30,MA,Low Risk
2023-05-31,MA,Low Risk
2023-06-01,MA,Low Risk
2023-06-02,MA,Low Risk
2023-06-05,MA,Low Risk
2023-06-06,MA,Low Risk
2023-06-07,MA,Low Risk
2023-06-08,MA,Low Risk
2023-06-09,MA,Low Risk
2023-06-12,MA,Low Risk
2023-06-13,MA,Low Risk
2023-06-14,MA,Low Risk
2023-06-15,MA,Low Risk
2023-06-16,MA,Low Risk
2023-06-20,MA,Low Risk
2023-06-21,MA,Low Risk
2023-06-22,MA,Low Risk
2023-06-23,MA,Low Risk
2023-06-26,MA,Low Risk
2023-06-27,MA,Low Risk
2023-06-28,MA,Low Risk
2023-06-29,MA,Low Risk
2023-06-30,MA,Low Risk
2023-07-03,MA,Low Risk
2023-07-05,MA,Low Risk
2023-07-06,MA,Low Risk
2023-07-07,MA,Low Risk
2023-07-10,MA,Low Risk
2023-07-11,MA,Low Risk
2023-07-12,MA,Low Risk
2023-07-13,MA,Low Risk
2023-07-14,MA,Low Risk
2023-07-17,MA,Low Risk
2023-07-18,MA,Low Risk
2023-07-19,MA,Low Risk
2023-07-20,MA,Low Risk
2023-07-21,MA,Low Risk
2023-07-24,MA,Low Risk
2023-07-25,MA,Low Risk
2023-07-26,MA,Low Risk
2023-07-27,MA,Low Risk
2023-07-28,MA,Low Risk
2023-07-31,MA,Low Risk
2023-08-01,MA,Low Risk
2023-08-02,MA,Low Risk
2023-08-03,MA,Low Risk
2023-08-04,MA,Low Risk
2023-08-07,MA,Low Risk
2023-08-08,MA,Low Risk
2023-08-09,MA,Low Risk
2023-08-10,MA,Low Risk
2023-08-11,MA,Low Risk
2023-08-14,MA,Low Risk
2023-08-15,MA,Low Risk
2023-08-16,MA,Low Risk
2023-08-17,MA,Low Risk
2023-08-18,MA,Low Risk
2023-08-21,MA,Low Risk
2023-08-22,MA,Low Risk
2023-08-23,MA,Low Risk
2023-08-24,MA,Low Risk
2023-08-25,MA,Low Risk
2023-08-28,MA,Low Risk
2023-08-29,MA,Low Risk
2023-08-30,MA,Low Risk
2023-08-31,MA,Low Risk
2023-09-01,MA,Low Risk
2023-09-05,MA,Low Risk
2023-09-06,MA,Low Risk
2023-09-07,MA,Low Risk
2023-09-08,MA,Low Risk
2023-09-11,MA,Low Risk
2023-09-12,MA,Low Risk
2023-09-13,MA,Low Risk
2023-09-14,MA,Low Risk
2023-09-15,MA,Low Risk
2023-09-18,MA,Low Risk
2023-09-19,MA,Low Risk
2023-09-20,MA,Low Risk
2023-09-21,MA,Low Risk
2023-09-22,MA,Low Risk
2023-09-25,MA,Low Risk
2023-09-26,MA,Low Risk
2023-09-27,MA,Low Risk
2023-09-28,MA,Low Risk
2023-09-29,MA,Low Risk
2023-10-02,MA,Low Risk
2023-10-03,MA,Low Risk
2023-10-04,MA,Low Risk
2023-10-05,MA,Low Risk
2023-10-06,MA,Low Risk
2023-10-09,MA,Low Risk
2023-10-10,MA,Low Risk
2023-10-11,MA,Low Risk
2023-10-12,MA,Low Risk
2023-10-13,MA,Low Risk
2023-10-16,MA,Low Risk
2023-10-17,MA,Low Risk
2023-10-18,MA,Low Risk
2023-10-19,MA,Low Risk
2023-10-20,MA,Low Risk
2023-10-23,MA,Low Risk
2023-10-24,MA,Low Risk
2023-10-25,MA,Low Risk
2023-10-26,MA,Low Risk
2023-10-27,MA,Low Risk
2023-10-30,MA,Low Risk
2023-10-31,MA,Low Risk
2023-11-01,MA,Low Risk
2023-11-02,MA,Low Risk
2023-11-03,MA,Low Risk
2023-11-06,MA,Low Risk
2023-11-07,MA,Low Risk
2023-11-08,MA,Low Risk
2023-11-09,MA,Low Risk
2023-11-10,MA,Low Risk
2023-11-13,MA,Low Risk
2023-11-14,MA,Low Risk
2023-11-15,MA,Low Risk
2023-11-16,MA,Low Risk
2023-11-17,MA,Low Risk
2023-11-20,MA,Low Risk
2023-11-21,MA,Low Risk
2023-11-22,MA,Low Risk
2023-11-24,MA,Low Risk
2023-11-27,MA,Low Risk
2023-11-28,MA,Low Risk
2023-11-29,MA,Low Risk
2023-11-30,MA,Low Risk
2023-12-01,MA,Low Risk
2023-12-04,MA,Low Risk
2023-12-05,MA,Low Risk
2023-12-06,MA,Low Risk
2023-12-07,MA,Low Risk
2023-12-08,MA,Low Risk
2023-12-11,MA,Low Risk
2023-12-12,MA,Low Risk
2023-12-13,MA,Low Risk
2023-12-14,MA,Low Risk
2023-12-15,MA,Low Risk
2023-12-18,MA,Low Risk
2023-12-19,MA,Low Risk
2023-12-20,MA,Low Risk
2023-12-21,MA,Low Risk
2023-12-22,MA,Low Risk
2023-12-26,MA,Low Risk
2023-12-27,MA,Low Risk
2023-12-28,MA,Low Risk
2023-12-29,MA,Low Risk
2024-01-02,MA,Low Risk
2024-01-03,MA,Low Risk
2024-01-04,MA,Low Risk
2024-01-05,MA,Low Risk
2024-01-08,MA,Low Risk
2024-01-09,MA,Low Risk
2024-01-10,MA,Low Risk
2024-01-11,MA,Low Risk
2024-01-12,MA,Low Risk
2024-01-16,MA,Low Risk
2024-01-17,MA,Low Risk
2024-01-18,MA,Low Risk
2024-01-19,MA,Low Risk
2024-01-22,MA,Low Risk
2024-01-23,MA,Low Risk
2024-01-24,MA,Low Risk
2024-01-25,MA,Low Risk
2024-01-26,MA,Low Risk
2024-01-29,MA,Low Risk
2024-01-30,MA,Low Risk
2024-01-31,MA,Low Risk
2024-02-01,MA,Low Risk
2024-02-02,MA,Low Risk
2024-02-05,MA,Low Risk
2024-02-06,MA,Low Risk
2024-02-07,MA,Low Risk
2024-02-08,MA,Low Risk
2024-02-09,MA,Low Risk
2024-02-12,MA,Low Risk
2024-02-13,MA,Low Risk
2024-02-14,MA,Low Risk
2024-02-15,MA,Low Risk
2024-02-16,MA,Low Risk
2024-02-20,MA,Low Risk
2024-02-21,MA,Low Risk
2024-02-22,MA,Low Risk
2024-02-23,MA,Low Risk
2024-02-26,MA,Low Risk
2024-02-27,MA,Low Risk
2024-02-28,MA,Low Risk
2024-02-29,MA,Low Risk
2024-03-01,MA,Low Risk
2024-03-04,MA,Low Risk
2024-03-05,MA,Low Risk
2024-03-06,MA,Low Risk
2024-03-07,MA,Low Risk
2024-03-08,MA,Low Risk
2024-03-11,MA,Low Risk
2024-03-12,MA,Low Risk
2024-03-13,MA,Low Risk
2024-03-14,MA,Low Risk
2024-03-15,MA,Low Risk
2024-03-18,MA,Low Risk
2024-03-19,MA,Low Risk
2024-03-20,MA,Low Risk
2024-03-21,MA,Low Risk
2024-03-22,MA,Low Risk
2024-03-25,MA,Low Risk
2024-03-26,MA,Low Risk
2024-03-27,MA,Low Risk
2024-03-28,MA,Low Risk
2024-04-01,MA,Low Risk
2024-04-02,MA,Low Risk
2024-04-03,MA,Low Risk
2024-04-04,MA,Low Risk
2024-04-05,MA,Low Risk
2024-04-08,MA,Low Risk
2024-04-09,MA,Low Risk
2024-04-10,MA,Low Risk
2024-04-11,MA,Low Risk
2024-04-12,MA,Low Risk
2024-04-15,MA,Low Risk
2024-04-16,MA,Low Risk
2024-04-17,MA,Low Risk
2024-04-18,MA,Low Risk
2024-04-19,MA,Low Risk
2024-04-22,MA,Low Risk
2024-04-23,MA,Low Risk
2024-04-24,MA,Low Risk
2024-04-25,MA,Low Risk
2024-04-26,MA,Low Risk
2024-04-29,MA,Low Risk
2024-04-30,MA,Low Risk
2024-05-01,MA,Low Risk
2024-05-02,MA,Low Risk
2024-05-03,MA,Low Risk
2024-05-06,MA,Low Risk
2024-05-07,MA,Low Risk
2024-05-08,MA,Low Risk
2024-05-09,MA,Low Risk
2024-05-10,MA,Low Risk
2024-05-13,MA,Low Risk
2024-05-14,MA,Low Risk
2024-05-15,MA,Low Risk
2024-05-16,MA,Low Risk
2024-05-17,MA,Low Risk
2024-05-20,MA,Low Risk
2024-05-21,MA,Low Risk
2024-05-22,MA,Low Risk
2024-05-23,MA,Low Risk
2024-05-24,MA,Low Risk
2024-05-28,MA,Low Risk
2024-05-29,MA,Low Risk
2024-05-30,MA,Low Risk
2024-05-31,MA,Low Risk
2024-06-03,MA,Low Risk
2024-06-04,MA,Low Risk
2024-06-05,MA,Low Risk
2024-06-06,MA,Low Risk
2024-06-07,MA,Low Risk
2024-06-10,MA,Low Risk
2024-06-11,MA,Low Risk
2024-06-12,MA,Low Risk
2024-06-13,MA,Low Risk
2024-06-14,MA,Low Risk
2024-06-17,MA,Low Risk
2024-06-18,MA,Low Risk
2024-06-20,MA,Low Risk
2024-06-21,MA,Low Risk
2024-06-24,MA,Low Risk
2024-06-25,MA,Low Risk
2024-06-26,MA,Low Risk
2024-06-27,MA,Low Risk
2024-06-28,MA,Low Risk
2024-07-01,MA,Low Risk
2024-07-02,MA,Low Risk
2024-07-03,MA,Low Risk
2024-07-05,MA,Low Risk
2024-07-08,MA,Low Risk
2024-07-09,MA,Low Risk
2024-07-10,MA,Low Risk
2024-07-11,MA,Low Risk
2024-07-12,MA,Low Risk
2024-07-15,MA,Low Risk
2024-07-16,MA,Low Risk
2024-07-17,MA,Low Risk
2024-07-18,MA,Low Risk
2024-07-19,MA,Low Risk
2024-07-22,MA,Low Risk
2024-07-23,MA,Low Risk
2024-07-24,MA,Low Risk
2024-07-25,MA,Low Risk
2024-07-26,MA,Low Risk
2024-07-29,MA,Low Risk
2024-07-30,MA,Low Risk
2024-07-31,MA,Low Risk
2024-08-01,MA,Low Risk
2024-08-02,MA,Low Risk
2024-08-05,MA,Low Risk
2024-08-06,MA,Low Risk
2024-08-07,MA,Low Risk
2024-08-08,MA,Low Risk
2024-08-09,MA,Low Risk
2024-08-12,MA,Low Risk
2024-08-13,MA,Low Risk
2024-08-14,MA,Low Risk
2024-08-15,MA,Low Risk
2024-08-16,MA,Low Risk
2024-08-19,MA,Low Risk
2024-08-20,MA,Low Risk
2024-08-21,MA,Low Risk
2024-08-22,MA,Low Risk
2024-08-23,MA,Low Risk
2024-08-26,MA,Low Risk
2024-08-27,MA,Low Risk
2024-08-28,MA,Low Risk
2024-08-29,MA,Low Risk
2024-08-30,MA,Low Risk
2024-09-03,MA,Low Risk
2024-09-04,MA,Low Risk
2024-09-05,MA,Low Risk
2024-09-06,MA,Low Risk
2024-09-09,MA,Low Risk
2024-09-10,MA,Low Risk
2024-09-11,MA,Low Risk
2024-09-12,MA,Low Risk
2024-09-13,MA,Low Risk
2024-09-16,MA,Low Risk
2024-09-17,MA,Low Risk
2024-09-18,MA,Low Risk
2024-09-19,MA,Low Risk
2024-09-20,MA,Low Risk
2024-09-23,MA,Low Risk
2024-09-24,MA,Low Risk
2024-09-25,MA,Low Risk
2024-09-26,MA,Low Risk
2024-09-27,MA,Low Risk
2024-09-30,MA,Low Risk
2024-10-01,MA,Low Risk
2024-10-02,MA,Low Risk
2024-10-03,MA,Low Risk
2024-10-04,MA,Low Risk
2024-10-07,MA,Low Risk
2024-10-08,MA,Low Risk
2024-10-09,MA,Low Risk
2024-10-10,MA,Low Risk
2024-10-11,MA,Low Risk
2024-10-14,MA,Low Risk
2024-10-15,MA,Low Risk
2024-10-16,MA,Low Risk
2024-10-17,MA,Low Risk
2024-10-18,MA,Low Risk
2024-10-21,MA,Low Risk
2024-10-22,MA,Low Risk
2024-10-23,MA,Low Risk
2024-10-24,MA,Low Risk
2024-10-25,MA,Low Risk
2024-10-28,MA,Low Risk
2024-10-29,MA,Low Risk
2024-10-30,MA,Low Risk
2024-10-31,MA,Low Risk
2024-11-01,MA,Low Risk
2024-11-04,MA,Low Risk
2024-11-05,MA,Low Risk
2024-11-06,MA,Low Risk
2024-11-07,MA,Low Risk
2024-11-08,MA,Low Risk
2024-11-11,MA,Low Risk
2024-11-12,MA,Low Risk
2024-11-13,MA,Low Risk
2024-11-14,MA,Low Risk
2024-11-15,MA,Low Risk
2024-11-18,MA,Low Risk
2024-11-19,MA,Low Risk
2024-11-20,MA,Low Risk
2024-11-21,MA,Low Risk
2024-11-22,MA,Low Risk
2024-11-25,MA,Low Risk
2024-11-26,MA,Low Risk
2024-11-27,MA,Low Risk
2024-11-29,MA,Low Risk
2024-12-02,MA,Low Risk
2024-12-03,MA,Low Risk
2024-12-04,MA,Low Risk
2024-12-05,MA,Low Risk
2024-12-06,MA,Low Risk
2024-12-09,MA,Low Risk
2024-12-10,MA,Low Risk
2024-12-11,MA,Low Risk
2024-12-12,MA,Low Risk
2024-12-13,MA,Low Risk
2024-12-16,MA,Low Risk
2024-12-17,MA,Low Risk
2024-12-18,MA,Low Risk
2024-12-19,MA,Low Risk
2024-12-20,MA,Low Risk
2024-12-23,MA,Low Risk
2024-12-24,MA,Low Risk
2024-12-26,MA,Low Risk
2024-12-27,MA,Low Risk
2024-12-30,MA,Low Risk
2024-12-31,MA,Low Risk
2025-01-02,MA,Low Risk
2025-01-03,MA,Low Risk
2025-01-06,MA,Low Risk
2025-01-07,MA,Low Risk
2025-01-08,MA,Low Risk
2025-01-10,MA,Low Risk
2025-01-13,MA,Low Risk
2025-01-14,MA,Low Risk
2025-01-15,MA,Low Risk
2025-01-16,MA,Low Risk
2025-01-17,MA,Low Risk
2025-01-21,MA,Low Risk
2025-01-22,MA,Low Risk
2025-01-23,MA,Low Risk
2025-01-24,MA,Low Risk
2025-01-27,MA,Low Risk
2025-01-28,MA,Low Risk
2025-01-29,MA,Low Risk
2025-01-30,MA,Low Risk
2025-01-31,MA,Low Risk
2025-02-03,MA,Low Risk
2025-02-04,MA,Low Risk
2025-02-05,MA,Low Risk
2025-02-06,MA,Low Risk
2025-02-07,MA,Low Risk
2025-02-10,MA,Low Risk
2025-02-11,MA,Low Risk
2025-02-12,MA,Low Risk
2025-02-13,MA,Low Risk
2025-02-14,MA,Low Risk
2025-02-18,MA,Low Risk
2025-02-19,MA,Low Risk
2025-02-20,MA,Low Risk
2025-02-21,MA,Low Risk
2025-02-24,MA,Low Risk
2025-02-25,MA,Low Risk
2025-02-26,MA,Low Risk
2025-02-27,MA,Low Risk
2025-02-28,MA,Low Risk
2025-03-03,MA,Low Risk
2025-03-04,MA,Low Risk
2025-03-05,MA,Low Risk
2025-03-06,MA,Low Risk
2025-03-07,MA,Low Risk
2025-03-10,MA,Low Risk
2025-03-11,MA,Low Risk
2025-03-12,MA,Low Risk
2025-03-13,MA,Low Risk
2025-03-14,MA,Low Risk
2025-03-17,MA,Low Risk
2025-03-18,MA,Low Risk
2025-03-19,MA,Low Risk
2025-03-20,MA,Low Risk
2025-03-21,MA,Low Risk
2025-03-24,MA,Low Risk
2025-03-25,MA,Low Risk
2025-03-26,MA,Low Risk
2025-03-27,MA,Low Risk
2025-03-28,MA,Low Risk
2025-03-31,MA,Low Risk
2025-04-01,MA,Low Risk
2025-04-02,MA,Low Risk
2025-04-03,MA,Low Risk
2025-04-04,MA,Low Risk
2025-04-07,MA,Low Risk
2025-04-08,MA,Low Risk
2025-04-09,MA,Low Risk
2025-04-10,MA,Low Risk
2025-04-11,MA,Low Risk
2025-04-14,MA,Low Risk
2025-04-15,MA,Low Risk
2025-04-16,MA,Low Risk
2025-04-17,MA,Low Risk
2025-04-21,MA,Low Risk
2025-04-22,MA,Low Risk
2025-04-23,MA,Low Risk
2025-04-24,MA,Low Risk
2025-04-25,MA,Low Risk
2025-04-28,MA,Low Risk
2025-04-29,MA,Low Risk
2025-04-30,MA,Low Risk
2025-05-01,MA,Low Risk
2025-05-02,MA,Low Risk
2025-05-05,MA,Low Risk
2025-05-06,MA,Low Risk
2025-05-07,MA,Low Risk
2025-05-08,MA,Low Risk
2025-05-09,MA,Low Risk
2022-01-03,MDT,Medium Risk
2022-01-04,MDT,Medium Risk
2022-01-05,MDT,Medium Risk
2022-01-06,MDT,Medium Risk
2022-01-07,MDT,Medium Risk
2022-01-10,MDT,Medium Risk
2022-01-11,MDT,Medium Risk
2022-01-12,MDT,Medium Risk
2022-01-13,MDT,Medium Risk
2022-01-14,MDT,Medium Risk
2022-01-18,MDT,Medium Risk
2022-01-19,MDT,Medium Risk
2022-01-20,MDT,Medium Risk
2022-01-21,MDT,Medium Risk
2022-01-24,MDT,Medium Risk
2022-01-25,MDT,Medium Risk
2022-01-26,MDT,Medium Risk
2022-01-27,MDT,Medium Risk
2022-01-28,MDT,Medium Risk
2022-01-31,MDT,Medium Risk
2022-02-01,MDT,Medium Risk
2022-02-02,MDT,Medium Risk
2022-02-03,MDT,Medium Risk
2022-02-04,MDT,Medium Risk
2022-02-07,MDT,Medium Risk
2022-02-08,MDT,Medium Risk
2022-02-09,MDT,Medium Risk
2022-02-10,MDT,Medium Risk
2022-02-11,MDT,Medium Risk
2022-02-14,MDT,Medium Risk
2022-02-15,MDT,Medium Risk
2022-02-16,MDT,Medium Risk
2022-02-17,MDT,Medium Risk
2022-02-18,MDT,Medium Risk
2022-02-22,MDT,Medium Risk
2022-02-23,MDT,Medium Risk
2022-02-24,MDT,Medium Risk
2022-02-25,MDT,Medium Risk
2022-02-28,MDT,Medium Risk
2022-03-01,MDT,Medium Risk
2022-03-02,MDT,Medium Risk
2022-03-03,MDT,Medium Risk
2022-03-04,MDT,Medium Risk
2022-03-07,MDT,Medium Risk
2022-03-08,MDT,Medium Risk
2022-03-09,MDT,Medium Risk
2022-03-10,MDT,Medium Risk
2022-03-11,MDT,Medium Risk
2022-03-14,MDT,Medium Risk
2022-03-15,MDT,Medium Risk
2022-03-16,MDT,Medium Risk
2022-03-17,MDT,Medium Risk
2022-03-18,MDT,Medium Risk
2022-03-21,MDT,Medium Risk
2022-03-22,MDT,Medium Risk
2022-03-23,MDT,Medium Risk
2022-03-24,MDT,Medium Risk
2022-03-25,MDT,Medium Risk
2022-03-28,MDT,Medium Risk
2022-03-29,MDT,Medium Risk
2022-03-30,MDT,Medium Risk
2022-03-31,MDT,Medium Risk
2022-04-01,MDT,Medium Risk
2022-04-04,MDT,Medium Risk
2022-04-05,MDT,Medium Risk
2022-04-06,MDT,Medium Risk
2022-04-07,MDT,Medium Risk
2022-04-08,MDT,Medium Risk
2022-04-11,MDT,Medium Risk
2022-04-12,MDT,Medium Risk
2022-04-13,MDT,Medium Risk
2022-04-14,MDT,Medium Risk
2022-04-18,MDT,Medium Risk
2022-04-19,MDT,Medium Risk
2022-04-20,MDT,Medium Risk
2022-04-21,MDT,Medium Risk
2022-04-22,MDT,Medium Risk
2022-04-25,MDT,Medium Risk
2022-04-26,MDT,Medium Risk
2022-04-27,MDT,Medium Risk
2022-04-28,MDT,Medium Risk
2022-04-29,MDT,Medium Risk
2022-05-02,MDT,Medium Risk
2022-05-03,MDT,Medium Risk
2022-05-04,MDT,Medium Risk
2022-05-05,MDT,Medium Risk
2022-05-06,MDT,Medium Risk
2022-05-09,MDT,Medium Risk
2022-05-10,MDT,Medium Risk
2022-05-11,MDT,Medium Risk
2022-05-12,MDT,Medium Risk
2022-05-13,MDT,Medium Risk
2022-05-16,MDT,Medium Risk
2022-05-17,MDT,Medium Risk
2022-05-18,MDT,Medium Risk
2022-05-19,MDT,Medium Risk
2022-05-20,MDT,Medium Risk
2022-05-23,MDT,Medium Risk
2022-05-24,MDT,Medium Risk
2022-05-25,MDT,Medium Risk
2022-05-26,MDT,Medium Risk
2022-05-27,MDT,Medium Risk
2022-05-31,MDT,Medium Risk
2022-06-01,MDT,Medium Risk
2022-06-02,MDT,Medium Risk
2022-06-03,MDT,Medium Risk
2022-06-06,MDT,Medium Risk
2022-06-07,MDT,Medium Risk
2022-06-08,MDT,Medium Risk
2022-06-09,MDT,Medium Risk
2022-06-10,MDT,Medium Risk
2022-06-13,MDT,Medium Risk
2022-06-14,MDT,Medium Risk
2022-06-15,MDT,Medium Risk
2022-06-16,MDT,Medium Risk
2022-06-17,MDT,Medium Risk
2022-06-21,MDT,Medium Risk
2022-06-22,MDT,Medium Risk
2022-06-23,MDT,Medium Risk
2022-06-24,MDT,Medium Risk
2022-06-27,MDT,Medium Risk
2022-06-28,MDT,Medium Risk
2022-06-29,MDT,Medium Risk
2022-06-30,MDT,Medium Risk
2022-07-01,MDT,Medium Risk
2022-07-05,MDT,Medium Risk
2022-07-06,MDT,Medium Risk
2022-07-07,MDT,Medium Risk
2022-07-08,MDT,Medium Risk
2022-07-11,MDT,Medium Risk
2022-07-12,MDT,Medium Risk
2022-07-13,MDT,Medium Risk
2022-07-14,MDT,Medium Risk
2022-07-15,MDT,Medium Risk
2022-07-18,MDT,Medium Risk
2022-07-19,MDT,Medium Risk
2022-07-20,MDT,Medium Risk
2022-07-21,MDT,Medium Risk
2022-07-22,MDT,Medium Risk
2022-07-25,MDT,Medium Risk
2022-07-26,MDT,Medium Risk
2022-07-27,MDT,Medium Risk
2022-07-28,MDT,Medium Risk
2022-07-29,MDT,Medium Risk
2022-08-01,MDT,Medium Risk
2022-08-02,MDT,Medium Risk
2022-08-03,MDT,Medium Risk
2022-08-04,MDT,Medium Risk
2022-08-05,MDT,Medium Risk
2022-08-08,MDT,Medium Risk
2022-08-09,MDT,Medium Risk
2022-08-10,MDT,Medium Risk
2022-08-11,MDT,Medium Risk
2022-08-12,MDT,Medium Risk
2022-08-15,MDT,Medium Risk
2022-08-16,MDT,Medium Risk
2022-08-17,MDT,Medium Risk
2022-08-18,MDT,Medium Risk
2022-08-19,MDT,Medium Risk
2022-08-22,MDT,Medium Risk
2022-08-23,MDT,Medium Risk
2022-08-24,MDT,Medium Risk
2022-08-25,MDT,Medium Risk
2022-08-26,MDT,Medium Risk
2022-08-29,MDT,Medium Risk
2022-08-30,MDT,Medium Risk
2022-08-31,MDT,Medium Risk
2022-09-01,MDT,Medium Risk
2022-09-02,MDT,Medium Risk
2022-09-06,MDT,Medium Risk
2022-09-07,MDT,Medium Risk
2022-09-08,MDT,Medium Risk
2022-09-09,MDT,Medium Risk
2022-09-12,MDT,Medium Risk
2022-09-13,MDT,Medium Risk
2022-09-14,MDT,Medium Risk
2022-09-15,MDT,Medium Risk
2022-09-16,MDT,Medium Risk
2022-09-19,MDT,Medium Risk
2022-09-20,MDT,Medium Risk
2022-09-21,MDT,Medium Risk
2022-09-22,MDT,Medium Risk
2022-09-23,MDT,Medium Risk
2022-09-26,MDT,Medium Risk
2022-09-27,MDT,Medium Risk
2022-09-28,MDT,Medium Risk
2022-09-29,MDT,Medium Risk
2022-09-30,MDT,Medium Risk
2022-10-03,MDT,Medium Risk
2022-10-04,MDT,Medium Risk
2022-10-05,MDT,Medium Risk
2022-10-06,MDT,Medium Risk
2022-10-07,MDT,Medium Risk
2022-10-10,MDT,Medium Risk
2022-10-11,MDT,Medium Risk
2022-10-12,MDT,Medium Risk
2022-10-13,MDT,Medium Risk
2022-10-14,MDT,Medium Risk
2022-10-17,MDT,Medium Risk
2022-10-18,MDT,Medium Risk
2022-10-19,MDT,Medium Risk
2022-10-20,MDT,Medium Risk
2022-10-21,MDT,Medium Risk
2022-10-24,MDT,Medium Risk
2022-10-25,MDT,Medium Risk
2022-10-26,MDT,Medium Risk
2022-10-27,MDT,Medium Risk
2022-10-28,MDT,Medium Risk
2022-10-31,MDT,Medium Risk
2022-11-01,MDT,Medium Risk
2022-11-02,MDT,Medium Risk
2022-11-03,MDT,Medium Risk
2022-11-04,MDT,Medium Risk
2022-11-07,MDT,Medium Risk
2022-11-08,MDT,Medium Risk
2022-11-09,MDT,Medium Risk
2022-11-10,MDT,Medium Risk
2022-11-11,MDT,Medium Risk
2022-11-14,MDT,Medium Risk
2022-11-15,MDT,Medium Risk
2022-11-16,MDT,Medium Risk
2022-11-17,MDT,Medium Risk
2022-11-18,MDT,Medium Risk
2022-11-21,MDT,Medium Risk
2022-11-22,MDT,Medium Risk
2022-11-23,MDT,Medium Risk
2022-11-25,MDT,Medium Risk
2022-11-28,MDT,Medium Risk
2022-11-29,MDT,Medium Risk
2022-11-30,MDT,Medium Risk
2022-12-01,MDT,Medium Risk
2022-12-02,MDT,Medium Risk
2022-12-05,MDT,Medium Risk
2022-12-06,MDT,Medium Risk
2022-12-07,MDT,Medium Risk
2022-12-08,MDT,Medium Risk
2022-12-09,MDT,Medium Risk
2022-12-12,MDT,Medium Risk
2022-12-13,MDT,Medium Risk
2022-12-14,MDT,Medium Risk
2022-12-15,MDT,Medium Risk
2022-12-16,MDT,Medium Risk
2022-12-19,MDT,Medium Risk
2022-12-20,MDT,Medium Risk
2022-12-21,MDT,Medium Risk
2022-12-22,MDT,Medium Risk
2022-12-23,MDT,Medium Risk
2022-12-27,MDT,Medium Risk
2022-12-28,MDT,Medium Risk
2022-12-29,MDT,Medium Risk
2022-12-30,MDT,Medium Risk
2023-01-03,MDT,Medium Risk
2023-01-04,MDT,Medium Risk
2023-01-05,MDT,Medium Risk
2023-01-06,MDT,Medium Risk
2023-01-09,MDT,Medium Risk
2023-01-10,MDT,Medium Risk
2023-01-11,MDT,Medium Risk
2023-01-12,MDT,Medium Risk
2023-01-13,MDT,Medium Risk
2023-01-17,MDT,Medium Risk
2023-01-18,MDT,Medium Risk
2023-01-19,MDT,Medium Risk
2023-01-20,MDT,Medium Risk
2023-01-23,MDT,Medium Risk
2023-01-24,MDT,Medium Risk
2023-01-25,MDT,Medium Risk
2023-01-26,MDT,Medium Risk
2023-01-27,MDT,Medium Risk
2023-01-30,MDT,Medium Risk
2023-01-31,MDT,Medium Risk
2023-02-01,MDT,Medium Risk
2023-02-02,MDT,Medium Risk
2023-02-03,MDT,Medium Risk
2023-02-06,MDT,Medium Risk
2023-02-07,MDT,Medium Risk
2023-02-08,MDT,Medium Risk
2023-02-09,MDT,Medium Risk
2023-02-10,MDT,Medium Risk
2023-02-13,MDT,Medium Risk
2023-02-14,MDT,Medium Risk
2023-02-15,MDT,Medium Risk
2023-02-16,MDT,Medium Risk
2023-02-17,MDT,Medium Risk
2023-02-21,MDT,Medium Risk
2023-02-22,MDT,Medium Risk
2023-02-23,MDT,Medium Risk
2023-02-24,MDT,Medium Risk
2023-02-27,MDT,Medium Risk
2023-02-28,MDT,Medium Risk
2023-03-01,MDT,Medium Risk
2023-03-02,MDT,Medium Risk
2023-03-03,MDT,Medium Risk
2023-03-06,MDT,Medium Risk
2023-03-07,MDT,Medium Risk
2023-03-08,MDT,Medium Risk
2023-03-09,MDT,Medium Risk
2023-03-10,MDT,Medium Risk
2023-03-13,MDT,Medium Risk
2023-03-14,MDT,Medium Risk
2023-03-15,MDT,Medium Risk
2023-03-16,MDT,Medium Risk
2023-03-17,MDT,Medium Risk
2023-03-20,MDT,Medium Risk
2023-03-21,MDT,Medium Risk
2023-03-22,MDT,Medium Risk
2023-03-23,MDT,Medium Risk
2023-03-24,MDT,Medium Risk
2023-03-27,MDT,Medium Risk
2023-03-28,MDT,Medium Risk
2023-03-29,MDT,Medium Risk
2023-03-30,MDT,Medium Risk
2023-03-31,MDT,Medium Risk
2023-04-03,MDT,Medium Risk
2023-04-04,MDT,Medium Risk
2023-04-05,MDT,Medium Risk
2023-04-06,MDT,Medium Risk
2023-04-10,MDT,Medium Risk
2023-04-11,MDT,Medium Risk
2023-04-12,MDT,Medium Risk
2023-04-13,MDT,Medium Risk
2023-04-14,MDT,Medium Risk
2023-04-17,MDT,Medium Risk
2023-04-18,MDT,Medium Risk
2023-04-19,MDT,Medium Risk
2023-04-20,MDT,Medium Risk
2023-04-21,MDT,Medium Risk
2023-04-24,MDT,Medium Risk
2023-04-25,MDT,Medium Risk
2023-04-26,MDT,Medium Risk
2023-04-27,MDT,Medium Risk
2023-04-28,MDT,Medium Risk
2023-05-01,MDT,Medium Risk
2023-05-02,MDT,Medium Risk
2023-05-03,MDT,Medium Risk
2023-05-04,MDT,Medium Risk
2023-05-05,MDT,Medium Risk
2023-05-08,MDT,Medium Risk
2023-05-09,MDT,Medium Risk
2023-05-10,MDT,Medium Risk
2023-05-11,MDT,Medium Risk
2023-05-12,MDT,Medium Risk
2023-05-15,MDT,Medium Risk
2023-05-16,MDT,Medium Risk
2023-05-17,MDT,Medium Risk
2023-05-18,MDT,Medium Risk
2023-05-19,MDT,Medium Risk
2023-05-22,MDT,Medium Risk
2023-05-23,MDT,Medium Risk
2023-05-24,MDT,Medium Risk
2023-05-25,MDT,Medium Risk
2023-05-26,MDT,Medium Risk
2023-05-30,MDT,Medium Risk
2023-05-31,MDT,Medium Risk
2023-06-01,MDT,Medium Risk
2023-06-02,MDT,Medium Risk
2023-06-05,MDT,Medium Risk
2023-06-06,MDT,Medium Risk
2023-06-07,MDT,Medium Risk
2023-06-08,MDT,Medium Risk
2023-06-09,MDT,Medium Risk
2023-06-12,MDT,Medium Risk
2023-06-13,MDT,Medium Risk
2023-06-14,MDT,Medium Risk
2023-06-15,MDT,Medium Risk
2023-06-16,MDT,Medium Risk
2023-06-20,MDT,Medium Risk
2023-06-21,MDT,Medium Risk
2023-06-22,MDT,Medium Risk
2023-06-23,MDT,Medium Risk
2023-06-26,MDT,Medium Risk
2023-06-27,MDT,Medium Risk
2023-06-28,MDT,Medium Risk
2023-06-29,MDT,Medium Risk
2023-06-30,MDT,Medium Risk
2023-07-03,MDT,Medium Risk
2023-07-05,MDT,Medium Risk
2023-07-06,MDT,Medium Risk
2023-07-07,MDT,Medium Risk
2023-07-10,MDT,Medium Risk
2023-07-11,MDT,Medium Risk
2023-07-12,MDT,Medium Risk
2023-07-13,MDT,Medium Risk
2023-07-14,MDT,Medium Risk
2023-07-17,MDT,Medium Risk
2023-07-18,MDT,Medium Risk
2023-07-19,MDT,Medium Risk
2023-07-20,MDT,Medium Risk
2023-07-21,MDT,Medium Risk
2023-07-24,MDT,Medium Risk
2023-07-25,MDT,Medium Risk
2023-07-26,MDT,Medium Risk
2023-07-27,MDT,Medium Risk
2023-07-28,MDT,Medium Risk
2023-07-31,MDT,Medium Risk
2023-08-01,MDT,Medium Risk
2023-08-02,MDT,Medium Risk
2023-08-03,MDT,Medium Risk
2023-08-04,MDT,Medium Risk
2023-08-07,MDT,Medium Risk
2023-08-08,MDT,Medium Risk
2023-08-09,MDT,Medium Risk
2023-08-10,MDT,Medium Risk
2023-08-11,MDT,Medium Risk
2023-08-14,MDT,Medium Risk
2023-08-15,MDT,Medium Risk
2023-08-16,MDT,Medium Risk
2023-08-17,MDT,Medium Risk
2023-08-18,MDT,Medium Risk
2023-08-21,MDT,Medium Risk
2023-08-22,MDT,Medium Risk
2023-08-23,MDT,Medium Risk
2023-08-24,MDT,Medium Risk
2023-08-25,MDT,Medium Risk
2023-08-28,MDT,Medium Risk
2023-08-29,MDT,Medium Risk
2023-08-30,MDT,Medium Risk
2023-08-31,MDT,Medium Risk
2023-09-01,MDT,Medium Risk
2023-09-05,MDT,Medium Risk
2023-09-06,MDT,Medium Risk
2023-09-07,MDT,Medium Risk
2023-09-08,MDT,Medium Risk
2023-09-11,MDT,Medium Risk
2023-09-12,MDT,Medium Risk
2023-09-13,MDT,Medium Risk
2023-09-14,MDT,Medium Risk
2023-09-15,MDT,Medium Risk
2023-09-18,MDT,Medium Risk
2023-09-19,MDT,Medium Risk
2023-09-20,MDT,Medium Risk
2023-09-21,MDT,Medium Risk
2023-09-22,MDT,Medium Risk
2023-09-25,MDT,Medium Risk
2023-09-26,MDT,Medium Risk
2023-09-27,MDT,Medium Risk
2023-09-28,MDT,Medium Risk
2023-09-29,MDT,Medium Risk
2023-10-02,MDT,Medium Risk
2023-10-03,MDT,Medium Risk
2023-10-04,MDT,Medium Risk
2023-10-05,MDT,Medium Risk
2023-10-06,MDT,Medium Risk
2023-10-09,MDT,Medium Risk
2023-10-10,MDT,Medium Risk
2023-10-11,MDT,Medium Risk
2023-10-12,MDT,Medium Risk
2023-10-13,MDT,Medium Risk
2023-10-16,MDT,Medium Risk
2023-10-17,MDT,Medium Risk
2023-10-18,MDT,Medium Risk
2023-10-19,MDT,Medium Risk
2023-10-20,MDT,Medium Risk
2023-10-23,MDT,Medium Risk
2023-10-24,MDT,Medium Risk
2023-10-25,MDT,Medium Risk
2023-10-26,MDT,Medium Risk
2023-10-27,MDT,Medium Risk
2023-10-30,MDT,Medium Risk
2023-10-31,MDT,Medium Risk
2023-11-01,MDT,Medium Risk
2023-11-02,MDT,Medium Risk
2023-11-03,MDT,Medium Risk
2023-11-06,MDT,Medium Risk
2023-11-07,MDT,Medium Risk
2023-11-08,MDT,Medium Risk
2023-11-09,MDT,Medium Risk
2023-11-10,MDT,Medium Risk
2023-11-13,MDT,Medium Risk
2023-11-14,MDT,Medium Risk
2023-11-15,MDT,Medium Risk
2023-11-16,MDT,Medium Risk
2023-11-17,MDT,Medium Risk
2023-11-20,MDT,Medium Risk
2023-11-21,MDT,Medium Risk
2023-11-22,MDT,Medium Risk
2023-11-24,MDT,Medium Risk
2023-11-27,MDT,Medium Risk
2023-11-28,MDT,Medium Risk
2023-11-29,MDT,Medium Risk
2023-11-30,MDT,Medium Risk
2023-12-01,MDT,Medium Risk
2023-12-04,MDT,Medium Risk
2023-12-05,MDT,Medium Risk
2023-12-06,MDT,Medium Risk
2023-12-07,MDT,Medium Risk
2023-12-08,MDT,Medium Risk
2023-12-11,MDT,Medium Risk
2023-12-12,MDT,Medium Risk
2023-12-13,MDT,Medium Risk
2023-12-14,MDT,Medium Risk
2023-12-15,MDT,Medium Risk
2023-12-18,MDT,Medium Risk
2023-12-19,MDT,Medium Risk
2023-12-20,MDT,Medium Risk
2023-12-21,MDT,Medium Risk
2023-12-22,MDT,Medium Risk
2023-12-26,MDT,Medium Risk
2023-12-27,MDT,Medium Risk
2023-12-28,MDT,Medium Risk
2023-12-29,MDT,Medium Risk
2024-01-02,MDT,Medium Risk
2024-01-03,MDT,Medium Risk
2024-01-04,MDT,Medium Risk
2024-01-05,MDT,Medium Risk
2024-01-08,MDT,Medium Risk
2024-01-09,MDT,Medium Risk
2024-01-10,MDT,Medium Risk
2024-01-11,MDT,Medium Risk
2024-01-12,MDT,Medium Risk
2024-01-16,MDT,Medium Risk
2024-01-17,MDT,Medium Risk
2024-01-18,MDT,Medium Risk
2024-01-19,MDT,Medium Risk
2024-01-22,MDT,Medium Risk
2024-01-23,MDT,Medium Risk
2024-01-24,MDT,Medium Risk
2024-01-25,MDT,Medium Risk
2024-01-26,MDT,Medium Risk
2024-01-29,MDT,Medium Risk
2024-01-30,MDT,Medium Risk
2024-01-31,MDT,Medium Risk
2024-02-01,MDT,Medium Risk
2024-02-02,MDT,Medium Risk
2024-02-05,MDT,Medium Risk
2024-02-06,MDT,Medium Risk
2024-02-07,MDT,Medium Risk
2024-02-08,MDT,Medium Risk
2024-02-09,MDT,Medium Risk
2024-02-12,MDT,Medium Risk
2024-02-13,MDT,Medium Risk
2024-02-14,MDT,Medium Risk
2024-02-15,MDT,Medium Risk
2024-02-16,MDT,Medium Risk
2024-02-20,MDT,Medium Risk
2024-02-21,MDT,Medium Risk
2024-02-22,MDT,Medium Risk
2024-02-23,MDT,Medium Risk
2024-02-26,MDT,Medium Risk
2024-02-27,MDT,Medium Risk
2024-02-28,MDT,Medium Risk
2024-02-29,MDT,Medium Risk
2024-03-01,MDT,Medium Risk
2024-03-04,MDT,Medium Risk
2024-03-05,MDT,Medium Risk
2024-03-06,MDT,Medium Risk
2024-03-07,MDT,Medium Risk
2024-03-08,MDT,Medium Risk
2024-03-11,MDT,Medium Risk
2024-03-12,MDT,Medium Risk
2024-03-13,MDT,Medium Risk
2024-03-14,MDT,Medium Risk
2024-03-15,MDT,Medium Risk
2024-03-18,MDT,Medium Risk
2024-03-19,MDT,Medium Risk
2024-03-20,MDT,Medium Risk
2024-03-21,MDT,Medium Risk
2024-03-22,MDT,Medium Risk
2024-03-25,MDT,Medium Risk
2024-03-26,MDT,Medium Risk
2024-03-27,MDT,Medium Risk
2024-03-28,MDT,Medium Risk
2024-04-01,MDT,Medium Risk
2024-04-02,MDT,Medium Risk
2024-04-03,MDT,Medium Risk
2024-04-04,MDT,Medium Risk
2024-04-05,MDT,Medium Risk
2024-04-08,MDT,Medium Risk
2024-04-09,MDT,Medium Risk
2024-04-10,MDT,Medium Risk
2024-04-11,MDT,Medium Risk
2024-04-12,MDT,Medium Risk
2024-04-15,MDT,Medium Risk
2024-04-16,MDT,Medium Risk
2024-04-17,MDT,Medium Risk
2024-04-18,MDT,Medium Risk
2024-04-19,MDT,Medium Risk
2024-04-22,MDT,Medium Risk
2024-04-23,MDT,Medium Risk
2024-04-24,MDT,Medium Risk
2024-04-25,MDT,Medium Risk
2024-04-26,MDT,Medium Risk
2024-04-29,MDT,Medium Risk
2024-04-30,MDT,Medium Risk
2024-05-01,MDT,Medium Risk
2024-05-02,MDT,Medium Risk
2024-05-03,MDT,Medium Risk
2024-05-06,MDT,Medium Risk
2024-05-07,MDT,Medium Risk
2024-05-08,MDT,Medium Risk
2024-05-09,MDT,Medium Risk
2024-05-10,MDT,Medium Risk
2024-05-13,MDT,Medium Risk
2024-05-14,MDT,Medium Risk
2024-05-15,MDT,Medium Risk
2024-05-16,MDT,Medium Risk
2024-05-17,MDT,Medium Risk
2024-05-20,MDT,Medium Risk
2024-05-21,MDT,Medium Risk
2024-05-22,MDT,Medium Risk
2024-05-23,MDT,Medium Risk
2024-05-24,MDT,Medium Risk
2024-05-28,MDT,Medium Risk
2024-05-29,MDT,Medium Risk
2024-05-30,MDT,Medium Risk
2024-05-31,MDT,Medium Risk
2024-06-03,MDT,Medium Risk
2024-06-04,MDT,Medium Risk
2024-06-05,MDT,Medium Risk
2024-06-06,MDT,Medium Risk
2024-06-07,MDT,Medium Risk
2024-06-10,MDT,Medium Risk
2024-06-11,MDT,Medium Risk
2024-06-12,MDT,Medium Risk
2024-06-13,MDT,Medium Risk
2024-06-14,MDT,Medium Risk
2024-06-17,MDT,Medium Risk
2024-06-18,MDT,Medium Risk
2024-06-20,MDT,Medium Risk
2024-06-21,MDT,Medium Risk
2024-06-24,MDT,Medium Risk
2024-06-25,MDT,Medium Risk
2024-06-26,MDT,Medium Risk
2024-06-27,MDT,Medium Risk
2024-06-28,MDT,Medium Risk
2024-07-01,MDT,Medium Risk
2024-07-02,MDT,Medium Risk
2024-07-03,MDT,Medium Risk
2024-07-05,MDT,Medium Risk
2024-07-08,MDT,Medium Risk
2024-07-09,MDT,Medium Risk
2024-07-10,MDT,Medium Risk
2024-07-11,MDT,Medium Risk
2024-07-12,MDT,Medium Risk
2024-07-15,MDT,Medium Risk
2024-07-16,MDT,Medium Risk
2024-07-17,MDT,Medium Risk
2024-07-18,MDT,Medium Risk
2024-07-19,MDT,Medium Risk
2024-07-22,MDT,Medium Risk
2024-07-23,MDT,Medium Risk
2024-07-24,MDT,Medium Risk
2024-07-25,MDT,Medium Risk
2024-07-26,MDT,Medium Risk
2024-07-29,MDT,Medium Risk
2024-07-30,MDT,Medium Risk
2024-07-31,MDT,Medium Risk
2024-08-01,MDT,Medium Risk
2024-08-02,MDT,Medium Risk
2024-08-05,MDT,Medium Risk
2024-08-06,MDT,Medium Risk
2024-08-07,MDT,Medium Risk
2024-08-08,MDT,Medium Risk
2024-08-09,MDT,Medium Risk
2024-08-12,MDT,Medium Risk
2024-08-13,MDT,Medium Risk
2024-08-14,MDT,Medium Risk
2024-08-15,MDT,Medium Risk
2024-08-16,MDT,Medium Risk
2024-08-19,MDT,Medium Risk
2024-08-20,MDT,Medium Risk
2024-08-21,MDT,Medium Risk
2024-08-22,MDT,Medium Risk
2024-08-23,MDT,Medium Risk
2024-08-26,MDT,Medium Risk
2024-08-27,MDT,Medium Risk
2024-08-28,MDT,Medium Risk
2024-08-29,MDT,Medium Risk
2024-08-30,MDT,Medium Risk
2024-09-03,MDT,Medium Risk
2024-09-04,MDT,Medium Risk
2024-09-05,MDT,Medium Risk
2024-09-06,MDT,Medium Risk
2024-09-09,MDT,Medium Risk
2024-09-10,MDT,Medium Risk
2024-09-11,MDT,Medium Risk
2024-09-12,MDT,Medium Risk
2024-09-13,MDT,Medium Risk
2024-09-16,MDT,Medium Risk
2024-09-17,MDT,Medium Risk
2024-09-18,MDT,Medium Risk
2024-09-19,MDT,Medium Risk
2024-09-20,MDT,Medium Risk
2024-09-23,MDT,Medium Risk
2024-09-24,MDT,Medium Risk
2024-09-25,MDT,Medium Risk
2024-09-26,MDT,Medium Risk
2024-09-27,MDT,Medium Risk
2024-09-30,MDT,Medium Risk
2024-10-01,MDT,Medium Risk
2024-10-02,MDT,Medium Risk
2024-10-03,MDT,Medium Risk
2024-10-04,MDT,Medium Risk
2024-10-07,MDT,Medium Risk
2024-10-08,MDT,Medium Risk
2024-10-09,MDT,Medium Risk
2024-10-10,MDT,Medium Risk
2024-10-11,MDT,Medium Risk
2024-10-14,MDT,Medium Risk
2024-10-15,MDT,Medium Risk
2024-10-16,MDT,Medium Risk
2024-10-17,MDT,Medium Risk
2024-10-18,MDT,Medium Risk
2024-10-21,MDT,Medium Risk
2024-10-22,MDT,Medium Risk
2024-10-23,MDT,Medium Risk
2024-10-24,MDT,Medium Risk
2024-10-25,MDT,Medium Risk
2024-10-28,MDT,Medium Risk
2024-10-29,MDT,Medium Risk
2024-10-30,MDT,Medium Risk
2024-10-31,MDT,Medium Risk
2024-11-01,MDT,Medium Risk
2024-11-04,MDT,Medium Risk
2024-11-05,MDT,Medium Risk
2024-11-06,MDT,Medium Risk
2024-11-07,MDT,Medium Risk
2024-11-08,MDT,Medium Risk
2024-11-11,MDT,Medium Risk
2024-11-12,MDT,Medium Risk
2024-11-13,MDT,Medium Risk
2024-11-14,MDT,Medium Risk
2024-11-15,MDT,Medium Risk
2024-11-18,MDT,Medium Risk
2024-11-19,MDT,Medium Risk
2024-11-20,MDT,Medium Risk
2024-11-21,MDT,Medium Risk
2024-11-22,MDT,Medium Risk
2024-11-25,MDT,Medium Risk
2024-11-26,MDT,Medium Risk
2024-11-27,MDT,Medium Risk
2024-11-29,MDT,Medium Risk
2024-12-02,MDT,Medium Risk
2024-12-03,MDT,Medium Risk
2024-12-04,MDT,Medium Risk
2024-12-05,MDT,Medium Risk
2024-12-06,MDT,Medium Risk
2024-12-09,MDT,Medium Risk
2024-12-10,MDT,Medium Risk
2024-12-11,MDT,Medium Risk
2024-12-12,MDT,Medium Risk
2024-12-13,MDT,Medium Risk
2024-12-16,MDT,Medium Risk
2024-12-17,MDT,Medium Risk
2024-12-18,MDT,Medium Risk
2024-12-19,MDT,Medium Risk
2024-12-20,MDT,Medium Risk
2024-12-23,MDT,Medium Risk
2024-12-24,MDT,Medium Risk
2024-12-26,MDT,Medium Risk
2024-12-27,MDT,Medium Risk
2024-12-30,MDT,Medium Risk
2024-12-31,MDT,Medium Risk
2025-01-02,MDT,Medium Risk
2025-01-03,MDT,Medium Risk
2025-01-06,MDT,Medium Risk
2025-01-07,MDT,Medium Risk
2025-01-08,MDT,Medium Risk
2025-01-10,MDT,Medium Risk
2025-01-13,MDT,Medium Risk
2025-01-14,MDT,Medium Risk
2025-01-15,MDT,Medium Risk
2025-01-16,MDT,Medium Risk
2025-01-17,MDT,Medium Risk
2025-01-21,MDT,Medium Risk
2025-01-22,MDT,Medium Risk
2025-01-23,MDT,Medium Risk
2025-01-24,MDT,Medium Risk
2025-01-27,MDT,Medium Risk
2025-01-28,MDT,Medium Risk
2025-01-29,MDT,Medium Risk
2025-01-30,MDT,Medium Risk
2025-01-31,MDT,Medium Risk
2025-02-03,MDT,Medium Risk
2025-02-04,MDT,Medium Risk
2025-02-05,MDT,Medium Risk
2025-02-06,MDT,Medium Risk
2025-02-07,MDT,Medium Risk
2025-02-10,MDT,Medium Risk
2025-02-11,MDT,Medium Risk
2025-02-12,MDT,Medium Risk
2025-02-13,MDT,Medium Risk
2025-02-14,MDT,Medium Risk
2025-02-18,MDT,Medium Risk
2025-02-19,MDT,Medium Risk
2025-02-20,MDT,Medium Risk
2025-02-21,MDT,Medium Risk
2025-02-24,MDT,Medium Risk
2025-02-25,MDT,Medium Risk
2025-02-26,MDT,Medium Risk
2025-02-27,MDT,Medium Risk
2025-02-28,MDT,Medium Risk
2025-03-03,MDT,Medium Risk
2025-03-04,MDT,Medium Risk
2025-03-05,MDT,Medium Risk
2025-03-06,MDT,Medium Risk
2025-03-07,MDT,Medium Risk
2025-03-10,MDT,Medium Risk
2025-03-11,MDT,Medium Risk
2025-03-12,MDT,Medium Risk
2025-03-13,MDT,Medium Risk
2025-03-14,MDT,Medium Risk
2025-03-17,MDT,Medium Risk
2025-03-18,MDT,Medium Risk
2025-03-19,MDT,Medium Risk
2025-03-20,MDT,Medium Risk
2025-03-21,MDT,Medium Risk
2025-03-24,MDT,Medium Risk
2025-03-25,MDT,Medium Risk
2025-03-26,MDT,Medium Risk
2025-03-27,MDT,Medium Risk
2025-03-28,MDT,Medium Risk
2025-03-31,MDT,Medium Risk
2025-04-01,MDT,Medium Risk
2025-04-02,MDT,Medium Risk
2025-04-03,MDT,Medium Risk
2025-04-04,MDT,Medium Risk
2025-04-07,MDT,Medium Risk
2025-04-08,MDT,Medium Risk
2025-04-09,MDT,Medium Risk
2025-04-10,MDT,Medium Risk
2025-04-11,MDT,Medium Risk
2025-04-14,MDT,Medium Risk
2025-04-15,MDT,Medium Risk
2025-04-16,MDT,Medium Risk
2025-04-17,MDT,Medium Risk
2025-04-21,MDT,Medium Risk
2025-04-22,MDT,Medium Risk
2025-04-23,MDT,Medium Risk
2025-04-24,MDT,Medium Risk
2025-04-25,MDT,Medium Risk
2025-04-28,MDT,Medium Risk
2025-04-29,MDT,Medium Risk
2025-04-30,MDT,Medium Risk
2025-05-01,MDT,Medium Risk
2025-05-02,MDT,Medium Risk
2025-05-05,MDT,Medium Risk
2025-05-06,MDT,Medium Risk
2025-05-07,MDT,Medium Risk
2025-05-08,MDT,Medium Risk
2025-05-09,MDT,Medium Risk
2022-01-03,MSFT,Low Risk
2022-01-04,MSFT,Low Risk
2022-01-05,MSFT,Low Risk
2022-01-06,MSFT,Low Risk
2022-01-07,MSFT,Low Risk
2022-01-10,MSFT,Low Risk
2022-01-11,MSFT,Low Risk
2022-01-12,MSFT,Low Risk
2022-01-13,MSFT,Low Risk
2022-01-14,MSFT,Low Risk
2022-01-18,MSFT,High Risk
2022-01-19,MSFT,High Risk
2022-01-20,MSFT,High Risk
2022-01-21,MSFT,High Risk
2022-01-24,MSFT,High Risk
2022-01-25,MSFT,High Risk
2022-01-26,MSFT,High Risk
2022-01-27,MSFT,High Risk
2022-01-28,MSFT,High Risk
2022-01-31,MSFT,High Risk
2022-02-01,MSFT,High Risk
2022-02-02,MSFT,High Risk
2022-02-03,MSFT,High Risk
2022-02-04,MSFT,High Risk
2022-02-07,MSFT,High Risk
2022-02-08,MSFT,High Risk
2022-02-09,MSFT,High Risk
2022-02-10,MSFT,High Risk
2022-02-11,MSFT,High Risk
2022-02-14,MSFT,High Risk
2022-02-15,MSFT,High Risk
2022-02-16,MSFT,High Risk
2022-02-17,MSFT,High Risk
2022-02-18,MSFT,High Risk
2022-02-22,MSFT,High Risk
2022-02-23,MSFT,High Risk
2022-02-24,MSFT,High Risk
2022-02-25,MSFT,High Risk
2022-02-28,MSFT,High Risk
2022-03-01,MSFT,High Risk
2022-03-02,MSFT,High Risk
2022-03-03,MSFT,High Risk
2022-03-04,MSFT,High Risk
2022-03-07,MSFT,High Risk
2022-03-08,MSFT,High Risk
2022-03-09,MSFT,High Risk
2022-03-10,MSFT,High Risk
2022-03-11,MSFT,High Risk
2022-03-14,MSFT,High Risk
2022-03-15,MSFT,High Risk
2022-03-16,MSFT,High Risk
2022-03-17,MSFT,High Risk
2022-03-18,MSFT,High Risk
2022-03-21,MSFT,High Risk
2022-03-22,MSFT,High Risk
2022-03-23,MSFT,High Risk
2022-03-24,MSFT,High Risk
2022-03-25,MSFT,High Risk
2022-03-28,MSFT,High Risk
2022-03-29,MSFT,High Risk
2022-03-30,MSFT,High Risk
2022-03-31,MSFT,High Risk
2022-04-01,MSFT,High Risk
2022-04-04,MSFT,High Risk
2022-04-05,MSFT,High Risk
2022-04-06,MSFT,High Risk
2022-04-07,MSFT,High Risk
2022-04-08,MSFT,High Risk
2022-04-11,MSFT,High Risk
2022-04-12,MSFT,High Risk
2022-04-13,MSFT,High Risk
2022-04-14,MSFT,High Risk
2022-04-18,MSFT,High Risk
2022-04-19,MSFT,High Risk
2022-04-20,MSFT,High Risk
2022-04-21,MSFT,High Risk
2022-04-22,MSFT,High Risk
2022-04-25,MSFT,High Risk
2022-04-26,MSFT,High Risk
2022-04-27,MSFT,High Risk
2022-04-28,MSFT,High Risk
2022-04-29,MSFT,High Risk
2022-05-02,MSFT,High Risk
2022-05-03,MSFT,High Risk
2022-05-04,MSFT,High Risk
2022-05-05,MSFT,High Risk
2022-05-06,MSFT,High Risk
2022-05-09,MSFT,High Risk
2022-05-10,MSFT,High Risk
2022-05-11,MSFT,High Risk
2022-05-12,MSFT,High Risk
2022-05-13,MSFT,High Risk
2022-05-16,MSFT,High Risk
2022-05-17,MSFT,High Risk
2022-05-18,MSFT,High Risk
2022-05-19,MSFT,High Risk
2022-05-20,MSFT,High Risk
2022-05-23,MSFT,High Risk
2022-05-24,MSFT,High Risk
2022-05-25,MSFT,High Risk
2022-05-26,MSFT,High Risk
2022-05-27,MSFT,High Risk
2022-05-31,MSFT,High Risk
2022-06-01,MSFT,High Risk
2022-06-02,MSFT,High Risk
2022-06-03,MSFT,High Risk
2022-06-06,MSFT,High Risk
2022-06-07,MSFT,High Risk
2022-06-08,MSFT,High Risk
2022-06-09,MSFT,High Risk
2022-06-10,MSFT,High Risk
2022-06-13,MSFT,High Risk
2022-06-14,MSFT,High Risk
2022-06-15,MSFT,High Risk
2022-06-16,MSFT,High Risk
2022-06-17,MSFT,High Risk
2022-06-21,MSFT,High Risk
2022-06-22,MSFT,High Risk
2022-06-23,MSFT,High Risk
2022-06-24,MSFT,High Risk
2022-06-27,MSFT,High Risk
2022-06-28,MSFT,High Risk
2022-06-29,MSFT,High Risk
2022-06-30,MSFT,High Risk
2022-07-01,MSFT,High Risk
2022-07-05,MSFT,High Risk
2022-07-06,MSFT,High Risk
2022-07-07,MSFT,High Risk
2022-07-08,MSFT,High Risk
2022-07-11,MSFT,High Risk
2022-07-12,MSFT,High Risk
2022-07-13,MSFT,High Risk
2022-07-14,MSFT,High Risk
2022-07-15,MSFT,High Risk
2022-07-18,MSFT,High Risk
2022-07-19,MSFT,High Risk
2022-07-20,MSFT,High Risk
2022-07-21,MSFT,High Risk
2022-07-22,MSFT,High Risk
2022-07-25,MSFT,High Risk
2022-07-26,MSFT,High Risk
2022-07-27,MSFT,High Risk
2022-07-28,MSFT,High Risk
2022-07-29,MSFT,High Risk
2022-08-01,MSFT,High Risk
2022-08-02,MSFT,High Risk
2022-08-03,MSFT,High Risk
2022-08-04,MSFT,High Risk
2022-08-05,MSFT,High Risk
2022-08-08,MSFT,High Risk
2022-08-09,MSFT,High Risk
2022-08-10,MSFT,High Risk
2022-08-11,MSFT,High Risk
2022-08-12,MSFT,High Risk
2022-08-15,MSFT,High Risk
2022-08-16,MSFT,High Risk
2022-08-17,MSFT,High Risk
2022-08-18,MSFT,High Risk
2022-08-19,MSFT,High Risk
2022-08-22,MSFT,High Risk
2022-08-23,MSFT,High Risk
2022-08-24,MSFT,High Risk
2022-08-25,MSFT,High Risk
2022-08-26,MSFT,High Risk
2022-08-29,MSFT,High Risk
2022-08-30,MSFT,High Risk
2022-08-31,MSFT,High Risk
2022-09-01,MSFT,High Risk
2022-09-02,MSFT,High Risk
2022-09-06,MSFT,High Risk
2022-09-07,MSFT,High Risk
2022-09-08,MSFT,High Risk
2022-09-09,MSFT,High Risk
2022-09-12,MSFT,High Risk
2022-09-13,MSFT,High Risk
2022-09-14,MSFT,High Risk
2022-09-15,MSFT,High Risk
2022-09-16,MSFT,High Risk
2022-09-19,MSFT,High Risk
2022-09-20,MSFT,High Risk
2022-09-21,MSFT,High Risk
2022-09-22,MSFT,High Risk
2022-09-23,MSFT,High Risk
2022-09-26,MSFT,High Risk
2022-09-27,MSFT,High Risk
2022-09-28,MSFT,High Risk
2022-09-29,MSFT,High Risk
2022-09-30,MSFT,High Risk
2022-10-03,MSFT,High Risk
2022-10-04,MSFT,High Risk
2022-10-05,MSFT,High Risk
2022-10-06,MSFT,High Risk
2022-10-07,MSFT,High Risk
2022-10-10,MSFT,High Risk
2022-10-11,MSFT,High Risk
2022-10-12,MSFT,High Risk
2022-10-13,MSFT,High Risk
2022-10-14,MSFT,High Risk
2022-10-17,MSFT,High Risk
2022-10-18,MSFT,High Risk
2022-10-19,MSFT,High Risk
2022-10-20,MSFT,High Risk
2022-10-21,MSFT,High Risk
2022-10-24,MSFT,High Risk
2022-10-25,MSFT,High Risk
2022-10-26,MSFT,High Risk
2022-10-27,MSFT,High Risk
2022-10-28,MSFT,High Risk
2022-10-31,MSFT,High Risk
2022-11-01,MSFT,High Risk
2022-11-02,MSFT,High Risk
2022-11-03,MSFT,High Risk
2022-11-04,MSFT,High Risk
2022-11-07,MSFT,High Risk
2022-11-08,MSFT,High Risk
2022-11-09,MSFT,High Risk
2022-11-10,MSFT,High Risk
2022-11-11,MSFT,High Risk
2022-11-14,MSFT,High Risk
2022-11-15,MSFT,High Risk
2022-11-16,MSFT,High Risk
2022-11-17,MSFT,High Risk
2022-11-18,MSFT,High Risk
2022-11-21,MSFT,High Risk
2022-11-22,MSFT,High Risk
2022-11-23,MSFT,High Risk
2022-11-25,MSFT,High Risk
2022-11-28,MSFT,High Risk
2022-11-29,MSFT,High Risk
2022-11-30,MSFT,High Risk
2022-12-01,MSFT,High Risk
2022-12-02,MSFT,High Risk
2022-12-05,MSFT,High Risk
2022-12-06,MSFT,High Risk
2022-12-07,MSFT,High Risk
2022-12-08,MSFT,High Risk
2022-12-09,MSFT,High Risk
2022-12-12,MSFT,High Risk
2022-12-13,MSFT,High Risk
2022-12-14,MSFT,High Risk
2022-12-15,MSFT,High Risk
2022-12-16,MSFT,High Risk
2022-12-19,MSFT,High Risk
2022-12-20,MSFT,High Risk
2022-12-21,MSFT,High Risk
2022-12-22,MSFT,High Risk
2022-12-23,MSFT,High Risk
2022-12-27,MSFT,High Risk
2022-12-28,MSFT,High Risk
2022-12-29,MSFT,High Risk
2022-12-30,MSFT,High Risk
2023-01-03,MSFT,High Risk
2023-01-04,MSFT,High Risk
2023-01-05,MSFT,High Risk
2023-01-06,MSFT,High Risk
2023-01-09,MSFT,High Risk
2023-01-10,MSFT,High Risk
2023-01-11,MSFT,High Risk
2023-01-12,MSFT,High Risk
2023-01-13,MSFT,High Risk
2023-01-17,MSFT,High Risk
2023-01-18,MSFT,High Risk
2023-01-19,MSFT,High Risk
2023-01-20,MSFT,High Risk
2023-01-23,MSFT,High Risk
2023-01-24,MSFT,High Risk
2023-01-25,MSFT,High Risk
2023-01-26,MSFT,High Risk
2023-01-27,MSFT,High Risk
2023-01-30,MSFT,High Risk
2023-01-31,MSFT,High Risk
2023-02-01,MSFT,High Risk
2023-02-02,MSFT,High Risk
2023-02-03,MSFT,High Risk
2023-02-06,MSFT,High Risk
2023-02-07,MSFT,High Risk
2023-02-08,MSFT,High Risk
2023-02-09,MSFT,High Risk
2023-02-10,MSFT,High Risk
2023-02-13,MSFT,High Risk
2023-02-14,MSFT,High Risk
2023-02-15,MSFT,High Risk
2023-02-16,MSFT,High Risk
2023-02-17,MSFT,High Risk
2023-02-21,MSFT,High Risk
2023-02-22,MSFT,High Risk
2023-02-23,MSFT,High Risk
2023-02-24,MSFT,High Risk
2023-02-27,MSFT,High Risk
2023-02-28,MSFT,High Risk
2023-03-01,MSFT,High Risk
2023-03-02,MSFT,High Risk
2023-03-03,MSFT,High Risk
2023-03-06,MSFT,High Risk
2023-03-07,MSFT,High Risk
2023-03-08,MSFT,High Risk
2023-03-09,MSFT,High Risk
2023-03-10,MSFT,High Risk
2023-03-13,MSFT,High Risk
2023-03-14,MSFT,High Risk
2023-03-15,MSFT,High Risk
2023-03-16,MSFT,High Risk
2023-03-17,MSFT,High Risk
2023-03-20,MSFT,High Risk
2023-03-21,MSFT,High Risk
2023-03-22,MSFT,High Risk
2023-03-23,MSFT,High Risk
2023-03-24,MSFT,High Risk
2023-03-27,MSFT,High Risk
2023-03-28,MSFT,High Risk
2023-03-29,MSFT,High Risk
2023-03-30,MSFT,High Risk
2023-03-31,MSFT,High Risk
2023-04-03,MSFT,High Risk
2023-04-04,MSFT,High Risk
2023-04-05,MSFT,High Risk
2023-04-06,MSFT,High Risk
2023-04-10,MSFT,High Risk
2023-04-11,MSFT,High Risk
2023-04-12,MSFT,High Risk
2023-04-13,MSFT,High Risk
2023-04-14,MSFT,High Risk
2023-04-17,MSFT,High Risk
2023-04-18,MSFT,High Risk
2023-04-19,MSFT,High Risk
2023-04-20,MSFT,High Risk
2023-04-21,MSFT,High Risk
2023-04-24,MSFT,High Risk
2023-04-25,MSFT,High Risk
2023-04-26,MSFT,High Risk
2023-04-27,MSFT,High Risk
2023-04-28,MSFT,High Risk
2023-05-01,MSFT,High Risk
2023-05-02,MSFT,High Risk
2023-05-03,MSFT,High Risk
2023-05-04,MSFT,High Risk
2023-05-05,MSFT,High Risk
2023-05-08,MSFT,High Risk
2023-05-09,MSFT,High Risk
2023-05-10,MSFT,High Risk
2023-05-11,MSFT,High Risk
2023-05-12,MSFT,High Risk
2023-05-15,MSFT,High Risk
2023-05-16,MSFT,High Risk
2023-05-17,MSFT,Low Risk
2023-05-18,MSFT,Low Risk
2023-05-19,MSFT,Low Risk
2023-05-22,MSFT,Low Risk
2023-05-23,MSFT,Low Risk
2023-05-24,MSFT,Low Risk
2023-05-25,MSFT,Low Risk
2023-05-26,MSFT,Low Risk
2023-05-30,MSFT,Low Risk
2023-05-31,MSFT,Low Risk
2023-06-01,MSFT,Low Risk
2023-06-02,MSFT,Low Risk
2023-06-05,MSFT,Low Risk
2023-06-06,MSFT,Low Risk
2023-06-07,MSFT,Low Risk
2023-06-08,MSFT,Low Risk
2023-06-09,MSFT,Low Risk
2023-06-12,MSFT,Low Risk
2023-06-13,MSFT,Low Risk
2023-06-14,MSFT,Low Risk
2023-06-15,MSFT,Low Risk
2023-06-16,MSFT,Low Risk
2023-06-20,MSFT,Low Risk
2023-06-21,MSFT,Low Risk
2023-06-22,MSFT,Low Risk
2023-06-23,MSFT,Low Risk
2023-06-26,MSFT,Low Risk
2023-06-27,MSFT,Low Risk
2023-06-28,MSFT,Low Risk
2023-06-29,MSFT,Low Risk
2023-06-30,MSFT,Low Risk
2023-07-03,MSFT,Low Risk
2023-07-05,MSFT,Low Risk
2023-07-06,MSFT,Low Risk
2023-07-07,MSFT,Low Risk
2023-07-10,MSFT,Low Risk
2023-07-11,MSFT,Low Risk
2023-07-12,MSFT,Low Risk
2023-07-13,MSFT,Low Risk
2023-07-14,MSFT,Low Risk
2023-07-17,MSFT,Low Risk
2023-07-18,MSFT,Low Risk
2023-07-19,MSFT,Low Risk
2023-07-20,MSFT,Low Risk
2023-07-21,MSFT,Low Risk
2023-07-24,MSFT,Low Risk
2023-07-25,MSFT,Low Risk
2023-07-26,MSFT,Low Risk
2023-07-27,MSFT,Low Risk
2023-07-28,MSFT,Low Risk
2023-07-31,MSFT,Low Risk
2023-08-01,MSFT,Low Risk
2023-08-02,MSFT,Low Risk
2023-08-03,MSFT,Low Risk
2023-08-04,MSFT,Low Risk
2023-08-07,MSFT,Low Risk
2023-08-08,MSFT,Low Risk
2023-08-09,MSFT,Low Risk
2023-08-10,MSFT,Low Risk
2023-08-11,MSFT,Low Risk
2023-08-14,MSFT,Low Risk
2023-08-15,MSFT,Low Risk
2023-08-16,MSFT,Low Risk
2023-08-17,MSFT,Low Risk
2023-08-18,MSFT,Low Risk
2023-08-21,MSFT,Low Risk
2023-08-22,MSFT,Low Risk
2023-08-23,MSFT,Low Risk
2023-08-24,MSFT,Low Risk
2023-08-25,MSFT,Low Risk
2023-08-28,MSFT,Low Risk
2023-08-29,MSFT,Low Risk
2023-08-30,MSFT,Low Risk
2023-08-31,MSFT,Low Risk
2023-09-01,MSFT,Low Risk
2023-09-05,MSFT,Low Risk
2023-09-06,MSFT,Low Risk
2023-09-07,MSFT,Low Risk
2023-09-08,MSFT,Low Risk
2023-09-11,MSFT,Low Risk
2023-09-12,MSFT,Low Risk
2023-09-13,MSFT,Low Risk
2023-09-14,MSFT,Low Risk
2023-09-15,MSFT,Low Risk
2023-09-18,MSFT,Low Risk
2023-09-19,MSFT,Low Risk
2023-09-20,MSFT,Low Risk
2023-09-21,MSFT,Low Risk
2023-09-22,MSFT,Low Risk
2023-09-25,MSFT,Low Risk
2023-09-26,MSFT,Low Risk
2023-09-27,MSFT,Low Risk
2023-09-28,MSFT,Low Risk
2023-09-29,MSFT,Low Risk
2023-10-02,MSFT,Low Risk
2023-10-03,MSFT,Low Risk
2023-10-04,MSFT,Low Risk
2023-10-05,MSFT,Low Risk
2023-10-06,MSFT,Low Risk
2023-10-09,MSFT,Low Risk
2023-10-10,MSFT,Low Risk
2023-10-11,MSFT,Low Risk
2023-10-12,MSFT,Low Risk
2023-10-13,MSFT,Low Risk
2023-10-16,MSFT,Low Risk
2023-10-17,MSFT,Low Risk
2023-10-18,MSFT,Low Risk
2023-10-19,MSFT,Low Risk
2023-10-20,MSFT,Low Risk
2023-10-23,MSFT,Low Risk
2023-10-24,MSFT,Low Risk
2023-10-25,MSFT,Low Risk
2023-10-26,MSFT,Low Risk
2023-10-27,MSFT,Low Risk
2023-10-30,MSFT,Low Risk
2023-10-31,MSFT,Low Risk
2023-11-01,MSFT,Low Risk
2023-11-02,MSFT,Low Risk
2023-11-03,MSFT,Low Risk
2023-11-06,MSFT,Low Risk
2023-11-07,MSFT,Low Risk
2023-11-08,MSFT,Low Risk
2023-11-09,MSFT,Low Risk
2023-11-10,MSFT,Low Risk
2023-11-13,MSFT,Low Risk
2023-11-14,MSFT,Low Risk
2023-11-15,MSFT,Low Risk
2023-11-16,MSFT,Low Risk
2023-11-17,MSFT,Low Risk
2023-11-20,MSFT,Low Risk
2023-11-21,MSFT,Low Risk
2023-11-22,MSFT,Low Risk
2023-11-24,MSFT,Low Risk
2023-11-27,MSFT,Low Risk
2023-11-28,MSFT,Low Risk
2023-11-29,MSFT,Low Risk
2023-11-30,MSFT,Low Risk
2023-12-01,MSFT,Low Risk
2023-12-04,MSFT,Low Risk
2023-12-05,MSFT,Low Risk
2023-12-06,MSFT,Low Risk
2023-12-07,MSFT,Low Risk
2023-12-08,MSFT,Low Risk
2023-12-11,MSFT,Low Risk
2023-12-12,MSFT,Low Risk
2023-12-13,MSFT,Low Risk
2023-12-14,MSFT,Low Risk
2023-12-15,MSFT,Low Risk
2023-12-18,MSFT,Low Risk
2023-12-19,MSFT,Low Risk
2023-12-20,MSFT,Low Risk
2023-12-21,MSFT,Low Risk
2023-12-22,MSFT,Low Risk
2023-12-26,MSFT,Low Risk
2023-12-27,MSFT,Low Risk
2023-12-28,MSFT,Low Risk
2023-12-29,MSFT,Low Risk
2024-01-02,MSFT,Low Risk
2024-01-03,MSFT,Low Risk
2024-01-04,MSFT,Low Risk
2024-01-05,MSFT,Low Risk
2024-01-08,MSFT,Low Risk
2024-01-09,MSFT,Low Risk
2024-01-10,MSFT,Low Risk
2024-01-11,MSFT,Low Risk
2024-01-12,MSFT,Low Risk
2024-01-16,MSFT,Low Risk
2024-01-17,MSFT,Low Risk
2024-01-18,MSFT,Low Risk
2024-01-19,MSFT,Low Risk
2024-01-22,MSFT,Low Risk
2024-01-23,MSFT,Low Risk
2024-01-24,MSFT,Low Risk
2024-01-25,MSFT,Low Risk
2024-01-26,MSFT,Low Risk
2024-01-29,MSFT,Low Risk
2024-01-30,MSFT,Low Risk
2024-01-31,MSFT,Low Risk
2024-02-01,MSFT,Low Risk
2024-02-02,MSFT,Low Risk
2024-02-05,MSFT,Low Risk
2024-02-06,MSFT,Low Risk
2024-02-07,MSFT,Low Risk
2024-02-08,MSFT,Low Risk
2024-02-09,MSFT,Low Risk
2024-02-12,MSFT,Low Risk
2024-02-13,MSFT,Low Risk
2024-02-14,MSFT,Low Risk
2024-02-15,MSFT,Low Risk
2024-02-16,MSFT,Low Risk
2024-02-20,MSFT,Low Risk
2024-02-21,MSFT,Low Risk
2024-02-22,MSFT,Low Risk
2024-02-23,MSFT,Low Risk
2024-02-26,MSFT,Low Risk
2024-02-27,MSFT,Low Risk
2024-02-28,MSFT,Low Risk
2024-02-29,MSFT,Low Risk
2024-03-01,MSFT,Low Risk
2024-03-04,MSFT,Low Risk
2024-03-05,MSFT,Low Risk
2024-03-06,MSFT,Low Risk
2024-03-07,MSFT,Low Risk
2024-03-08,MSFT,Low Risk
2024-03-11,MSFT,Low Risk
2024-03-12,MSFT,Low Risk
2024-03-13,MSFT,Low Risk
2024-03-14,MSFT,Low Risk
2024-03-15,MSFT,Low Risk
2024-03-18,MSFT,Low Risk
2024-03-19,MSFT,Low Risk
2024-03-20,MSFT,Low Risk
2024-03-21,MSFT,Low Risk
2024-03-22,MSFT,Low Risk
2024-03-25,MSFT,Low Risk
2024-03-26,MSFT,Low Risk
2024-03-27,MSFT,Low Risk
2024-03-28,MSFT,Low Risk
2024-04-01,MSFT,Low Risk
2024-04-02,MSFT,Low Risk
2024-04-03,MSFT,Low Risk
2024-04-04,MSFT,Low Risk
2024-04-05,MSFT,Low Risk
2024-04-08,MSFT,Low Risk
2024-04-09,MSFT,Low Risk
2024-04-10,MSFT,Low Risk
2024-04-11,MSFT,Low Risk
2024-04-12,MSFT,Low Risk
2024-04-15,MSFT,Low Risk
2024-04-16,MSFT,Low Risk
2024-04-17,MSFT,Low Risk
2024-04-18,MSFT,Low Risk
2024-04-19,MSFT,Low Risk
2024-04-22,MSFT,Low Risk
2024-04-23,MSFT,Low Risk
2024-04-24,MSFT,Low Risk
2024-04-25,MSFT,Low Risk
2024-04-26,MSFT,Low Risk
2024-04-29,MSFT,Low Risk
2024-04-30,MSFT,Low Risk
2024-05-01,MSFT,Low Risk
2024-05-02,MSFT,Low Risk
2024-05-03,MSFT,Low Risk
2024-05-06,MSFT,Low Risk
2024-05-07,MSFT,Low Risk
2024-05-08,MSFT,Low Risk
2024-05-09,MSFT,Low Risk
2024-05-10,MSFT,Low Risk
2024-05-13,MSFT,Low Risk
2024-05-14,MSFT,Low Risk
2024-05-15,MSFT,Low Risk
2024-05-16,MSFT,Low Risk
2024-05-17,MSFT,Low Risk
2024-05-20,MSFT,Low Risk
2024-05-21,MSFT,Low Risk
2024-05-22,MSFT,Low Risk
2024-05-23,MSFT,Low Risk
2024-05-24,MSFT,Low Risk
2024-05-28,MSFT,Low Risk
2024-05-29,MSFT,Low Risk
2024-05-30,MSFT,Low Risk
2024-05-31,MSFT,Low Risk
2024-06-03,MSFT,Low Risk
2024-06-04,MSFT,Low Risk
2024-06-05,MSFT,Low Risk
2024-06-06,MSFT,Low Risk
2024-06-07,MSFT,Low Risk
2024-06-10,MSFT,Low Risk
2024-06-11,MSFT,Low Risk
2024-06-12,MSFT,Low Risk
2024-06-13,MSFT,Low Risk
2024-06-14,MSFT,Low Risk
2024-06-17,MSFT,Low Risk
2024-06-18,MSFT,Low Risk
2024-06-20,MSFT,Low Risk
2024-06-21,MSFT,Low Risk
2024-06-24,MSFT,Low Risk
2024-06-25,MSFT,Low Risk
2024-06-26,MSFT,Low Risk
2024-06-27,MSFT,Low Risk
2024-06-28,MSFT,Low Risk
2024-07-01,MSFT,Low Risk
2024-07-02,MSFT,Low Risk
2024-07-03,MSFT,Low Risk
2024-07-05,MSFT,Low Risk
2024-07-08,MSFT,Low Risk
2024-07-09,MSFT,Low Risk
2024-07-10,MSFT,Low Risk
2024-07-11,MSFT,Low Risk
2024-07-12,MSFT,Low Risk
2024-07-15,MSFT,Low Risk
2024-07-16,MSFT,Low Risk
2024-07-17,MSFT,Low Risk
2024-07-18,MSFT,Low Risk
2024-07-19,MSFT,Low Risk
2024-07-22,MSFT,Low Risk
2024-07-23,MSFT,Low Risk
2024-07-24,MSFT,Low Risk
2024-07-25,MSFT,Low Risk
2024-07-26,MSFT,Low Risk
2024-07-29,MSFT,Low Risk
2024-07-30,MSFT,Low Risk
2024-07-31,MSFT,Low Risk
2024-08-01,MSFT,Low Risk
2024-08-02,MSFT,Low Risk
2024-08-05,MSFT,Low Risk
2024-08-06,MSFT,Low Risk
2024-08-07,MSFT,Low Risk
2024-08-08,MSFT,Low Risk
2024-08-09,MSFT,Low Risk
2024-08-12,MSFT,Low Risk
2024-08-13,MSFT,Low Risk
2024-08-14,MSFT,Low Risk
2024-08-15,MSFT,Low Risk
2024-08-16,MSFT,Low Risk
2024-08-19,MSFT,Low Risk
2024-08-20,MSFT,Low Risk
2024-08-21,MSFT,Low Risk
2024-08-22,MSFT,Low Risk
2024-08-23,MSFT,Low Risk
2024-08-26,MSFT,Low Risk
2024-08-27,MSFT,Low Risk
2024-08-28,MSFT,Low Risk
2024-08-29,MSFT,Low Risk
2024-08-30,MSFT,Low Risk
2024-09-03,MSFT,Low Risk
2024-09-04,MSFT,Low Risk
2024-09-05,MSFT,Low Risk
2024-09-06,MSFT,Low Risk
2024-09-09,MSFT,Low Risk
2024-09-10,MSFT,Low Risk
2024-09-11,MSFT,Low Risk
2024-09-12,MSFT,Low Risk
2024-09-13,MSFT,Low Risk
2024-09-16,MSFT,Low Risk
2024-09-17,MSFT,Low Risk
2024-09-18,MSFT,Low Risk
2024-09-19,MSFT,Low Risk
2024-09-20,MSFT,Low Risk
2024-09-23,MSFT,Low Risk
2024-09-24,MSFT,Low Risk
2024-09-25,MSFT,Low Risk
2024-09-26,MSFT,Low Risk
2024-09-27,MSFT,Low Risk
2024-09-30,MSFT,Low Risk
2024-10-01,MSFT,Low Risk
2024-10-02,MSFT,Low Risk
2024-10-03,MSFT,Low Risk
2024-10-04,MSFT,Low Risk
2024-10-07,MSFT,Low Risk
2024-10-08,MSFT,Low Risk
2024-10-09,MSFT,Low Risk
2024-10-10,MSFT,Low Risk
2024-10-11,MSFT,Low Risk
2024-10-14,MSFT,Low Risk
2024-10-15,MSFT,Low Risk
2024-10-16,MSFT,Low Risk
2024-10-17,MSFT,Low Risk
2024-10-18,MSFT,Low Risk
2024-10-21,MSFT,Low Risk
2024-10-22,MSFT,Low Risk
2024-10-23,MSFT,Low Risk
2024-10-24,MSFT,Low Risk
2024-10-25,MSFT,Low Risk
2024-10-28,MSFT,Low Risk
2024-10-29,MSFT,Low Risk
2024-10-30,MSFT,Low Risk
2024-10-31,MSFT,Low Risk
2024-11-01,MSFT,Low Risk
2024-11-04,MSFT,Low Risk
2024-11-05,MSFT,Low Risk
2024-11-06,MSFT,Low Risk
2024-11-07,MSFT,Low Risk
2024-11-08,MSFT,Low Risk
2024-11-11,MSFT,Low Risk
2024-11-12,MSFT,Low Risk
2024-11-13,MSFT,Low Risk
2024-11-14,MSFT,Low Risk
2024-11-15,MSFT,Low Risk
2024-11-18,MSFT,Low Risk
2024-11-19,MSFT,Low Risk
2024-11-20,MSFT,Low Risk
2024-11-21,MSFT,Low Risk
2024-11-22,MSFT,Low Risk
2024-11-25,MSFT,Low Risk
2024-11-26,MSFT,Low Risk
2024-11-27,MSFT,Low Risk
2024-11-29,MSFT,Low Risk
2024-12-02,MSFT,Low Risk
2024-12-03,MSFT,Low Risk
2024-12-04,MSFT,Low Risk
2024-12-05,MSFT,Low Risk
2024-12-06,MSFT,Low Risk
2024-12-09,MSFT,Low Risk
2024-12-10,MSFT,Low Risk
2024-12-11,MSFT,Low Risk
2024-12-12,MSFT,Low Risk
2024-12-13,MSFT,Low Risk
2024-12-16,MSFT,Low Risk
2024-12-17,MSFT,Low Risk
2024-12-18,MSFT,Low Risk
2024-12-19,MSFT,Low Risk
2024-12-20,MSFT,Low Risk
2024-12-23,MSFT,Low Risk
2024-12-24,MSFT,Low Risk
2024-12-26,MSFT,Low Risk
2024-12-27,MSFT,Low Risk
2024-12-30,MSFT,Low Risk
2024-12-31,MSFT,Low Risk
2025-01-02,MSFT,Low Risk
2025-01-03,MSFT,Low Risk
2025-01-06,MSFT,Low Risk
2025-01-07,MSFT,Low Risk
2025-01-08,MSFT,Low Risk
2025-01-10,MSFT,Low Risk
2025-01-13,MSFT,Low Risk
2025-01-14,MSFT,Low Risk
2025-01-15,MSFT,Low Risk
2025-01-16,MSFT,Low Risk
2025-01-17,MSFT,Low Risk
2025-01-21,MSFT,Low Risk
2025-01-22,MSFT,Low Risk
2025-01-23,MSFT,Low Risk
2025-01-24,MSFT,Low Risk
2025-01-27,MSFT,Low Risk
2025-01-28,MSFT,Low Risk
2025-01-29,MSFT,Low Risk
2025-01-30,MSFT,Low Risk
2025-01-31,MSFT,Low Risk
2025-02-03,MSFT,Low Risk
2025-02-04,MSFT,Low Risk
2025-02-05,MSFT,Low Risk
2025-02-06,MSFT,Low Risk
2025-02-07,MSFT,Low Risk
2025-02-10,MSFT,Low Risk
2025-02-11,MSFT,Low Risk
2025-02-12,MSFT,Low Risk
2025-02-13,MSFT,Low Risk
2025-02-14,MSFT,Low Risk
2025-02-18,MSFT,Low Risk
2025-02-19,MSFT,Low Risk
2025-02-20,MSFT,Low Risk
2025-02-21,MSFT,Low Risk
2025-02-24,MSFT,Low Risk
2025-02-25,MSFT,Low Risk
2025-02-26,MSFT,Low Risk
2025-02-27,MSFT,Low Risk
2025-02-28,MSFT,Low Risk
2025-03-03,MSFT,Low Risk
2025-03-04,MSFT,Low Risk
2025-03-05,MSFT,Low Risk
2025-03-06,MSFT,Low Risk
2025-03-07,MSFT,Low Risk
2025-03-10,MSFT,Low Risk
2025-03-11,MSFT,Low Risk
2025-03-12,MSFT,Low Risk
2025-03-13,MSFT,Low Risk
2025-03-14,MSFT,Low Risk
2025-03-17,MSFT,Low Risk
2025-03-18,MSFT,Low Risk
2025-03-19,MSFT,Low Risk
2025-03-20,MSFT,Low Risk
2025-03-21,MSFT,Low Risk
2025-03-24,MSFT,Low Risk
2025-03-25,MSFT,Low Risk
2025-03-26,MSFT,Low Risk
2025-03-27,MSFT,Low Risk
2025-03-28,MSFT,Low Risk
2025-03-31,MSFT,Low Risk
2025-04-01,MSFT,Low Risk
2025-04-02,MSFT,Low Risk
2025-04-03,MSFT,Low Risk
2025-04-04,MSFT,Low Risk
2025-04-07,MSFT,Low Risk
2025-04-08,MSFT,Low Risk
2025-04-09,MSFT,Low Risk
2025-04-10,MSFT,Low Risk
2025-04-11,MSFT,Low Risk
2025-04-14,MSFT,Low Risk
2025-04-15,MSFT,Low Risk
2025-04-16,MSFT,Low Risk
2025-04-17,MSFT,Low Risk
2025-04-21,MSFT,Low Risk
2025-04-22,MSFT,Low Risk
2025-04-23,MSFT,Low Risk
2025-04-24,MSFT,Low Risk
2025-04-25,MSFT,Low Risk
2025-04-28,MSFT,Low Risk
2025-04-29,MSFT,Low Risk
2025-04-30,MSFT,Low Risk
2025-05-01,MSFT,Low Risk
2025-05-02,MSFT,Low Risk
2025-05-05,MSFT,Low Risk
2025-05-06,MSFT,Low Risk
2025-05-07,MSFT,Low Risk
2025-05-08,MSFT,Low Risk
2025-05-09,MSFT,Low Risk
2022-01-03,NEE,Medium Risk
2022-01-04,NEE,Medium Risk
2022-01-05,NEE,Medium Risk
2022-01-06,NEE,Medium Risk
2022-01-07,NEE,Medium Risk
2022-01-10,NEE,Medium Risk
2022-01-11,NEE,Medium Risk
2022-01-12,NEE,Medium Risk
2022-01-13,NEE,Medium Risk
2022-01-14,NEE,Medium Risk
2022-01-18,NEE,Medium Risk
2022-01-19,NEE,Medium Risk
2022-01-20,NEE,Medium Risk
2022-01-21,NEE,Medium Risk
2022-01-24,NEE,Medium Risk
2022-01-25,NEE,Medium Risk
2022-01-26,NEE,Medium Risk
2022-01-27,NEE,Medium Risk
2022-01-28,NEE,Medium Risk
2022-01-31,NEE,Medium Risk
2022-02-01,NEE,Medium Risk
2022-02-02,NEE,Medium Risk
2022-02-03,NEE,Medium Risk
2022-02-04,NEE,Medium Risk
2022-02-07,NEE,Medium Risk
2022-02-08,NEE,Medium Risk
2022-02-09,NEE,Medium Risk
2022-02-10,NEE,Medium Risk
2022-02-11,NEE,Medium Risk
2022-02-14,NEE,Medium Risk
2022-02-15,NEE,Medium Risk
2022-02-16,NEE,Medium Risk
2022-02-17,NEE,Medium Risk
2022-02-18,NEE,Medium Risk
2022-02-22,NEE,Medium Risk
2022-02-23,NEE,Medium Risk
2022-02-24,NEE,Medium Risk
2022-02-25,NEE,Medium Risk
2022-02-28,NEE,Medium Risk
2022-03-01,NEE,Medium Risk
2022-03-02,NEE,Medium Risk
2022-03-03,NEE,Medium Risk
2022-03-04,NEE,Medium Risk
2022-03-07,NEE,Medium Risk
2022-03-08,NEE,Medium Risk
2022-03-09,NEE,Medium Risk
2022-03-10,NEE,Medium Risk
2022-03-11,NEE,Medium Risk
2022-03-14,NEE,Medium Risk
2022-03-15,NEE,Medium Risk
2022-03-16,NEE,Medium Risk
2022-03-17,NEE,Medium Risk
2022-03-18,NEE,Medium Risk
2022-03-21,NEE,Medium Risk
2022-03-22,NEE,Medium Risk
2022-03-23,NEE,Medium Risk
2022-03-24,NEE,Medium Risk
2022-03-25,NEE,Medium Risk
2022-03-28,NEE,Medium Risk
2022-03-29,NEE,Medium Risk
2022-03-30,NEE,Medium Risk
2022-03-31,NEE,Medium Risk
2022-04-01,NEE,Medium Risk
2022-04-04,NEE,Medium Risk
2022-04-05,NEE,Medium Risk
2022-04-06,NEE,Medium Risk
2022-04-07,NEE,Medium Risk
2022-04-08,NEE,Medium Risk
2022-04-11,NEE,Medium Risk
2022-04-12,NEE,Medium Risk
2022-04-13,NEE,Medium Risk
2022-04-14,NEE,Medium Risk
2022-04-18,NEE,Medium Risk
2022-04-19,NEE,Medium Risk
2022-04-20,NEE,Medium Risk
2022-04-21,NEE,Medium Risk
2022-04-22,NEE,Medium Risk
2022-04-25,NEE,Medium Risk
2022-04-26,NEE,Medium Risk
2022-04-27,NEE,Medium Risk
2022-04-28,NEE,Medium Risk
2022-04-29,NEE,Medium Risk
2022-05-02,NEE,Medium Risk
2022-05-03,NEE,Medium Risk
2022-05-04,NEE,Medium Risk
2022-05-05,NEE,Medium Risk
2022-05-06,NEE,Medium Risk
2022-05-09,NEE,Medium Risk
2022-05-10,NEE,Medium Risk
2022-05-11,NEE,Medium Risk
2022-05-12,NEE,Medium Risk
2022-05-13,NEE,Medium Risk
2022-05-16,NEE,Medium Risk
2022-05-17,NEE,Medium Risk
2022-05-18,NEE,Medium Risk
2022-05-19,NEE,Medium Risk
2022-05-20,NEE,Medium Risk
2022-05-23,NEE,Medium Risk
2022-05-24,NEE,Medium Risk
2022-05-25,NEE,Medium Risk
2022-05-26,NEE,Medium Risk
2022-05-27,NEE,Medium Risk
2022-05-31,NEE,Medium Risk
2022-06-01,NEE,Medium Risk
2022-06-02,NEE,Medium Risk
2022-06-03,NEE,Medium Risk
2022-06-06,NEE,Medium Risk
2022-06-07,NEE,Medium Risk
2022-06-08,NEE,Medium Risk
2022-06-09,NEE,Medium Risk
2022-06-10,NEE,Medium Risk
2022-06-13,NEE,Medium Risk
2022-06-14,NEE,Medium Risk
2022-06-15,NEE,Medium Risk
2022-06-16,NEE,Medium Risk
2022-06-17,NEE,Medium Risk
2022-06-21,NEE,Medium Risk
2022-06-22,NEE,Medium Risk
2022-06-23,NEE,Medium Risk
2022-06-24,NEE,Medium Risk
2022-06-27,NEE,Medium Risk
2022-06-28,NEE,Medium Risk
2022-06-29,NEE,Medium Risk
2022-06-30,NEE,Medium Risk
2022-07-01,NEE,Medium Risk
2022-07-05,NEE,Medium Risk
2022-07-06,NEE,Medium Risk
2022-07-07,NEE,Medium Risk
2022-07-08,NEE,Medium Risk
2022-07-11,NEE,Medium Risk
2022-07-12,NEE,Medium Risk
2022-07-13,NEE,Medium Risk
2022-07-14,NEE,Medium Risk
2022-07-15,NEE,Medium Risk
2022-07-18,NEE,Medium Risk
2022-07-19,NEE,Medium Risk
2022-07-20,NEE,Medium Risk
2022-07-21,NEE,Medium Risk
2022-07-22,NEE,Medium Risk
2022-07-25,NEE,Medium Risk
2022-07-26,NEE,Medium Risk
2022-07-27,NEE,Medium Risk
2022-07-28,NEE,Medium Risk
2022-07-29,NEE,Medium Risk
2022-08-01,NEE,Medium Risk
2022-08-02,NEE,Medium Risk
2022-08-03,NEE,Medium Risk
2022-08-04,NEE,Medium Risk
2022-08-05,NEE,Medium Risk
2022-08-08,NEE,Medium Risk
2022-08-09,NEE,Medium Risk
2022-08-10,NEE,Medium Risk
2022-08-11,NEE,Medium Risk
2022-08-12,NEE,Medium Risk
2022-08-15,NEE,Medium Risk
2022-08-16,NEE,Medium Risk
2022-08-17,NEE,Medium Risk
2022-08-18,NEE,Medium Risk
2022-08-19,NEE,Medium Risk
2022-08-22,NEE,Medium Risk
2022-08-23,NEE,Medium Risk
2022-08-24,NEE,Medium Risk
2022-08-25,NEE,Medium Risk
2022-08-26,NEE,Medium Risk
2022-08-29,NEE,Medium Risk
2022-08-30,NEE,Medium Risk
2022-08-31,NEE,Medium Risk
2022-09-01,NEE,Medium Risk
2022-09-02,NEE,Medium Risk
2022-09-06,NEE,Medium Risk
2022-09-07,NEE,Medium Risk
2022-09-08,NEE,Medium Risk
2022-09-09,NEE,Medium Risk
2022-09-12,NEE,Medium Risk
2022-09-13,NEE,Medium Risk
2022-09-14,NEE,Medium Risk
2022-09-15,NEE,Medium Risk
2022-09-16,NEE,Medium Risk
2022-09-19,NEE,Medium Risk
2022-09-20,NEE,Medium Risk
2022-09-21,NEE,Medium Risk
2022-09-22,NEE,Medium Risk
2022-09-23,NEE,Medium Risk
2022-09-26,NEE,Medium Risk
2022-09-27,NEE,Medium Risk
2022-09-28,NEE,Medium Risk
2022-09-29,NEE,Medium Risk
2022-09-30,NEE,Medium Risk
2022-10-03,NEE,Medium Risk
2022-10-04,NEE,Medium Risk
2022-10-05,NEE,Medium Risk
2022-10-06,NEE,Medium Risk
2022-10-07,NEE,Medium Risk
2022-10-10,NEE,Medium Risk
2022-10-11,NEE,Medium Risk
2022-10-12,NEE,Medium Risk
2022-10-13,NEE,Medium Risk
2022-10-14,NEE,Medium Risk
2022-10-17,NEE,Medium Risk
2022-10-18,NEE,Medium Risk
2022-10-19,NEE,Medium Risk
2022-10-20,NEE,Medium Risk
2022-10-21,NEE,Medium Risk
2022-10-24,NEE,Medium Risk
2022-10-25,NEE,Medium Risk
2022-10-26,NEE,Medium Risk
2022-10-27,NEE,Medium Risk
2022-10-28,NEE,Medium Risk
2022-10-31,NEE,Medium Risk
2022-11-01,NEE,Medium Risk
2022-11-02,NEE,Medium Risk
2022-11-03,NEE,Medium Risk
2022-11-04,NEE,Medium Risk
2022-11-07,NEE,Medium Risk
2022-11-08,NEE,Medium Risk
2022-11-09,NEE,Medium Risk
2022-11-10,NEE,Medium Risk
2022-11-11,NEE,Medium Risk
2022-11-14,NEE,Medium Risk
2022-11-15,NEE,Medium Risk
2022-11-16,NEE,Medium Risk
2022-11-17,NEE,Medium Risk
2022-11-18,NEE,Medium Risk
2022-11-21,NEE,Medium Risk
2022-11-22,NEE,Medium Risk
2022-11-23,NEE,Medium Risk
2022-11-25,NEE,Medium Risk
2022-11-28,NEE,Medium Risk
2022-11-29,NEE,Medium Risk
2022-11-30,NEE,Medium Risk
2022-12-01,NEE,Medium Risk
2022-12-02,NEE,Medium Risk
2022-12-05,NEE,Medium Risk
2022-12-06,NEE,Medium Risk
2022-12-07,NEE,Medium Risk
2022-12-08,NEE,Medium Risk
2022-12-09,NEE,Medium Risk
2022-12-12,NEE,Medium Risk
2022-12-13,NEE,Medium Risk
2022-12-14,NEE,Medium Risk
2022-12-15,NEE,Medium Risk
2022-12-16,NEE,Medium Risk
2022-12-19,NEE,Medium Risk
2022-12-20,NEE,Medium Risk
2022-12-21,NEE,Medium Risk
2022-12-22,NEE,Medium Risk
2022-12-23,NEE,Medium Risk
2022-12-27,NEE,Medium Risk
2022-12-28,NEE,Medium Risk
2022-12-29,NEE,Medium Risk
2022-12-30,NEE,Medium Risk
2023-01-03,NEE,Medium Risk
2023-01-04,NEE,Medium Risk
2023-01-05,NEE,Medium Risk
2023-01-06,NEE,Medium Risk
2023-01-09,NEE,Medium Risk
2023-01-10,NEE,Medium Risk
2023-01-11,NEE,Medium Risk
2023-01-12,NEE,Medium Risk
2023-01-13,NEE,Medium Risk
2023-01-17,NEE,Medium Risk
2023-01-18,NEE,Medium Risk
2023-01-19,NEE,Medium Risk
2023-01-20,NEE,Medium Risk
2023-01-23,NEE,Medium Risk
2023-01-24,NEE,Medium Risk
2023-01-25,NEE,Medium Risk
2023-01-26,NEE,Medium Risk
2023-01-27,NEE,Medium Risk
2023-01-30,NEE,Medium Risk
2023-01-31,NEE,Medium Risk
2023-02-01,NEE,Medium Risk
2023-02-02,NEE,Medium Risk
2023-02-03,NEE,Medium Risk
2023-02-06,NEE,Medium Risk
2023-02-07,NEE,Medium Risk
2023-02-08,NEE,Medium Risk
2023-02-09,NEE,Medium Risk
2023-02-10,NEE,Medium Risk
2023-02-13,NEE,Medium Risk
2023-02-14,NEE,Medium Risk
2023-02-15,NEE,Medium Risk
2023-02-16,NEE,Medium Risk
2023-02-17,NEE,Medium Risk
2023-02-21,NEE,Medium Risk
2023-02-22,NEE,Medium Risk
2023-02-23,NEE,Medium Risk
2023-02-24,NEE,Medium Risk
2023-02-27,NEE,Medium Risk
2023-02-28,NEE,Medium Risk
2023-03-01,NEE,Medium Risk
2023-03-02,NEE,Medium Risk
2023-03-03,NEE,Medium Risk
2023-03-06,NEE,Medium Risk
2023-03-07,NEE,Medium Risk
2023-03-08,NEE,Medium Risk
2023-03-09,NEE,Medium Risk
2023-03-10,NEE,Medium Risk
2023-03-13,NEE,Medium Risk
2023-03-14,NEE,Medium Risk
2023-03-15,NEE,Medium Risk
2023-03-16,NEE,Medium Risk
2023-03-17,NEE,Medium Risk
2023-03-20,NEE,Medium Risk
2023-03-21,NEE,Medium Risk
2023-03-22,NEE,Medium Risk
2023-03-23,NEE,Medium Risk
2023-03-24,NEE,Medium Risk
2023-03-27,NEE,Medium Risk
2023-03-28,NEE,Medium Risk
2023-03-29,NEE,Medium Risk
2023-03-30,NEE,Medium Risk
2023-03-31,NEE,Medium Risk
2023-04-03,NEE,Medium Risk
2023-04-04,NEE,Medium Risk
2023-04-05,NEE,Medium Risk
2023-04-06,NEE,Medium Risk
2023-04-10,NEE,Medium Risk
2023-04-11,NEE,Medium Risk
2023-04-12,NEE,Medium Risk
2023-04-13,NEE,Medium Risk
2023-04-14,NEE,Medium Risk
2023-04-17,NEE,Medium Risk
2023-04-18,NEE,Medium Risk
2023-04-19,NEE,Medium Risk
2023-04-20,NEE,Medium Risk
2023-04-21,NEE,Medium Risk
2023-04-24,NEE,Medium Risk
2023-04-25,NEE,Medium Risk
2023-04-26,NEE,Medium Risk
2023-04-27,NEE,Medium Risk
2023-04-28,NEE,Medium Risk
2023-05-01,NEE,Medium Risk
2023-05-02,NEE,Medium Risk
2023-05-03,NEE,Medium Risk
2023-05-04,NEE,Medium Risk
2023-05-05,NEE,Medium Risk
2023-05-08,NEE,Medium Risk
2023-05-09,NEE,Medium Risk
2023-05-10,NEE,Medium Risk
2023-05-11,NEE,Medium Risk
2023-05-12,NEE,Medium Risk
2023-05-15,NEE,Medium Risk
2023-05-16,NEE,Medium Risk
2023-05-17,NEE,Medium Risk
2023-05-18,NEE,Medium Risk
2023-05-19,NEE,Medium Risk
2023-05-22,NEE,Medium Risk
2023-05-23,NEE,Medium Risk
2023-05-24,NEE,Medium Risk
2023-05-25,NEE,Medium Risk
2023-05-26,NEE,Medium Risk
2023-05-30,NEE,Medium Risk
2023-05-31,NEE,Medium Risk
2023-06-01,NEE,Medium Risk
2023-06-02,NEE,Medium Risk
2023-06-05,NEE,Medium Risk
2023-06-06,NEE,Medium Risk
2023-06-07,NEE,Medium Risk
2023-06-08,NEE,Medium Risk
2023-06-09,NEE,Medium Risk
2023-06-12,NEE,Medium Risk
2023-06-13,NEE,Medium Risk
2023-06-14,NEE,Medium Risk
2023-06-15,NEE,Medium Risk
2023-06-16,NEE,Medium Risk
2023-06-20,NEE,Medium Risk
2023-06-21,NEE,Medium Risk
2023-06-22,NEE,Medium Risk
2023-06-23,NEE,Medium Risk
2023-06-26,NEE,Medium Risk
2023-06-27,NEE,Medium Risk
2023-06-28,NEE,Medium Risk
2023-06-29,NEE,Medium Risk
2023-06-30,NEE,Medium Risk
2023-07-03,NEE,Medium Risk
2023-07-05,NEE,Medium Risk
2023-07-06,NEE,Medium Risk
2023-07-07,NEE,Medium Risk
2023-07-10,NEE,Medium Risk
2023-07-11,NEE,Medium Risk
2023-07-12,NEE,Medium Risk
2023-07-13,NEE,Medium Risk
2023-07-14,NEE,Medium Risk
2023-07-17,NEE,Medium Risk
2023-07-18,NEE,Medium Risk
2023-07-19,NEE,Medium Risk
2023-07-20,NEE,Medium Risk
2023-07-21,NEE,Medium Risk
2023-07-24,NEE,Medium Risk
2023-07-25,NEE,Medium Risk
2023-07-26,NEE,Medium Risk
2023-07-27,NEE,Medium Risk
2023-07-28,NEE,Medium Risk
2023-07-31,NEE,Medium Risk
2023-08-01,NEE,Medium Risk
2023-08-02,NEE,Medium Risk
2023-08-03,NEE,Medium Risk
2023-08-04,NEE,Medium Risk
2023-08-07,NEE,Medium Risk
2023-08-08,NEE,Medium Risk
2023-08-09,NEE,Medium Risk
2023-08-10,NEE,Medium Risk
2023-08-11,NEE,Medium Risk
2023-08-14,NEE,Medium Risk
2023-08-15,NEE,Medium Risk
2023-08-16,NEE,Medium Risk
2023-08-17,NEE,Medium Risk
2023-08-18,NEE,Medium Risk
2023-08-21,NEE,Medium Risk
2023-08-22,NEE,Medium Risk
2023-08-23,NEE,Medium Risk
2023-08-24,NEE,Medium Risk
2023-08-25,NEE,Medium Risk
2023-08-28,NEE,Medium Risk
2023-08-29,NEE,Medium Risk
2023-08-30,NEE,Medium Risk
2023-08-31,NEE,Medium Risk
2023-09-01,NEE,Medium Risk
2023-09-05,NEE,Medium Risk
2023-09-06,NEE,Medium Risk
2023-09-07,NEE,Medium Risk
2023-09-08,NEE,Medium Risk
2023-09-11,NEE,Medium Risk
2023-09-12,NEE,Medium Risk
2023-09-13,NEE,Medium Risk
2023-09-14,NEE,Medium Risk
2023-09-15,NEE,Medium Risk
2023-09-18,NEE,Medium Risk
2023-09-19,NEE,Medium Risk
2023-09-20,NEE,Medium Risk
2023-09-21,NEE,Medium Risk
2023-09-22,NEE,Medium Risk
2023-09-25,NEE,Medium Risk
2023-09-26,NEE,Medium Risk
2023-09-27,NEE,Medium Risk
2023-09-28,NEE,Medium Risk
2023-09-29,NEE,Medium Risk
2023-10-02,NEE,Medium Risk
2023-10-03,NEE,Medium Risk
2023-10-04,NEE,Medium Risk
2023-10-05,NEE,Medium Risk
2023-10-06,NEE,Medium Risk
2023-10-09,NEE,Medium Risk
2023-10-10,NEE,Medium Risk
2023-10-11,NEE,Medium Risk
2023-10-12,NEE,Medium Risk
2023-10-13,NEE,Medium Risk
2023-10-16,NEE,Medium Risk
2023-10-17,NEE,Medium Risk
2023-10-18,NEE,Medium Risk
2023-10-19,NEE,Medium Risk
2023-10-20,NEE,Medium Risk
2023-10-23,NEE,Medium Risk
2023-10-24,NEE,Medium Risk
2023-10-25,NEE,Medium Risk
2023-10-26,NEE,Medium Risk
2023-10-27,NEE,Medium Risk
2023-10-30,NEE,Medium Risk
2023-10-31,NEE,Medium Risk
2023-11-01,NEE,Medium Risk
2023-11-02,NEE,Medium Risk
2023-11-03,NEE,Medium Risk
2023-11-06,NEE,Medium Risk
2023-11-07,NEE,Medium Risk
2023-11-08,NEE,Medium Risk
2023-11-09,NEE,Medium Risk
2023-11-10,NEE,Medium Risk
2023-11-13,NEE,Medium Risk
2023-11-14,NEE,Medium Risk
2023-11-15,NEE,Medium Risk
2023-11-16,NEE,Medium Risk
2023-11-17,NEE,Medium Risk
2023-11-20,NEE,Medium Risk
2023-11-21,NEE,Medium Risk
2023-11-22,NEE,Medium Risk
2023-11-24,NEE,Medium Risk
2023-11-27,NEE,Medium Risk
2023-11-28,NEE,Medium Risk
2023-11-29,NEE,Medium Risk
2023-11-30,NEE,Medium Risk
2023-12-01,NEE,Medium Risk
2023-12-04,NEE,Medium Risk
2023-12-05,NEE,Medium Risk
2023-12-06,NEE,Medium Risk
2023-12-07,NEE,Medium Risk
2023-12-08,NEE,Medium Risk
2023-12-11,NEE,Medium Risk
2023-12-12,NEE,Medium Risk
2023-12-13,NEE,Medium Risk
2023-12-14,NEE,Medium Risk
2023-12-15,NEE,Medium Risk
2023-12-18,NEE,Medium Risk
2023-12-19,NEE,Medium Risk
2023-12-20,NEE,Medium Risk
2023-12-21,NEE,Medium Risk
2023-12-22,NEE,Medium Risk
2023-12-26,NEE,Medium Risk
2023-12-27,NEE,Medium Risk
2023-12-28,NEE,Medium Risk
2023-12-29,NEE,Medium Risk
2024-01-02,NEE,Medium Risk
2024-01-03,NEE,Medium Risk
2024-01-04,NEE,Medium Risk
2024-01-05,NEE,Medium Risk
2024-01-08,NEE,Medium Risk
2024-01-09,NEE,Medium Risk
2024-01-10,NEE,Medium Risk
2024-01-11,NEE,Medium Risk
2024-01-12,NEE,Medium Risk
2024-01-16,NEE,Medium Risk
2024-01-17,NEE,Medium Risk
2024-01-18,NEE,Medium Risk
2024-01-19,NEE,Medium Risk
2024-01-22,NEE,Medium Risk
2024-01-23,NEE,Medium Risk
2024-01-24,NEE,Medium Risk
2024-01-25,NEE,Medium Risk
2024-01-26,NEE,Medium Risk
2024-01-29,NEE,Medium Risk
2024-01-30,NEE,Medium Risk
2024-01-31,NEE,Medium Risk
2024-02-01,NEE,Medium Risk
2024-02-02,NEE,Medium Risk
2024-02-05,NEE,Medium Risk
2024-02-06,NEE,Medium Risk
2024-02-07,NEE,Medium Risk
2024-02-08,NEE,Medium Risk
2024-02-09,NEE,Medium Risk
2024-02-12,NEE,Medium Risk
2024-02-13,NEE,Medium Risk
2024-02-14,NEE,Medium Risk
2024-02-15,NEE,Medium Risk
2024-02-16,NEE,Medium Risk
2024-02-20,NEE,Medium Risk
2024-02-21,NEE,Medium Risk
2024-02-22,NEE,Medium Risk
2024-02-23,NEE,Medium Risk
2024-02-26,NEE,Medium Risk
2024-02-27,NEE,Medium Risk
2024-02-28,NEE,Medium Risk
2024-02-29,NEE,Medium Risk
2024-03-01,NEE,Medium Risk
2024-03-04,NEE,Medium Risk
2024-03-05,NEE,Medium Risk
2024-03-06,NEE,Medium Risk
2024-03-07,NEE,Medium Risk
2024-03-08,NEE,Medium Risk
2024-03-11,NEE,Medium Risk
2024-03-12,NEE,Medium Risk
2024-03-13,NEE,Medium Risk
2024-03-14,NEE,Medium Risk
2024-03-15,NEE,Medium Risk
2024-03-18,NEE,Medium Risk
2024-03-19,NEE,Medium Risk
2024-03-20,NEE,Medium Risk
2024-03-21,NEE,Medium Risk
2024-03-22,NEE,Medium Risk
2024-03-25,NEE,Medium Risk
2024-03-26,NEE,Medium Risk
2024-03-27,NEE,Medium Risk
2024-03-28,NEE,Medium Risk
2024-04-01,NEE,Medium Risk
2024-04-02,NEE,Medium Risk
2024-04-03,NEE,Medium Risk
2024-04-04,NEE,Medium Risk
2024-04-05,NEE,Medium Risk
2024-04-08,NEE,Medium Risk
2024-04-09,NEE,Medium Risk
2024-04-10,NEE,Medium Risk
2024-04-11,NEE,Medium Risk
2024-04-12,NEE,Medium Risk
2024-04-15,NEE,Medium Risk
2024-04-16,NEE,Medium Risk
2024-04-17,NEE,Medium Risk
2024-04-18,NEE,Medium Risk
2024-04-19,NEE,Medium Risk
2024-04-22,NEE,Medium Risk
2024-04-23,NEE,Medium Risk
2024-04-24,NEE,Medium Risk
2024-04-25,NEE,Medium Risk
2024-04-26,NEE,Medium Risk
2024-04-29,NEE,Medium Risk
2024-04-30,NEE,Medium Risk
2024-05-01,NEE,Medium Risk
2024-05-02,NEE,Medium Risk
2024-05-03,NEE,Medium Risk
2024-05-06,NEE,Medium Risk
2024-05-07,NEE,Medium Risk
2024-05-08,NEE,Medium Risk
2024-05-09,NEE,Medium Risk
2024-05-10,NEE,Medium Risk
2024-05-13,NEE,Medium Risk
2024-05-14,NEE,Medium Risk
2024-05-15,NEE,Medium Risk
2024-05-16,NEE,Medium Risk
2024-05-17,NEE,Medium Risk
2024-05-20,NEE,Medium Risk
2024-05-21,NEE,Medium Risk
2024-05-22,NEE,Medium Risk
2024-05-23,NEE,Medium Risk
2024-05-24,NEE,Medium Risk
2024-05-28,NEE,Medium Risk
2024-05-29,NEE,Medium Risk
2024-05-30,NEE,Medium Risk
2024-05-31,NEE,Medium Risk
2024-06-03,NEE,Medium Risk
2024-06-04,NEE,Medium Risk
2024-06-05,NEE,Medium Risk
2024-06-06,NEE,Medium Risk
2024-06-07,NEE,Medium Risk
2024-06-10,NEE,Medium Risk
2024-06-11,NEE,Medium Risk
2024-06-12,NEE,Medium Risk
2024-06-13,NEE,Medium Risk
2024-06-14,NEE,Medium Risk
2024-06-17,NEE,Medium Risk
2024-06-18,NEE,Medium Risk
2024-06-20,NEE,Medium Risk
2024-06-21,NEE,Medium Risk
2024-06-24,NEE,Medium Risk
2024-06-25,NEE,Medium Risk
2024-06-26,NEE,Medium Risk
2024-06-27,NEE,Medium Risk
2024-06-28,NEE,Medium Risk
2024-07-01,NEE,Medium Risk
2024-07-02,NEE,Medium Risk
2024-07-03,NEE,Medium Risk
2024-07-05,NEE,Medium Risk
2024-07-08,NEE,Medium Risk
2024-07-09,NEE,Medium Risk
2024-07-10,NEE,Medium Risk
2024-07-11,NEE,Medium Risk
2024-07-12,NEE,Medium Risk
2024-07-15,NEE,Medium Risk
2024-07-16,NEE,Medium Risk
2024-07-17,NEE,Medium Risk
2024-07-18,NEE,Medium Risk
2024-07-19,NEE,Medium Risk
2024-07-22,NEE,Medium Risk
2024-07-23,NEE,Medium Risk
2024-07-24,NEE,Medium Risk
2024-07-25,NEE,Medium Risk
2024-07-26,NEE,Medium Risk
2024-07-29,NEE,Medium Risk
2024-07-30,NEE,Medium Risk
2024-07-31,NEE,Medium Risk
2024-08-01,NEE,Medium Risk
2024-08-02,NEE,Medium Risk
2024-08-05,NEE,Medium Risk
2024-08-06,NEE,Medium Risk
2024-08-07,NEE,Medium Risk
2024-08-08,NEE,Medium Risk
2024-08-09,NEE,Medium Risk
2024-08-12,NEE,Medium Risk
2024-08-13,NEE,Medium Risk
2024-08-14,NEE,Medium Risk
2024-08-15,NEE,Medium Risk
2024-08-16,NEE,Medium Risk
2024-08-19,NEE,Medium Risk
2024-08-20,NEE,Medium Risk
2024-08-21,NEE,Medium Risk
2024-08-22,NEE,Medium Risk
2024-08-23,NEE,Medium Risk
2024-08-26,NEE,Medium Risk
2024-08-27,NEE,Medium Risk
2024-08-28,NEE,Medium Risk
2024-08-29,NEE,Medium Risk
2024-08-30,NEE,Medium Risk
2024-09-03,NEE,Medium Risk
2024-09-04,NEE,Medium Risk
2024-09-05,NEE,Medium Risk
2024-09-06,NEE,Medium Risk
2024-09-09,NEE,Medium Risk
2024-09-10,NEE,Medium Risk
2024-09-11,NEE,Medium Risk
2024-09-12,NEE,Medium Risk
2024-09-13,NEE,Medium Risk
2024-09-16,NEE,Medium Risk
2024-09-17,NEE,Medium Risk
2024-09-18,NEE,Medium Risk
2024-09-19,NEE,Medium Risk
2024-09-20,NEE,Medium Risk
2024-09-23,NEE,Medium Risk
2024-09-24,NEE,Medium Risk
2024-09-25,NEE,Medium Risk
2024-09-26,NEE,Medium Risk
2024-09-27,NEE,Medium Risk
2024-09-30,NEE,Medium Risk
2024-10-01,NEE,Medium Risk
2024-10-02,NEE,Medium Risk
2024-10-03,NEE,Medium Risk
2024-10-04,NEE,Medium Risk
2024-10-07,NEE,Medium Risk
2024-10-08,NEE,Medium Risk
2024-10-09,NEE,Medium Risk
2024-10-10,NEE,Medium Risk
2024-10-11,NEE,Medium Risk
2024-10-14,NEE,Medium Risk
2024-10-15,NEE,Medium Risk
2024-10-16,NEE,Medium Risk
2024-10-17,NEE,Medium Risk
2024-10-18,NEE,Medium Risk
2024-10-21,NEE,Medium Risk
2024-10-22,NEE,Medium Risk
2024-10-23,NEE,Medium Risk
2024-10-24,NEE,Medium Risk
2024-10-25,NEE,Medium Risk
2024-10-28,NEE,Medium Risk
2024-10-29,NEE,Medium Risk
2024-10-30,NEE,Medium Risk
2024-10-31,NEE,Medium Risk
2024-11-01,NEE,Medium Risk
2024-11-04,NEE,Medium Risk
2024-11-05,NEE,Medium Risk
2024-11-06,NEE,Medium Risk
2024-11-07,NEE,Medium Risk
2024-11-08,NEE,Medium Risk
2024-11-11,NEE,Medium Risk
2024-11-12,NEE,Medium Risk
2024-11-13,NEE,Medium Risk
2024-11-14,NEE,Medium Risk
2024-11-15,NEE,Medium Risk
2024-11-18,NEE,Medium Risk
2024-11-19,NEE,Medium Risk
2024-11-20,NEE,Medium Risk
2024-11-21,NEE,Medium Risk
2024-11-22,NEE,Medium Risk
2024-11-25,NEE,Medium Risk
2024-11-26,NEE,Medium Risk
2024-11-27,NEE,Medium Risk
2024-11-29,NEE,Medium Risk
2024-12-02,NEE,Medium Risk
2024-12-03,NEE,Medium Risk
2024-12-04,NEE,Medium Risk
2024-12-05,NEE,Medium Risk
2024-12-06,NEE,Medium Risk
2024-12-09,NEE,Medium Risk
2024-12-10,NEE,Medium Risk
2024-12-11,NEE,Medium Risk
2024-12-12,NEE,Medium Risk
2024-12-13,NEE,Medium Risk
2024-12-16,NEE,Medium Risk
2024-12-17,NEE,Medium Risk
2024-12-18,NEE,Medium Risk
2024-12-19,NEE,Medium Risk
2024-12-20,NEE,Medium Risk
2024-12-23,NEE,Medium Risk
2024-12-24,NEE,Medium Risk
2024-12-26,NEE,Medium Risk
2024-12-27,NEE,Medium Risk
2024-12-30,NEE,Medium Risk
2024-12-31,NEE,Medium Risk
2025-01-02,NEE,Medium Risk
2025-01-03,NEE,Medium Risk
2025-01-06,NEE,Medium Risk
2025-01-07,NEE,Medium Risk
2025-01-08,NEE,Medium Risk
2025-01-10,NEE,Medium Risk
2025-01-13,NEE,Medium Risk
2025-01-14,NEE,Medium Risk
2025-01-15,NEE,Medium Risk
2025-01-16,NEE,Medium Risk
2025-01-17,NEE,Medium Risk
2025-01-21,NEE,Medium Risk
2025-01-22,NEE,Medium Risk
2025-01-23,NEE,Medium Risk
2025-01-24,NEE,Medium Risk
2025-01-27,NEE,Medium Risk
2025-01-28,NEE,Medium Risk
2025-01-29,NEE,Medium Risk
2025-01-30,NEE,Medium Risk
2025-01-31,NEE,Medium Risk
2025-02-03,NEE,Medium Risk
2025-02-04,NEE,Medium Risk
2025-02-05,NEE,Medium Risk
2025-02-06,NEE,Medium Risk
2025-02-07,NEE,Medium Risk
2025-02-10,NEE,Medium Risk
2025-02-11,NEE,Medium Risk
2025-02-12,NEE,Medium Risk
2025-02-13,NEE,Medium Risk
2025-02-14,NEE,Medium Risk
2025-02-18,NEE,Medium Risk
2025-02-19,NEE,Medium Risk
2025-02-20,NEE,Medium Risk
2025-02-21,NEE,Medium Risk
2025-02-24,NEE,Medium Risk
2025-02-25,NEE,Medium Risk
2025-02-26,NEE,Medium Risk
2025-02-27,NEE,Medium Risk
2025-02-28,NEE,Medium Risk
2025-03-03,NEE,Medium Risk
2025-03-04,NEE,Medium Risk
2025-03-05,NEE,Medium Risk
2025-03-06,NEE,Medium Risk
2025-03-07,NEE,Medium Risk
2025-03-10,NEE,Medium Risk
2025-03-11,NEE,Medium Risk
2025-03-12,NEE,Medium Risk
2025-03-13,NEE,Medium Risk
2025-03-14,NEE,Medium Risk
2025-03-17,NEE,Medium Risk
2025-03-18,NEE,Medium Risk
2025-03-19,NEE,Medium Risk
2025-03-20,NEE,Medium Risk
2025-03-21,NEE,Medium Risk
2025-03-24,NEE,Medium Risk
2025-03-25,NEE,Medium Risk
2025-03-26,NEE,Medium Risk
2025-03-27,NEE,Medium Risk
2025-03-28,NEE,Medium Risk
2025-03-31,NEE,Medium Risk
2025-04-01,NEE,Medium Risk
2025-04-02,NEE,Medium Risk
2025-04-03,NEE,Medium Risk
2025-04-04,NEE,Medium Risk
2025-04-07,NEE,Medium Risk
2025-04-08,NEE,Medium Risk
2025-04-09,NEE,Medium Risk
2025-04-10,NEE,Medium Risk
2025-04-11,NEE,Medium Risk
2025-04-14,NEE,Medium Risk
2025-04-15,NEE,Medium Risk
2025-04-16,NEE,Medium Risk
2025-04-17,NEE,Medium Risk
2025-04-21,NEE,Medium Risk
2025-04-22,NEE,Medium Risk
2025-04-23,NEE,Medium Risk
2025-04-24,NEE,Medium Risk
2025-04-25,NEE,Medium Risk
2025-04-28,NEE,Medium Risk
2025-04-29,NEE,Medium Risk
2025-04-30,NEE,Medium Risk
2025-05-01,NEE,Medium Risk
2025-05-02,NEE,Medium Risk
2025-05-05,NEE,Medium Risk
2025-05-06,NEE,Medium Risk
2025-05-07,NEE,Medium Risk
2025-05-08,NEE,Medium Risk
2025-05-09,NEE,Medium Risk
2022-01-03,NFLX,Low Risk
2022-01-04,NFLX,Low Risk
2022-01-05,NFLX,Low Risk
2022-01-06,NFLX,Low Risk
2022-01-07,NFLX,Low Risk
2022-01-10,NFLX,Low Risk
2022-01-11,NFLX,Low Risk
2022-01-12,NFLX,Low Risk
2022-01-13,NFLX,Low Risk
2022-01-14,NFLX,Low Risk
2022-01-18,NFLX,Low Risk
2022-01-19,NFLX,Low Risk
2022-01-20,NFLX,Low Risk
2022-01-21,NFLX,Low Risk
2022-01-24,NFLX,Low Risk
2022-01-25,NFLX,Low Risk
2022-01-26,NFLX,Low Risk
2022-01-27,NFLX,Low Risk
2022-01-28,NFLX,Low Risk
2022-01-31,NFLX,Low Risk
2022-02-01,NFLX,Low Risk
2022-02-02,NFLX,Low Risk
2022-02-03,NFLX,Low Risk
2022-02-04,NFLX,Low Risk
2022-02-07,NFLX,Low Risk
2022-02-08,NFLX,Low Risk
2022-02-09,NFLX,Low Risk
2022-02-10,NFLX,Low Risk
2022-02-11,NFLX,Low Risk
2022-02-14,NFLX,Low Risk
2022-02-15,NFLX,Low Risk
2022-02-16,NFLX,Low Risk
2022-02-17,NFLX,Low Risk
2022-02-18,NFLX,Low Risk
2022-02-22,NFLX,Low Risk
2022-02-23,NFLX,Low Risk
2022-02-24,NFLX,Low Risk
2022-02-25,NFLX,Low Risk
2022-02-28,NFLX,Low Risk
2022-03-01,NFLX,Low Risk
2022-03-02,NFLX,Low Risk
2022-03-03,NFLX,Low Risk
2022-03-04,NFLX,Low Risk
2022-03-07,NFLX,Low Risk
2022-03-08,NFLX,Low Risk
2022-03-09,NFLX,Low Risk
2022-03-10,NFLX,Low Risk
2022-03-11,NFLX,Low Risk
2022-03-14,NFLX,Low Risk
2022-03-15,NFLX,Low Risk
2022-03-16,NFLX,Low Risk
2022-03-17,NFLX,Low Risk
2022-03-18,NFLX,Low Risk
2022-03-21,NFLX,Low Risk
2022-03-22,NFLX,Low Risk
2022-03-23,NFLX,Low Risk
2022-03-24,NFLX,Low Risk
2022-03-25,NFLX,Low Risk
2022-03-28,NFLX,Low Risk
2022-03-29,NFLX,Low Risk
2022-03-30,NFLX,Low Risk
2022-03-31,NFLX,Low Risk
2022-04-01,NFLX,Low Risk
2022-04-04,NFLX,Low Risk
2022-04-05,NFLX,Low Risk
2022-04-06,NFLX,Low Risk
2022-04-07,NFLX,Low Risk
2022-04-08,NFLX,Low Risk
2022-04-11,NFLX,Low Risk
2022-04-12,NFLX,Low Risk
2022-04-13,NFLX,Low Risk
2022-04-14,NFLX,Low Risk
2022-04-18,NFLX,Low Risk
2022-04-19,NFLX,Low Risk
2022-04-20,NFLX,Low Risk
2022-04-21,NFLX,High Risk
2022-04-22,NFLX,High Risk
2022-04-25,NFLX,High Risk
2022-04-26,NFLX,High Risk
2022-04-27,NFLX,High Risk
2022-04-28,NFLX,High Risk
2022-04-29,NFLX,High Risk
2022-05-02,NFLX,High Risk
2022-05-03,NFLX,High Risk
2022-05-04,NFLX,High Risk
2022-05-05,NFLX,High Risk
2022-05-06,NFLX,High Risk
2022-05-09,NFLX,High Risk
2022-05-10,NFLX,High Risk
2022-05-11,NFLX,High Risk
2022-05-12,NFLX,High Risk
2022-05-13,NFLX,High Risk
2022-05-16,NFLX,High Risk
2022-05-17,NFLX,High Risk
2022-05-18,NFLX,High Risk
2022-05-19,NFLX,High Risk
2022-05-20,NFLX,High Risk
2022-05-23,NFLX,High Risk
2022-05-24,NFLX,High Risk
2022-05-25,NFLX,High Risk
2022-05-26,NFLX,High Risk
2022-05-27,NFLX,High Risk
2022-05-31,NFLX,High Risk
2022-06-01,NFLX,High Risk
2022-06-02,NFLX,High Risk
2022-06-03,NFLX,High Risk
2022-06-06,NFLX,High Risk
2022-06-07,NFLX,High Risk
2022-06-08,NFLX,High Risk
2022-06-09,NFLX,High Risk
2022-06-10,NFLX,High Risk
2022-06-13,NFLX,High Risk
2022-06-14,NFLX,High Risk
2022-06-15,NFLX,High Risk
2022-06-16,NFLX,High Risk
2022-06-17,NFLX,High Risk
2022-06-21,NFLX,High Risk
2022-06-22,NFLX,High Risk
2022-06-23,NFLX,High Risk
2022-06-24,NFLX,High Risk
2022-06-27,NFLX,High Risk
2022-06-28,NFLX,High Risk
2022-06-29,NFLX,High Risk
2022-06-30,NFLX,High Risk
2022-07-01,NFLX,High Risk
2022-07-05,NFLX,High Risk
2022-07-06,NFLX,High Risk
2022-07-07,NFLX,High Risk
2022-07-08,NFLX,High Risk
2022-07-11,NFLX,High Risk
2022-07-12,NFLX,High Risk
2022-07-13,NFLX,High Risk
2022-07-14,NFLX,High Risk
2022-07-15,NFLX,High Risk
2022-07-18,NFLX,High Risk
2022-07-19,NFLX,High Risk
2022-07-20,NFLX,High Risk
2022-07-21,NFLX,High Risk
2022-07-22,NFLX,High Risk
2022-07-25,NFLX,High Risk
2022-07-26,NFLX,High Risk
2022-07-27,NFLX,High Risk
2022-07-28,NFLX,High Risk
2022-07-29,NFLX,High Risk
2022-08-01,NFLX,High Risk
2022-08-02,NFLX,High Risk
2022-08-03,NFLX,High Risk
2022-08-04,NFLX,High Risk
2022-08-05,NFLX,High Risk
2022-08-08,NFLX,High Risk
2022-08-09,NFLX,High Risk
2022-08-10,NFLX,High Risk
2022-08-11,NFLX,High Risk
2022-08-12,NFLX,High Risk
2022-08-15,NFLX,High Risk
2022-08-16,NFLX,High Risk
2022-08-17,NFLX,High Risk
2022-08-18,NFLX,High Risk
2022-08-19,NFLX,High Risk
2022-08-22,NFLX,High Risk
2022-08-23,NFLX,High Risk
2022-08-24,NFLX,High Risk
2022-08-25,NFLX,High Risk
2022-08-26,NFLX,High Risk
2022-08-29,NFLX,High Risk
2022-08-30,NFLX,High Risk
2022-08-31,NFLX,High Risk
2022-09-01,NFLX,High Risk
2022-09-02,NFLX,High Risk
2022-09-06,NFLX,High Risk
2022-09-07,NFLX,High Risk
2022-09-08,NFLX,High Risk
2022-09-09,NFLX,High Risk
2022-09-12,NFLX,High Risk
2022-09-13,NFLX,High Risk
2022-09-14,NFLX,High Risk
2022-09-15,NFLX,High Risk
2022-09-16,NFLX,High Risk
2022-09-19,NFLX,High Risk
2022-09-20,NFLX,High Risk
2022-09-21,NFLX,High Risk
2022-09-22,NFLX,High Risk
2022-09-23,NFLX,High Risk
2022-09-26,NFLX,High Risk
2022-09-27,NFLX,High Risk
2022-09-28,NFLX,High Risk
2022-09-29,NFLX,High Risk
2022-09-30,NFLX,High Risk
2022-10-03,NFLX,High Risk
2022-10-04,NFLX,High Risk
2022-10-05,NFLX,High Risk
2022-10-06,NFLX,High Risk
2022-10-07,NFLX,High Risk
2022-10-10,NFLX,High Risk
2022-10-11,NFLX,High Risk
2022-10-12,NFLX,High Risk
2022-10-13,NFLX,High Risk
2022-10-14,NFLX,High Risk
2022-10-17,NFLX,High Risk
2022-10-18,NFLX,High Risk
2022-10-19,NFLX,High Risk
2022-10-20,NFLX,High Risk
2022-10-21,NFLX,High Risk
2022-10-24,NFLX,High Risk
2022-10-25,NFLX,High Risk
2022-10-26,NFLX,High Risk
2022-10-27,NFLX,High Risk
2022-10-28,NFLX,High Risk
2022-10-31,NFLX,High Risk
2022-11-01,NFLX,High Risk
2022-11-02,NFLX,High Risk
2022-11-03,NFLX,High Risk
2022-11-04,NFLX,High Risk
2022-11-07,NFLX,High Risk
2022-11-08,NFLX,High Risk
2022-11-09,NFLX,High Risk
2022-11-10,NFLX,High Risk
2022-11-11,NFLX,High Risk
2022-11-14,NFLX,High Risk
2022-11-15,NFLX,High Risk
2022-11-16,NFLX,High Risk
2022-11-17,NFLX,High Risk
2022-11-18,NFLX,High Risk
2022-11-21,NFLX,High Risk
2022-11-22,NFLX,High Risk
2022-11-23,NFLX,High Risk
2022-11-25,NFLX,High Risk
2022-11-28,NFLX,High Risk
2022-11-29,NFLX,High Risk
2022-11-30,NFLX,High Risk
2022-12-01,NFLX,High Risk
2022-12-02,NFLX,High Risk
2022-12-05,NFLX,Low Risk
2022-12-06,NFLX,Low Risk
2022-12-07,NFLX,Low Risk
2022-12-08,NFLX,Low Risk
2022-12-09,NFLX,Low Risk
2022-12-12,NFLX,Low Risk
2022-12-13,NFLX,Low Risk
2022-12-14,NFLX,Low Risk
2022-12-15,NFLX,Low Risk
2022-12-16,NFLX,Low Risk
2022-12-19,NFLX,High Risk
2022-12-20,NFLX,High Risk
2022-12-21,NFLX,High Risk
2022-12-22,NFLX,High Risk
2022-12-23,NFLX,High Risk
2022-12-27,NFLX,High Risk
2022-12-28,NFLX,High Risk
2022-12-29,NFLX,High Risk
2022-12-30,NFLX,High Risk
2023-01-03,NFLX,High Risk
2023-01-04,NFLX,High Risk
2023-01-05,NFLX,High Risk
2023-01-06,NFLX,High Risk
2023-01-09,NFLX,Low Risk
2023-01-10,NFLX,Low Risk
2023-01-11,NFLX,Low Risk
2023-01-12,NFLX,Low Risk
2023-01-13,NFLX,Low Risk
2023-01-17,NFLX,Low Risk
2023-01-18,NFLX,Low Risk
2023-01-19,NFLX,Low Risk
2023-01-20,NFLX,Low Risk
2023-01-23,NFLX,Low Risk
2023-01-24,NFLX,Low Risk
2023-01-25,NFLX,Low Risk
2023-01-26,NFLX,Low Risk
2023-01-27,NFLX,Low Risk
2023-01-30,NFLX,Low Risk
2023-01-31,NFLX,Low Risk
2023-02-01,NFLX,Low Risk
2023-02-02,NFLX,Low Risk
2023-02-03,NFLX,Low Risk
2023-02-06,NFLX,Low Risk
2023-02-07,NFLX,Low Risk
2023-02-08,NFLX,Low Risk
2023-02-09,NFLX,Low Risk
2023-02-10,NFLX,Low Risk
2023-02-13,NFLX,Low Risk
2023-02-14,NFLX,Low Risk
2023-02-15,NFLX,Low Risk
2023-02-16,NFLX,Low Risk
2023-02-17,NFLX,Low Risk
2023-02-21,NFLX,Low Risk
2023-02-22,NFLX,Low Risk
2023-02-23,NFLX,Low Risk
2023-02-24,NFLX,Low Risk
2023-02-27,NFLX,Low Risk
2023-02-28,NFLX,Low Risk
2023-03-01,NFLX,Low Risk
2023-03-02,NFLX,Low Risk
2023-03-03,NFLX,Low Risk
2023-03-06,NFLX,Low Risk
2023-03-07,NFLX,Low Risk
2023-03-08,NFLX,Low Risk
2023-03-09,NFLX,Low Risk
2023-03-10,NFLX,Low Risk
2023-03-13,NFLX,Low Risk
2023-03-14,NFLX,High Risk
2023-03-15,NFLX,High Risk
2023-03-16,NFLX,High Risk
2023-03-17,NFLX,Low Risk
2023-03-20,NFLX,Low Risk
2023-03-21,NFLX,Low Risk
2023-03-22,NFLX,Low Risk
2023-03-23,NFLX,Low Risk
2023-03-24,NFLX,Low Risk
2023-03-27,NFLX,Low Risk
2023-03-28,NFLX,Low Risk
2023-03-29,NFLX,Low Risk
2023-03-30,NFLX,Low Risk
2023-03-31,NFLX,Low Risk
2023-04-03,NFLX,Low Risk
2023-04-04,NFLX,Low Risk
2023-04-05,NFLX,Low Risk
2023-04-06,NFLX,Low Risk
2023-04-10,NFLX,Low Risk
2023-04-11,NFLX,Low Risk
2023-04-12,NFLX,Low Risk
2023-04-13,NFLX,Low Risk
2023-04-14,NFLX,Low Risk
2023-04-17,NFLX,Low Risk
2023-04-18,NFLX,Low Risk
2023-04-19,NFLX,Low Risk
2023-04-20,NFLX,Low Risk
2023-04-21,NFLX,Low Risk
2023-04-24,NFLX,Low Risk
2023-04-25,NFLX,Low Risk
2023-04-26,NFLX,Low Risk
2023-04-27,NFLX,Low Risk
2023-04-28,NFLX,Low Risk
2023-05-01,NFLX,Low Risk
2023-05-02,NFLX,Low Risk
2023-05-03,NFLX,Low Risk
2023-05-04,NFLX,Low Risk
2023-05-05,NFLX,Low Risk
2023-05-08,NFLX,Low Risk
2023-05-09,NFLX,Low Risk
2023-05-10,NFLX,Low Risk
2023-05-11,NFLX,Low Risk
2023-05-12,NFLX,Low Risk
2023-05-15,NFLX,Low Risk
2023-05-16,NFLX,Low Risk
2023-05-17,NFLX,Low Risk
2023-05-18,NFLX,Low Risk
2023-05-19,NFLX,Low Risk
2023-05-22,NFLX,Low Risk
2023-05-23,NFLX,Low Risk
2023-05-24,NFLX,Low Risk
2023-05-25,NFLX,Low Risk
2023-05-26,NFLX,Low Risk
2023-05-30,NFLX,Low Risk
2023-05-31,NFLX,Low Risk
2023-06-01,NFLX,Low Risk
2023-06-02,NFLX,Low Risk
2023-06-05,NFLX,Low Risk
2023-06-06,NFLX,Low Risk
2023-06-07,NFLX,Low Risk
2023-06-08,NFLX,Low Risk
2023-06-09,NFLX,Low Risk
2023-06-12,NFLX,Low Risk
2023-06-13,NFLX,Low Risk
2023-06-14,NFLX,Low Risk
2023-06-15,NFLX,Low Risk
2023-06-16,NFLX,Low Risk
2023-06-20,NFLX,Low Risk
2023-06-21,NFLX,Low Risk
2023-06-22,NFLX,Low Risk
2023-06-23,NFLX,Low Risk
2023-06-26,NFLX,Low Risk
2023-06-27,NFLX,Low Risk
2023-06-28,NFLX,Low Risk
2023-06-29,NFLX,Low Risk
2023-06-30,NFLX,Low Risk
2023-07-03,NFLX,Low Risk
2023-07-05,NFLX,Low Risk
2023-07-06,NFLX,Low Risk
2023-07-07,NFLX,Low Risk
2023-07-10,NFLX,Low Risk
2023-07-11,NFLX,Low Risk
2023-07-12,NFLX,Low Risk
2023-07-13,NFLX,Low Risk
2023-07-14,NFLX,Low Risk
2023-07-17,NFLX,Low Risk
2023-07-18,NFLX,Low Risk
2023-07-19,NFLX,Low Risk
2023-07-20,NFLX,Low Risk
2023-07-21,NFLX,Low Risk
2023-07-24,NFLX,Low Risk
2023-07-25,NFLX,Low Risk
2023-07-26,NFLX,Low Risk
2023-07-27,NFLX,Low Risk
2023-07-28,NFLX,Low Risk
2023-07-31,NFLX,Low Risk
2023-08-01,NFLX,Low Risk
2023-08-02,NFLX,Low Risk
2023-08-03,NFLX,Low Risk
2023-08-04,NFLX,Low Risk
2023-08-07,NFLX,Low Risk
2023-08-08,NFLX,Low Risk
2023-08-09,NFLX,Low Risk
2023-08-10,NFLX,Low Risk
2023-08-11,NFLX,Low Risk
2023-08-14,NFLX,Low Risk
2023-08-15,NFLX,Low Risk
2023-08-16,NFLX,Low Risk
2023-08-17,NFLX,Low Risk
2023-08-18,NFLX,Low Risk
2023-08-21,NFLX,Low Risk
2023-08-22,NFLX,Low Risk
2023-08-23,NFLX,Low Risk
2023-08-24,NFLX,Low Risk
2023-08-25,NFLX,Low Risk
2023-08-28,NFLX,Low Risk
2023-08-29,NFLX,Low Risk
2023-08-30,NFLX,Low Risk
2023-08-31,NFLX,Low Risk
2023-09-01,NFLX,Low Risk
2023-09-05,NFLX,Low Risk
2023-09-06,NFLX,Low Risk
2023-09-07,NFLX,Low Risk
2023-09-08,NFLX,Low Risk
2023-09-11,NFLX,Low Risk
2023-09-12,NFLX,Low Risk
2023-09-13,NFLX,Low Risk
2023-09-14,NFLX,Low Risk
2023-09-15,NFLX,Low Risk
2023-09-18,NFLX,Low Risk
2023-09-19,NFLX,Low Risk
2023-09-20,NFLX,Low Risk
2023-09-21,NFLX,Low Risk
2023-09-22,NFLX,Low Risk
2023-09-25,NFLX,Low Risk
2023-09-26,NFLX,Low Risk
2023-09-27,NFLX,Low Risk
2023-09-28,NFLX,Low Risk
2023-09-29,NFLX,Low Risk
2023-10-02,NFLX,Low Risk
2023-10-03,NFLX,Low Risk
2023-10-04,NFLX,Low Risk
2023-10-05,NFLX,Low Risk
2023-10-06,NFLX,Low Risk
2023-10-09,NFLX,Low Risk
2023-10-10,NFLX,Low Risk
2023-10-11,NFLX,Low Risk
2023-10-12,NFLX,Low Risk
2023-10-13,NFLX,Low Risk
2023-10-16,NFLX,Low Risk
2023-10-17,NFLX,Low Risk
2023-10-18,NFLX,Low Risk
2023-10-19,NFLX,Low Risk
2023-10-20,NFLX,Low Risk
2023-10-23,NFLX,Low Risk
2023-10-24,NFLX,Low Risk
2023-10-25,NFLX,Low Risk
2023-10-26,NFLX,Low Risk
2023-10-27,NFLX,Low Risk
2023-10-30,NFLX,Low Risk
2023-10-31,NFLX,Low Risk
2023-11-01,NFLX,Low Risk
2023-11-02,NFLX,Low Risk
2023-11-03,NFLX,Low Risk
2023-11-06,NFLX,Low Risk
2023-11-07,NFLX,Low Risk
2023-11-08,NFLX,Low Risk
2023-11-09,NFLX,Low Risk
2023-11-10,NFLX,Low Risk
2023-11-13,NFLX,Low Risk
2023-11-14,NFLX,Low Risk
2023-11-15,NFLX,Low Risk
2023-11-16,NFLX,Low Risk
2023-11-17,NFLX,Low Risk
2023-11-20,NFLX,Low Risk
2023-11-21,NFLX,Low Risk
2023-11-22,NFLX,Low Risk
2023-11-24,NFLX,Low Risk
2023-11-27,NFLX,Low Risk
2023-11-28,NFLX,Low Risk
2023-11-29,NFLX,Low Risk
2023-11-30,NFLX,Low Risk
2023-12-01,NFLX,Low Risk
2023-12-04,NFLX,Low Risk
2023-12-05,NFLX,Low Risk
2023-12-06,NFLX,Low Risk
2023-12-07,NFLX,Low Risk
2023-12-08,NFLX,Low Risk
2023-12-11,NFLX,Low Risk
2023-12-12,NFLX,Low Risk
2023-12-13,NFLX,Low Risk
2023-12-14,NFLX,Low Risk
2023-12-15,NFLX,Low Risk
2023-12-18,NFLX,Low Risk
2023-12-19,NFLX,Low Risk
2023-12-20,NFLX,Low Risk
2023-12-21,NFLX,Low Risk
2023-12-22,NFLX,Low Risk
2023-12-26,NFLX,Low Risk
2023-12-27,NFLX,Low Risk
2023-12-28,NFLX,Low Risk
2023-12-29,NFLX,Low Risk
2024-01-02,NFLX,Low Risk
2024-01-03,NFLX,Low Risk
2024-01-04,NFLX,Low Risk
2024-01-05,NFLX,Low Risk
2024-01-08,NFLX,Low Risk
2024-01-09,NFLX,Low Risk
2024-01-10,NFLX,Low Risk
2024-01-11,NFLX,Low Risk
2024-01-12,NFLX,Low Risk
2024-01-16,NFLX,Low Risk
2024-01-17,NFLX,Low Risk
2024-01-18,NFLX,Low Risk
2024-01-19,NFLX,Low Risk
2024-01-22,NFLX,Low Risk
2024-01-23,NFLX,Low Risk
2024-01-24,NFLX,Low Risk
2024-01-25,NFLX,Low Risk
2024-01-26,NFLX,Low Risk
2024-01-29,NFLX,Low Risk
2024-01-30,NFLX,Low Risk
2024-01-31,NFLX,Low Risk
2024-02-01,NFLX,Low Risk
2024-02-02,NFLX,Low Risk
2024-02-05,NFLX,Low Risk
2024-02-06,NFLX,Low Risk
2024-02-07,NFLX,Low Risk
2024-02-08,NFLX,Low Risk
2024-02-09,NFLX,Low Risk
2024-02-12,NFLX,Low Risk
2024-02-13,NFLX,Low Risk
2024-02-14,NFLX,Low Risk
2024-02-15,NFLX,Low Risk
2024-02-16,NFLX,Low Risk
2024-02-20,NFLX,Low Risk
2024-02-21,NFLX,Low Risk
2024-02-22,NFLX,Low Risk
2024-02-23,NFLX,Low Risk
2024-02-26,NFLX,Low Risk
2024-02-27,NFLX,Low Risk
2024-02-28,NFLX,Low Risk
2024-02-29,NFLX,Low Risk
2024-03-01,NFLX,Low Risk
2024-03-04,NFLX,Low Risk
2024-03-05,NFLX,Low Risk
2024-03-06,NFLX,Low Risk
2024-03-07,NFLX,Low Risk
2024-03-08,NFLX,Low Risk
2024-03-11,NFLX,Low Risk
2024-03-12,NFLX,Low Risk
2024-03-13,NFLX,Low Risk
2024-03-14,NFLX,Low Risk
2024-03-15,NFLX,Low Risk
2024-03-18,NFLX,Low Risk
2024-03-19,NFLX,Low Risk
2024-03-20,NFLX,Low Risk
2024-03-21,NFLX,Low Risk
2024-03-22,NFLX,Low Risk
2024-03-25,NFLX,Low Risk
2024-03-26,NFLX,Low Risk
2024-03-27,NFLX,Low Risk
2024-03-28,NFLX,Low Risk
2024-04-01,NFLX,Low Risk
2024-04-02,NFLX,Low Risk
2024-04-03,NFLX,Low Risk
2024-04-04,NFLX,Low Risk
2024-04-05,NFLX,Low Risk
2024-04-08,NFLX,Low Risk
2024-04-09,NFLX,Low Risk
2024-04-10,NFLX,Low Risk
2024-04-11,NFLX,Low Risk
2024-04-12,NFLX,Low Risk
2024-04-15,NFLX,Low Risk
2024-04-16,NFLX,Low Risk
2024-04-17,NFLX,Low Risk
2024-04-18,NFLX,Low Risk
2024-04-19,NFLX,Low Risk
2024-04-22,NFLX,Low Risk
2024-04-23,NFLX,Low Risk
2024-04-24,NFLX,Low Risk
2024-04-25,NFLX,Low Risk
2024-04-26,NFLX,Low Risk
2024-04-29,NFLX,Low Risk
2024-04-30,NFLX,Low Risk
2024-05-01,NFLX,Low Risk
2024-05-02,NFLX,Low Risk
2024-05-03,NFLX,Low Risk
2024-05-06,NFLX,Low Risk
2024-05-07,NFLX,Low Risk
2024-05-08,NFLX,Low Risk
2024-05-09,NFLX,Low Risk
2024-05-10,NFLX,Low Risk
2024-05-13,NFLX,Low Risk
2024-05-14,NFLX,Low Risk
2024-05-15,NFLX,Low Risk
2024-05-16,NFLX,Low Risk
2024-05-17,NFLX,Low Risk
2024-05-20,NFLX,Low Risk
2024-05-22,NFLX,Low Risk
2024-05-23,NFLX,Low Risk
2024-05-24,NFLX,Low Risk
2024-05-31,NFLX,Low Risk
2024-06-03,NFLX,Low Risk
2024-06-04,NFLX,Low Risk
2024-06-05,NFLX,Low Risk
2024-06-07,NFLX,Low Risk
2024-06-10,NFLX,Low Risk
2024-06-11,NFLX,Low Risk
2024-07-17,NFLX,Low Risk
2024-07-22,NFLX,Low Risk
2024-07-23,NFLX,Low Risk
2024-07-24,NFLX,Low Risk
2024-07-25,NFLX,Low Risk
2024-07-26,NFLX,Low Risk
2024-07-29,NFLX,Low Risk
2024-07-30,NFLX,Low Risk
2024-07-31,NFLX,Low Risk
2024-08-01,NFLX,Low Risk
2024-08-02,NFLX,Low Risk
2024-08-05,NFLX,Low Risk
2024-08-06,NFLX,Low Risk
2024-08-07,NFLX,Low Risk
2024-08-08,NFLX,Low Risk
2024-08-09,NFLX,Low Risk
2024-08-12,NFLX,Low Risk
2024-08-13,NFLX,Low Risk
2022-01-03,NKE,High Risk
2022-01-04,NKE,High Risk
2022-01-05,NKE,High Risk
2022-01-06,NKE,High Risk
2022-01-07,NKE,High Risk
2022-01-10,NKE,High Risk
2022-01-11,NKE,High Risk
2022-01-12,NKE,High Risk
2022-01-13,NKE,High Risk
2022-01-14,NKE,High Risk
2022-01-18,NKE,High Risk
2022-01-19,NKE,High Risk
2022-01-20,NKE,High Risk
2022-01-21,NKE,High Risk
2022-01-24,NKE,High Risk
2022-01-25,NKE,High Risk
2022-01-26,NKE,High Risk
2022-01-27,NKE,High Risk
2022-01-28,NKE,High Risk
2022-01-31,NKE,High Risk
2022-02-01,NKE,High Risk
2022-02-02,NKE,High Risk
2022-02-03,NKE,High Risk
2022-02-04,NKE,High Risk
2022-02-07,NKE,High Risk
2022-02-08,NKE,High Risk
2022-02-09,NKE,High Risk
2022-02-10,NKE,High Risk
2022-02-11,NKE,High Risk
2022-02-14,NKE,High Risk
2022-02-15,NKE,High Risk
2022-02-16,NKE,High Risk
2022-02-17,NKE,High Risk
2022-02-18,NKE,High Risk
2022-02-22,NKE,High Risk
2022-02-23,NKE,High Risk
2022-02-24,NKE,High Risk
2022-02-25,NKE,High Risk
2022-02-28,NKE,High Risk
2022-03-01,NKE,High Risk
2022-03-02,NKE,High Risk
2022-03-03,NKE,High Risk
2022-03-04,NKE,High Risk
2022-03-07,NKE,High Risk
2022-03-08,NKE,Medium Risk
2022-03-09,NKE,Medium Risk
2022-03-10,NKE,Medium Risk
2022-03-11,NKE,Medium Risk
2022-03-14,NKE,Medium Risk
2022-03-15,NKE,Medium Risk
2022-03-16,NKE,Medium Risk
2022-03-17,NKE,Medium Risk
2022-03-18,NKE,Medium Risk
2022-03-21,NKE,Medium Risk
2022-03-22,NKE,Medium Risk
2022-03-23,NKE,Medium Risk
2022-03-24,NKE,High Risk
2022-03-25,NKE,High Risk
2022-03-28,NKE,High Risk
2022-03-29,NKE,High Risk
2022-03-30,NKE,High Risk
2022-03-31,NKE,High Risk
2022-04-01,NKE,High Risk
2022-04-04,NKE,High Risk
2022-04-05,NKE,High Risk
2022-04-06,NKE,High Risk
2022-04-07,NKE,Medium Risk
2022-04-08,NKE,Medium Risk
2022-04-11,NKE,Medium Risk
2022-04-12,NKE,Medium Risk
2022-04-13,NKE,Medium Risk
2022-04-14,NKE,Medium Risk
2022-04-18,NKE,Medium Risk
2022-04-19,NKE,Medium Risk
2022-04-20,NKE,High Risk
2022-04-21,NKE,High Risk
2022-04-22,NKE,High Risk
2022-04-25,NKE,High Risk
2022-04-26,NKE,Medium Risk
2022-04-27,NKE,Medium Risk
2022-04-28,NKE,Medium Risk
2022-04-29,NKE,Medium Risk
2022-05-02,NKE,Medium Risk
2022-05-03,NKE,Medium Risk
2022-05-04,NKE,Medium Risk
2022-05-05,NKE,Medium Risk
2022-05-06,NKE,Medium Risk
2022-05-09,NKE,Medium Risk
2022-05-10,NKE,Medium Risk
2022-05-11,NKE,Medium Risk
2022-05-12,NKE,Medium Risk
2022-05-13,NKE,Medium Risk
2022-05-16,NKE,Medium Risk
2022-05-17,NKE,Medium Risk
2022-05-18,NKE,Medium Risk
2022-05-19,NKE,Medium Risk
2022-05-20,NKE,Medium Risk
2022-05-23,NKE,Medium Risk
2022-05-24,NKE,Medium Risk
2022-05-25,NKE,Medium Risk
2022-05-26,NKE,Medium Risk
2022-05-27,NKE,Medium Risk
2022-05-31,NKE,Medium Risk
2022-06-01,NKE,Medium Risk
2022-06-02,NKE,Medium Risk
2022-06-03,NKE,Medium Risk
2022-06-06,NKE,Medium Risk
2022-06-07,NKE,Medium Risk
2022-06-08,NKE,Medium Risk
2022-06-09,NKE,Medium Risk
2022-06-10,NKE,Medium Risk
2022-06-13,NKE,Medium Risk
2022-06-14,NKE,Medium Risk
2022-06-15,NKE,Medium Risk
2022-06-16,NKE,Medium Risk
2022-06-17,NKE,Medium Risk
2022-06-21,NKE,Medium Risk
2022-06-22,NKE,Medium Risk
2022-06-23,NKE,Medium Risk
2022-06-24,NKE,Medium Risk
2022-06-27,NKE,Medium Risk
2022-06-28,NKE,Medium Risk
2022-06-29,NKE,Medium Risk
2022-06-30,NKE,Medium Risk
2022-07-01,NKE,Medium Risk
2022-07-05,NKE,Medium Risk
2022-07-06,NKE,Medium Risk
2022-07-07,NKE,Medium Risk
2022-07-08,NKE,Medium Risk
2022-07-11,NKE,Medium Risk
2022-07-12,NKE,Medium Risk
2022-07-13,NKE,Medium Risk
2022-07-14,NKE,Medium Risk
2022-07-15,NKE,Medium Risk
2022-07-18,NKE,Medium Risk
2022-07-19,NKE,Medium Risk
2022-07-20,NKE,Medium Risk
2022-07-21,NKE,Medium Risk
2022-07-22,NKE,Medium Risk
2022-07-25,NKE,Medium Risk
2022-07-26,NKE,Medium Risk
2022-07-27,NKE,Medium Risk
2022-07-28,NKE,Medium Risk
2022-07-29,NKE,Medium Risk
2022-08-01,NKE,Medium Risk
2022-08-02,NKE,Medium Risk
2022-08-03,NKE,Medium Risk
2022-08-04,NKE,Medium Risk
2022-08-05,NKE,Medium Risk
2022-08-08,NKE,Medium Risk
2022-08-09,NKE,Medium Risk
2022-08-10,NKE,Medium Risk
2022-08-11,NKE,Medium Risk
2022-08-12,NKE,Medium Risk
2022-08-15,NKE,Medium Risk
2022-08-16,NKE,Medium Risk
2022-08-17,NKE,Medium Risk
2022-08-18,NKE,Medium Risk
2022-08-19,NKE,Medium Risk
2022-08-22,NKE,Medium Risk
2022-08-23,NKE,Medium Risk
2022-08-24,NKE,Medium Risk
2022-08-25,NKE,Medium Risk
2022-08-26,NKE,Medium Risk
2022-08-29,NKE,Medium Risk
2022-08-30,NKE,Medium Risk
2022-08-31,NKE,Medium Risk
2022-09-01,NKE,Medium Risk
2022-09-02,NKE,Medium Risk
2022-09-06,NKE,Medium Risk
2022-09-07,NKE,Medium Risk
2022-09-08,NKE,Medium Risk
2022-09-09,NKE,Medium Risk
2022-09-12,NKE,Medium Risk
2022-09-13,NKE,Medium Risk
2022-09-14,NKE,Medium Risk
2022-09-15,NKE,Medium Risk
2022-09-16,NKE,Medium Risk
2022-09-19,NKE,Medium Risk
2022-09-20,NKE,Medium Risk
2022-09-21,NKE,Medium Risk
2022-09-22,NKE,Medium Risk
2022-09-23,NKE,Medium Risk
2022-09-26,NKE,Medium Risk
2022-09-27,NKE,Medium Risk
2022-09-28,NKE,Medium Risk
2022-09-29,NKE,Medium Risk
2022-09-30,NKE,Medium Risk
2022-10-03,NKE,Medium Risk
2022-10-04,NKE,Medium Risk
2022-10-05,NKE,Medium Risk
2022-10-06,NKE,Medium Risk
2022-10-07,NKE,Medium Risk
2022-10-10,NKE,Medium Risk
2022-10-11,NKE,Medium Risk
2022-10-12,NKE,Medium Risk
2022-10-13,NKE,Medium Risk
2022-10-14,NKE,Medium Risk
2022-10-17,NKE,Medium Risk
2022-10-18,NKE,Medium Risk
2022-10-19,NKE,Medium Risk
2022-10-20,NKE,Medium Risk
2022-10-21,NKE,Medium Risk
2022-10-24,NKE,Medium Risk
2022-10-25,NKE,Medium Risk
2022-10-26,NKE,Medium Risk
2022-10-27,NKE,Medium Risk
2022-10-28,NKE,Medium Risk
2022-10-31,NKE,Medium Risk
2022-11-01,NKE,Medium Risk
2022-11-02,NKE,Medium Risk
2022-11-03,NKE,Medium Risk
2022-11-04,NKE,Medium Risk
2022-11-07,NKE,Medium Risk
2022-11-08,NKE,Medium Risk
2022-11-09,NKE,Medium Risk
2022-11-10,NKE,Medium Risk
2022-11-11,NKE,Medium Risk
2022-11-14,NKE,Medium Risk
2022-11-15,NKE,Medium Risk
2022-11-16,NKE,Medium Risk
2022-11-17,NKE,Medium Risk
2022-11-18,NKE,Medium Risk
2022-11-21,NKE,Medium Risk
2022-11-22,NKE,Medium Risk
2022-11-23,NKE,Medium Risk
2022-11-25,NKE,Medium Risk
2022-11-28,NKE,Medium Risk
2022-11-29,NKE,Medium Risk
2022-11-30,NKE,Medium Risk
2022-12-01,NKE,Medium Risk
2022-12-02,NKE,Medium Risk
2022-12-05,NKE,Medium Risk
2022-12-06,NKE,Medium Risk
2022-12-07,NKE,Medium Risk
2022-12-08,NKE,Medium Risk
2022-12-09,NKE,Medium Risk
2022-12-12,NKE,Medium Risk
2022-12-13,NKE,Medium Risk
2022-12-14,NKE,Medium Risk
2022-12-15,NKE,Medium Risk
2022-12-16,NKE,Medium Risk
2022-12-19,NKE,Medium Risk
2022-12-20,NKE,Medium Risk
2022-12-21,NKE,Medium Risk
2022-12-22,NKE,Medium Risk
2022-12-23,NKE,Medium Risk
2022-12-27,NKE,Medium Risk
2022-12-28,NKE,Medium Risk
2022-12-29,NKE,Medium Risk
2022-12-30,NKE,Medium Risk
2023-01-03,NKE,Medium Risk
2023-01-04,NKE,Medium Risk
2023-01-05,NKE,Medium Risk
2023-01-06,NKE,Medium Risk
2023-01-09,NKE,Medium Risk
2023-01-10,NKE,Medium Risk
2023-01-11,NKE,Medium Risk
2023-01-12,NKE,Medium Risk
2023-01-13,NKE,Medium Risk
2023-01-17,NKE,Medium Risk
2023-01-18,NKE,Medium Risk
2023-01-19,NKE,Medium Risk
2023-01-20,NKE,Medium Risk
2023-01-23,NKE,Medium Risk
2023-01-24,NKE,Medium Risk
2023-01-25,NKE,Medium Risk
2023-01-26,NKE,Medium Risk
2023-01-27,NKE,Medium Risk
2023-01-30,NKE,Medium Risk
2023-01-31,NKE,Medium Risk
2023-02-01,NKE,Medium Risk
2023-02-02,NKE,Medium Risk
2023-02-03,NKE,Medium Risk
2023-02-06,NKE,Medium Risk
2023-02-07,NKE,Medium Risk
2023-02-08,NKE,Medium Risk
2023-02-09,NKE,Medium Risk
2023-02-10,NKE,Medium Risk
2023-02-13,NKE,Medium Risk
2023-02-14,NKE,Medium Risk
2023-02-15,NKE,Medium Risk
2023-02-16,NKE,Medium Risk
2023-02-17,NKE,Medium Risk
2023-02-21,NKE,Medium Risk
2023-02-22,NKE,Medium Risk
2023-02-23,NKE,Medium Risk
2023-02-24,NKE,Medium Risk
2023-02-27,NKE,Medium Risk
2023-02-28,NKE,Medium Risk
2023-03-01,NKE,Medium Risk
2023-03-02,NKE,Medium Risk
2023-03-03,NKE,Medium Risk
2023-03-06,NKE,Medium Risk
2023-03-07,NKE,Medium Risk
2023-03-08,NKE,Medium Risk
2023-03-09,NKE,Medium Risk
2023-03-10,NKE,Medium Risk
2023-03-13,NKE,Medium Risk
2023-03-14,NKE,Medium Risk
2023-03-15,NKE,Medium Risk
2023-03-16,NKE,Medium Risk
2023-03-17,NKE,Medium Risk
2023-03-20,NKE,Medium Risk
2023-03-21,NKE,Medium Risk
2023-03-22,NKE,Medium Risk
2023-03-23,NKE,Medium Risk
2023-03-24,NKE,Medium Risk
2023-03-27,NKE,Medium Risk
2023-03-28,NKE,Medium Risk
2023-03-29,NKE,Medium Risk
2023-03-30,NKE,Medium Risk
2023-03-31,NKE,Medium Risk
2023-04-03,NKE,Medium Risk
2023-04-04,NKE,Medium Risk
2023-04-05,NKE,Medium Risk
2023-04-06,NKE,Medium Risk
2023-04-10,NKE,Medium Risk
2023-04-11,NKE,Medium Risk
2023-04-12,NKE,Medium Risk
2023-04-13,NKE,Medium Risk
2023-04-14,NKE,Medium Risk
2023-04-17,NKE,Medium Risk
2023-04-18,NKE,Medium Risk
2023-04-19,NKE,Medium Risk
2023-04-20,NKE,Medium Risk
2023-04-21,NKE,Medium Risk
2023-04-24,NKE,Medium Risk
2023-04-25,NKE,Medium Risk
2023-04-26,NKE,Medium Risk
2023-04-27,NKE,Medium Risk
2023-04-28,NKE,Medium Risk
2023-05-01,NKE,Medium Risk
2023-05-02,NKE,Medium Risk
2023-05-03,NKE,Medium Risk
2023-05-04,NKE,Medium Risk
2023-05-05,NKE,Medium Risk
2023-05-08,NKE,Medium Risk
2023-05-09,NKE,Medium Risk
2023-05-10,NKE,Medium Risk
2023-05-11,NKE,Medium Risk
2023-05-12,NKE,Medium Risk
2023-05-15,NKE,Medium Risk
2023-05-16,NKE,Medium Risk
2023-05-17,NKE,Medium Risk
2023-05-18,NKE,Medium Risk
2023-05-19,NKE,Medium Risk
2023-05-22,NKE,Medium Risk
2023-05-23,NKE,Medium Risk
2023-05-24,NKE,Medium Risk
2023-05-25,NKE,Medium Risk
2023-05-26,NKE,Medium Risk
2023-05-30,NKE,Medium Risk
2023-05-31,NKE,Medium Risk
2023-06-01,NKE,Medium Risk
2023-06-02,NKE,Medium Risk
2023-06-05,NKE,Medium Risk
2023-06-06,NKE,Medium Risk
2023-06-07,NKE,Medium Risk
2023-06-08,NKE,Medium Risk
2023-06-09,NKE,Medium Risk
2023-06-12,NKE,Medium Risk
2023-06-13,NKE,Medium Risk
2023-06-14,NKE,Medium Risk
2023-06-15,NKE,Medium Risk
2023-06-16,NKE,Medium Risk
2023-06-20,NKE,Medium Risk
2023-06-21,NKE,Medium Risk
2023-06-22,NKE,Medium Risk
2023-06-23,NKE,Medium Risk
2023-06-26,NKE,Medium Risk
2023-06-27,NKE,Medium Risk
2023-06-28,NKE,Medium Risk
2023-06-29,NKE,Medium Risk
2023-06-30,NKE,Medium Risk
2023-07-03,NKE,Medium Risk
2023-07-05,NKE,Medium Risk
2023-07-06,NKE,Medium Risk
2023-07-07,NKE,Medium Risk
2023-07-10,NKE,Medium Risk
2023-07-11,NKE,Medium Risk
2023-07-12,NKE,Medium Risk
2023-07-13,NKE,Medium Risk
2023-07-14,NKE,Medium Risk
2023-07-17,NKE,Medium Risk
2023-07-18,NKE,Medium Risk
2023-07-19,NKE,Medium Risk
2023-07-20,NKE,Medium Risk
2023-07-21,NKE,Medium Risk
2023-07-24,NKE,Medium Risk
2023-07-25,NKE,Medium Risk
2023-07-26,NKE,Medium Risk
2023-07-27,NKE,Medium Risk
2023-07-28,NKE,Medium Risk
2023-07-31,NKE,Medium Risk
2023-08-01,NKE,Medium Risk
2023-08-02,NKE,Medium Risk
2023-08-03,NKE,Medium Risk
2023-08-04,NKE,Medium Risk
2023-08-07,NKE,Medium Risk
2023-08-08,NKE,Medium Risk
2023-08-09,NKE,Medium Risk
2023-08-10,NKE,Medium Risk
2023-08-11,NKE,Medium Risk
2023-08-14,NKE,Medium Risk
2023-08-15,NKE,Medium Risk
2023-08-16,NKE,Medium Risk
2023-08-17,NKE,Medium Risk
2023-08-18,NKE,Medium Risk
2023-08-21,NKE,Medium Risk
2023-08-22,NKE,Medium Risk
2023-08-23,NKE,Medium Risk
2023-08-24,NKE,Medium Risk
2023-08-25,NKE,Medium Risk
2023-08-28,NKE,Medium Risk
2023-08-29,NKE,Medium Risk
2023-08-30,NKE,Medium Risk
2023-08-31,NKE,Medium Risk
2023-09-01,NKE,Medium Risk
2023-09-05,NKE,Medium Risk
2023-09-06,NKE,Medium Risk
2023-09-07,NKE,Medium Risk
2023-09-08,NKE,Medium Risk
2023-09-11,NKE,Medium Risk
2023-09-12,NKE,Medium Risk
2023-09-13,NKE,Medium Risk
2023-09-14,NKE,Medium Risk
2023-09-15,NKE,Medium Risk
2023-09-18,NKE,Medium Risk
2023-09-19,NKE,Medium Risk
2023-09-20,NKE,Medium Risk
2023-09-21,NKE,Medium Risk
2023-09-22,NKE,Medium Risk
2023-09-25,NKE,Medium Risk
2023-09-26,NKE,Medium Risk
2023-09-27,NKE,Medium Risk
2023-09-28,NKE,Medium Risk
2023-09-29,NKE,Medium Risk
2023-10-02,NKE,Medium Risk
2023-10-03,NKE,Medium Risk
2023-10-04,NKE,Medium Risk
2023-10-05,NKE,Medium Risk
2023-10-06,NKE,Medium Risk
2023-10-09,NKE,Medium Risk
2023-10-10,NKE,Medium Risk
2023-10-11,NKE,Medium Risk
2023-10-12,NKE,Medium Risk
2023-10-13,NKE,Medium Risk
2023-10-16,NKE,Medium Risk
2023-10-17,NKE,Medium Risk
2023-10-18,NKE,Medium Risk
2023-10-19,NKE,Medium Risk
2023-10-20,NKE,Medium Risk
2023-10-23,NKE,Medium Risk
2023-10-24,NKE,Medium Risk
2023-10-25,NKE,Medium Risk
2023-10-26,NKE,Medium Risk
2023-10-27,NKE,Medium Risk
2023-10-30,NKE,Medium Risk
2023-10-31,NKE,Medium Risk
2023-11-01,NKE,Medium Risk
2023-11-02,NKE,Medium Risk
2023-11-03,NKE,Medium Risk
2023-11-06,NKE,Medium Risk
2023-11-07,NKE,Medium Risk
2023-11-08,NKE,Medium Risk
2023-11-09,NKE,Medium Risk
2023-11-10,NKE,Medium Risk
2023-11-13,NKE,Medium Risk
2023-11-14,NKE,Medium Risk
2023-11-15,NKE,Medium Risk
2023-11-16,NKE,Medium Risk
2023-11-17,NKE,Medium Risk
2023-11-20,NKE,Medium Risk
2023-11-21,NKE,Medium Risk
2023-11-22,NKE,Medium Risk
2023-11-24,NKE,Medium Risk
2023-11-27,NKE,Medium Risk
2023-11-28,NKE,Medium Risk
2023-11-29,NKE,Medium Risk
2023-11-30,NKE,Medium Risk
2023-12-01,NKE,Medium Risk
2023-12-04,NKE,Medium Risk
2023-12-05,NKE,Medium Risk
2023-12-06,NKE,Medium Risk
2023-12-07,NKE,Medium Risk
2023-12-08,NKE,Medium Risk
2023-12-11,NKE,Medium Risk
2023-12-12,NKE,Medium Risk
2023-12-13,NKE,Medium Risk
2023-12-14,NKE,Medium Risk
2023-12-15,NKE,Medium Risk
2023-12-18,NKE,Medium Risk
2023-12-19,NKE,Medium Risk
2023-12-20,NKE,Medium Risk
2023-12-21,NKE,Medium Risk
2023-12-22,NKE,Medium Risk
2023-12-26,NKE,Medium Risk
2023-12-27,NKE,Medium Risk
2023-12-28,NKE,Medium Risk
2023-12-29,NKE,Medium Risk
2024-01-02,NKE,Medium Risk
2024-01-03,NKE,Medium Risk
2024-01-04,NKE,Medium Risk
2024-01-05,NKE,Medium Risk
2024-01-08,NKE,Medium Risk
2024-01-09,NKE,Medium Risk
2024-01-10,NKE,Medium Risk
2024-01-11,NKE,Medium Risk
2024-01-12,NKE,Medium Risk
2024-01-16,NKE,Medium Risk
2024-01-17,NKE,Medium Risk
2024-01-18,NKE,Medium Risk
2024-01-19,NKE,Medium Risk
2024-01-22,NKE,Medium Risk
2024-01-23,NKE,Medium Risk
2024-01-24,NKE,Medium Risk
2024-01-25,NKE,Medium Risk
2024-01-26,NKE,Medium Risk
2024-01-29,NKE,Medium Risk
2024-01-30,NKE,Medium Risk
2024-01-31,NKE,Medium Risk
2024-02-01,NKE,Medium Risk
2024-02-02,NKE,Medium Risk
2024-02-05,NKE,Medium Risk
2024-02-06,NKE,Medium Risk
2024-02-07,NKE,Medium Risk
2024-02-08,NKE,Medium Risk
2024-02-09,NKE,Medium Risk
2024-02-12,NKE,Medium Risk
2024-02-13,NKE,Medium Risk
2024-02-14,NKE,Medium Risk
2024-02-15,NKE,Medium Risk
2024-02-16,NKE,Medium Risk
2024-02-20,NKE,Medium Risk
2024-02-21,NKE,Medium Risk
2024-02-22,NKE,Medium Risk
2024-02-23,NKE,Medium Risk
2024-02-26,NKE,Medium Risk
2024-02-27,NKE,Medium Risk
2024-02-28,NKE,Medium Risk
2024-02-29,NKE,Medium Risk
2024-03-01,NKE,Medium Risk
2024-03-04,NKE,Medium Risk
2024-03-05,NKE,Medium Risk
2024-03-06,NKE,Medium Risk
2024-03-07,NKE,Medium Risk
2024-03-08,NKE,Medium Risk
2024-03-11,NKE,Medium Risk
2024-03-12,NKE,Medium Risk
2024-03-13,NKE,Medium Risk
2024-03-14,NKE,Medium Risk
2024-03-15,NKE,Medium Risk
2024-03-18,NKE,Medium Risk
2024-03-19,NKE,Medium Risk
2024-03-20,NKE,Medium Risk
2024-03-21,NKE,Medium Risk
2024-03-22,NKE,Medium Risk
2024-03-25,NKE,Medium Risk
2024-03-26,NKE,Medium Risk
2024-03-27,NKE,Medium Risk
2024-03-28,NKE,Medium Risk
2024-04-01,NKE,Medium Risk
2024-04-02,NKE,Medium Risk
2024-04-03,NKE,Medium Risk
2024-04-04,NKE,Medium Risk
2024-04-05,NKE,Medium Risk
2024-04-08,NKE,Medium Risk
2024-04-09,NKE,Medium Risk
2024-04-10,NKE,Medium Risk
2024-04-11,NKE,Medium Risk
2024-04-12,NKE,Medium Risk
2024-04-15,NKE,Medium Risk
2024-04-16,NKE,Medium Risk
2024-04-17,NKE,Medium Risk
2024-04-18,NKE,Medium Risk
2024-04-19,NKE,Medium Risk
2024-04-22,NKE,Medium Risk
2024-04-23,NKE,Medium Risk
2024-04-24,NKE,Medium Risk
2024-04-25,NKE,Medium Risk
2024-04-26,NKE,Medium Risk
2024-04-29,NKE,Medium Risk
2024-04-30,NKE,Medium Risk
2024-05-01,NKE,Medium Risk
2024-05-02,NKE,Medium Risk
2024-05-03,NKE,Medium Risk
2024-05-06,NKE,Medium Risk
2024-05-07,NKE,Medium Risk
2024-05-08,NKE,Medium Risk
2024-05-09,NKE,Medium Risk
2024-05-10,NKE,Medium Risk
2024-05-13,NKE,Medium Risk
2024-05-14,NKE,Medium Risk
2024-05-15,NKE,Medium Risk
2024-05-16,NKE,Medium Risk
2024-05-17,NKE,Medium Risk
2024-05-20,NKE,Medium Risk
2024-05-21,NKE,Medium Risk
2024-05-22,NKE,Medium Risk
2024-05-23,NKE,Medium Risk
2024-05-24,NKE,Medium Risk
2024-05-28,NKE,Medium Risk
2024-05-29,NKE,Medium Risk
2024-05-30,NKE,Medium Risk
2024-05-31,NKE,Medium Risk
2024-06-03,NKE,Medium Risk
2024-06-04,NKE,Medium Risk
2024-06-05,NKE,Medium Risk
2024-06-06,NKE,Medium Risk
2024-06-07,NKE,Medium Risk
2024-06-10,NKE,Medium Risk
2024-06-11,NKE,Medium Risk
2024-06-12,NKE,Medium Risk
2024-06-13,NKE,Medium Risk
2024-06-14,NKE,Medium Risk
2024-06-17,NKE,Medium Risk
2024-06-18,NKE,Medium Risk
2024-06-20,NKE,Medium Risk
2024-06-21,NKE,Medium Risk
2024-06-24,NKE,Medium Risk
2024-06-25,NKE,Medium Risk
2024-06-26,NKE,Medium Risk
2024-06-27,NKE,Medium Risk
2024-06-28,NKE,Medium Risk
2024-07-01,NKE,Medium Risk
2024-07-02,NKE,Medium Risk
2024-07-03,NKE,Medium Risk
2024-07-05,NKE,Medium Risk
2024-07-08,NKE,Medium Risk
2024-07-09,NKE,Medium Risk
2024-07-10,NKE,Medium Risk
2024-07-11,NKE,Medium Risk
2024-07-12,NKE,Medium Risk
2024-07-15,NKE,Medium Risk
2024-07-16,NKE,Medium Risk
2024-07-17,NKE,Medium Risk
2024-07-18,NKE,Medium Risk
2024-07-19,NKE,Medium Risk
2024-07-22,NKE,Medium Risk
2024-07-23,NKE,Medium Risk
2024-07-24,NKE,Medium Risk
2024-07-25,NKE,Medium Risk
2024-07-26,NKE,Medium Risk
2024-07-29,NKE,Medium Risk
2024-07-30,NKE,Medium Risk
2024-07-31,NKE,Medium Risk
2024-08-01,NKE,Medium Risk
2024-08-02,NKE,Medium Risk
2024-08-05,NKE,Medium Risk
2024-08-06,NKE,Medium Risk
2024-08-07,NKE,Medium Risk
2024-08-08,NKE,Medium Risk
2024-08-09,NKE,Medium Risk
2024-08-12,NKE,Medium Risk
2024-08-13,NKE,Medium Risk
2024-08-14,NKE,Medium Risk
2024-08-15,NKE,Medium Risk
2024-08-16,NKE,Medium Risk
2024-08-19,NKE,Medium Risk
2024-08-20,NKE,Medium Risk
2024-08-21,NKE,Medium Risk
2024-08-22,NKE,Medium Risk
2024-08-23,NKE,Medium Risk
2024-08-26,NKE,Medium Risk
2024-08-27,NKE,Medium Risk
2024-08-28,NKE,Medium Risk
2024-08-29,NKE,Medium Risk
2024-08-30,NKE,Medium Risk
2024-09-03,NKE,Medium Risk
2024-09-04,NKE,Medium Risk
2024-09-05,NKE,Medium Risk
2024-09-06,NKE,Medium Risk
2024-09-09,NKE,Medium Risk
2024-09-10,NKE,Medium Risk
2024-09-11,NKE,Medium Risk
2024-09-12,NKE,Medium Risk
2024-09-13,NKE,Medium Risk
2024-09-16,NKE,Medium Risk
2024-09-17,NKE,Medium Risk
2024-09-18,NKE,Medium Risk
2024-09-19,NKE,Medium Risk
2024-09-20,NKE,Medium Risk
2024-09-23,NKE,Medium Risk
2024-09-24,NKE,Medium Risk
2024-09-25,NKE,Medium Risk
2024-09-26,NKE,Medium Risk
2024-09-27,NKE,Medium Risk
2024-09-30,NKE,Medium Risk
2024-10-01,NKE,Medium Risk
2024-10-02,NKE,Medium Risk
2024-10-03,NKE,Medium Risk
2024-10-04,NKE,Medium Risk
2024-10-07,NKE,Medium Risk
2024-10-08,NKE,Medium Risk
2024-10-09,NKE,Medium Risk
2024-10-10,NKE,Medium Risk
2024-10-11,NKE,Medium Risk
2024-10-14,NKE,Medium Risk
2024-10-15,NKE,Medium Risk
2024-10-16,NKE,Medium Risk
2024-10-17,NKE,Medium Risk
2024-10-18,NKE,Medium Risk
2024-10-21,NKE,Medium Risk
2024-10-22,NKE,Medium Risk
2024-10-23,NKE,Medium Risk
2024-10-24,NKE,Medium Risk
2024-10-25,NKE,Medium Risk
2024-10-28,NKE,Medium Risk
2024-10-29,NKE,Medium Risk
2024-10-30,NKE,Medium Risk
2024-10-31,NKE,Medium Risk
2024-11-01,NKE,Medium Risk
2024-11-04,NKE,Medium Risk
2024-11-05,NKE,Medium Risk
2024-11-06,NKE,Medium Risk
2024-11-07,NKE,Medium Risk
2024-11-08,NKE,Medium Risk
2024-11-11,NKE,Medium Risk
2024-11-12,NKE,Medium Risk
2024-11-13,NKE,Medium Risk
2024-11-14,NKE,Medium Risk
2024-11-15,NKE,Medium Risk
2024-11-18,NKE,Medium Risk
2024-11-19,NKE,Medium Risk
2024-11-20,NKE,Medium Risk
2024-11-21,NKE,Medium Risk
2024-11-22,NKE,Medium Risk
2024-11-25,NKE,Medium Risk
2024-11-26,NKE,Medium Risk
2024-11-27,NKE,Medium Risk
2024-11-29,NKE,Medium Risk
2024-12-02,NKE,Medium Risk
2024-12-03,NKE,Medium Risk
2024-12-04,NKE,Medium Risk
2024-12-05,NKE,Medium Risk
2024-12-06,NKE,Medium Risk
2024-12-09,NKE,Medium Risk
2024-12-10,NKE,Medium Risk
2024-12-11,NKE,Medium Risk
2024-12-12,NKE,Medium Risk
2024-12-13,NKE,Medium Risk
2024-12-16,NKE,Medium Risk
2024-12-17,NKE,Medium Risk
2024-12-18,NKE,Medium Risk
2024-12-19,NKE,Medium Risk
2024-12-20,NKE,Medium Risk
2024-12-23,NKE,Medium Risk
2024-12-24,NKE,Medium Risk
2024-12-26,NKE,Medium Risk
2024-12-27,NKE,Medium Risk
2024-12-30,NKE,Medium Risk
2024-12-31,NKE,Medium Risk
2025-01-02,NKE,Medium Risk
2025-01-03,NKE,Medium Risk
2025-01-06,NKE,Medium Risk
2025-01-07,NKE,Medium Risk
2025-01-08,NKE,Medium Risk
2025-01-10,NKE,Medium Risk
2025-01-13,NKE,Medium Risk
2025-01-14,NKE,Medium Risk
2025-01-15,NKE,Medium Risk
2025-01-16,NKE,Medium Risk
2025-01-17,NKE,Medium Risk
2025-01-21,NKE,Medium Risk
2025-01-22,NKE,Medium Risk
2025-01-23,NKE,Medium Risk
2025-01-24,NKE,Medium Risk
2025-01-27,NKE,Medium Risk
2025-01-28,NKE,Medium Risk
2025-01-29,NKE,Medium Risk
2025-01-30,NKE,Medium Risk
2025-01-31,NKE,Medium Risk
2025-02-03,NKE,Medium Risk
2025-02-04,NKE,Medium Risk
2025-02-05,NKE,Medium Risk
2025-02-06,NKE,Medium Risk
2025-02-07,NKE,Medium Risk
2025-02-10,NKE,Medium Risk
2025-02-11,NKE,Medium Risk
2025-02-12,NKE,Medium Risk
2025-02-13,NKE,Medium Risk
2025-02-14,NKE,Medium Risk
2025-02-18,NKE,Medium Risk
2025-02-19,NKE,Medium Risk
2025-02-20,NKE,Medium Risk
2025-02-21,NKE,Medium Risk
2025-02-24,NKE,Medium Risk
2025-02-25,NKE,Medium Risk
2025-02-26,NKE,Medium Risk
2025-02-27,NKE,Medium Risk
2025-02-28,NKE,Medium Risk
2025-03-03,NKE,Medium Risk
2025-03-04,NKE,Medium Risk
2025-03-05,NKE,Medium Risk
2025-03-06,NKE,Medium Risk
2025-03-07,NKE,Medium Risk
2025-03-10,NKE,Medium Risk
2025-03-11,NKE,Medium Risk
2025-03-12,NKE,Medium Risk
2025-03-13,NKE,Medium Risk
2025-03-14,NKE,Medium Risk
2025-03-17,NKE,Medium Risk
2025-03-18,NKE,Medium Risk
2025-03-19,NKE,Medium Risk
2025-03-20,NKE,Medium Risk
2025-03-21,NKE,Medium Risk
2025-03-24,NKE,Medium Risk
2025-03-25,NKE,Medium Risk
2025-03-26,NKE,Medium Risk
2025-03-27,NKE,Medium Risk
2025-03-28,NKE,Medium Risk
2025-03-31,NKE,Medium Risk
2025-04-01,NKE,Medium Risk
2025-04-02,NKE,Medium Risk
2025-04-03,NKE,Medium Risk
2025-04-04,NKE,Medium Risk
2025-04-07,NKE,Medium Risk
2025-04-08,NKE,Medium Risk
2025-04-09,NKE,Medium Risk
2025-04-10,NKE,Medium Risk
2025-04-11,NKE,Medium Risk
2025-04-14,NKE,Medium Risk
2025-04-15,NKE,Medium Risk
2025-04-16,NKE,Medium Risk
2025-04-17,NKE,Medium Risk
2025-04-21,NKE,Medium Risk
2025-04-22,NKE,Medium Risk
2025-04-23,NKE,Medium Risk
2025-04-24,NKE,Medium Risk
2025-04-25,NKE,Medium Risk
2025-04-28,NKE,Medium Risk
2025-04-29,NKE,Medium Risk
2025-04-30,NKE,Medium Risk
2025-05-01,NKE,Medium Risk
2025-05-02,NKE,Medium Risk
2025-05-05,NKE,Medium Risk
2025-05-06,NKE,Medium Risk
2025-05-07,NKE,Medium Risk
2025-05-08,NKE,Medium Risk
2025-05-09,NKE,Medium Risk
2022-11-25,NVDA,Medium Risk
2023-04-28,NVDA,Medium Risk
2023-05-12,NVDA,Medium Risk
2023-05-15,NVDA,Medium Risk
2023-07-03,NVDA,Medium Risk
2023-07-31,NVDA,Medium Risk
2023-08-01,NVDA,Medium Risk
2023-11-24,NVDA,Medium Risk
2023-12-22,NVDA,Medium Risk
2023-12-26,NVDA,Medium Risk
2023-12-27,NVDA,Medium Risk
2023-12-28,NVDA,Medium Risk
2024-01-23,NVDA,Medium Risk
2024-04-08,NVDA,Medium Risk
2024-05-13,NVDA,Medium Risk
2024-06-11,NVDA,Medium Risk
2024-06-13,NVDA,Medium Risk
2024-06-17,NVDA,Medium Risk
2024-06-18,NVDA,Medium Risk
2024-06-27,NVDA,Medium Risk
2024-07-01,NVDA,Medium Risk
2024-07-02,NVDA,Medium Risk
2024-07-03,NVDA,Medium Risk
2024-07-05,NVDA,Medium Risk
2024-07-08,NVDA,Medium Risk
2024-07-09,NVDA,Medium Risk
2024-07-10,NVDA,Medium Risk
2024-07-12,NVDA,Medium Risk
2024-07-15,NVDA,Medium Risk
2024-07-16,NVDA,Medium Risk
2024-07-19,NVDA,Medium Risk
2024-07-22,NVDA,Medium Risk
2024-07-23,NVDA,Medium Risk
2024-07-26,NVDA,Medium Risk
2024-07-29,NVDA,Medium Risk
2024-08-09,NVDA,Medium Risk
2024-08-21,NVDA,Medium Risk
2024-09-09,NVDA,Medium Risk
2024-09-10,NVDA,Medium Risk
2024-09-13,NVDA,Medium Risk
2024-09-16,NVDA,Medium Risk
2024-09-17,NVDA,Medium Risk
2024-09-19,NVDA,Medium Risk
2024-09-23,NVDA,Medium Risk
2024-09-25,NVDA,Medium Risk
2024-09-27,NVDA,Medium Risk
2024-09-30,NVDA,Medium Risk
2024-10-02,NVDA,Medium Risk
2024-10-03,NVDA,Medium Risk
2024-10-04,NVDA,Medium Risk
2024-10-08,NVDA,Medium Risk
2024-10-09,NVDA,Medium Risk
2024-10-10,NVDA,High Risk
2024-10-11,NVDA,High Risk
2024-10-14,NVDA,High Risk
2024-10-16,NVDA,High Risk
2024-10-18,NVDA,High Risk
2024-10-21,NVDA,High Risk
2024-10-22,NVDA,High Risk
2024-10-23,NVDA,High Risk
2024-10-24,NVDA,High Risk
2024-10-25,NVDA,High Risk
2024-10-28,NVDA,High Risk
2024-10-29,NVDA,High Risk
2024-10-30,NVDA,High Risk
2024-10-31,NVDA,High Risk
2024-11-01,NVDA,High Risk
2024-11-04,NVDA,High Risk
2024-11-05,NVDA,High Risk
2024-11-06,NVDA,High Risk
2024-11-07,NVDA,High Risk
2024-11-08,NVDA,High Risk
2024-11-11,NVDA,High Risk
2024-11-12,NVDA,High Risk
2024-11-13,NVDA,High Risk
2024-11-14,NVDA,High Risk
2024-11-15,NVDA,High Risk
2024-11-18,NVDA,High Risk
2024-11-19,NVDA,High Risk
2024-11-22,NVDA,High Risk
2024-11-26,NVDA,High Risk
2024-11-27,NVDA,High Risk
2024-11-29,NVDA,High Risk
2024-12-02,NVDA,High Risk
2024-12-03,NVDA,High Risk
2024-12-04,NVDA,High Risk
2024-12-05,NVDA,High Risk
2024-12-06,NVDA,High Risk
2024-12-09,NVDA,High Risk
2024-12-10,NVDA,High Risk
2024-12-11,NVDA,High Risk
2024-12-12,NVDA,High Risk
2024-12-13,NVDA,High Risk
2024-12-16,NVDA,High Risk
2024-12-17,NVDA,High Risk
2024-12-18,NVDA,High Risk
2024-12-19,NVDA,High Risk
2024-12-23,NVDA,High Risk
2024-12-24,NVDA,High Risk
2024-12-26,NVDA,High Risk
2024-12-27,NVDA,High Risk
2024-12-30,NVDA,High Risk
2024-12-31,NVDA,High Risk
2025-01-02,NVDA,High Risk
2025-01-03,NVDA,High Risk
2025-01-06,NVDA,High Risk
2025-01-08,NVDA,High Risk
2025-01-10,NVDA,High Risk
2025-01-13,NVDA,High Risk
2025-01-14,NVDA,High Risk
2025-01-15,NVDA,High Risk
2025-01-16,NVDA,High Risk
2025-01-17,NVDA,High Risk
2025-01-21,NVDA,High Risk
2025-01-22,NVDA,High Risk
2025-01-23,NVDA,High Risk
2025-01-24,NVDA,High Risk
2025-02-04,NVDA,High Risk
2025-02-05,NVDA,High Risk
2025-02-06,NVDA,High Risk
2025-02-07,NVDA,High Risk
2025-02-10,NVDA,High Risk
2025-02-11,NVDA,High Risk
2025-02-12,NVDA,High Risk
2025-02-13,NVDA,High Risk
2025-02-14,NVDA,High Risk
2025-02-18,NVDA,High Risk
2025-02-19,NVDA,High Risk
2025-02-20,NVDA,High Risk
2025-02-21,NVDA,High Risk
2025-02-24,NVDA,High Risk
2025-02-25,NVDA,High Risk
2025-03-05,NVDA,High Risk
2025-03-14,NVDA,High Risk
2025-03-17,NVDA,Medium Risk
2025-03-19,NVDA,Medium Risk
2025-03-20,NVDA,Medium Risk
2025-03-21,NVDA,Medium Risk
2025-03-24,NVDA,Medium Risk
2025-03-25,NVDA,Medium Risk
2025-03-26,NVDA,Medium Risk
2025-03-27,NVDA,Medium Risk
2025-03-28,NVDA,Medium Risk
2025-04-01,NVDA,Medium Risk
2025-04-02,NVDA,Medium Risk
2025-04-14,NVDA,Medium Risk
2025-04-15,NVDA,Medium Risk
2025-04-17,NVDA,Medium Risk
2025-04-21,NVDA,Medium Risk
2025-04-22,NVDA,Medium Risk
2025-04-23,NVDA,Medium Risk
2025-04-24,NVDA,Medium Risk
2025-04-25,NVDA,Medium Risk
2025-04-28,NVDA,Medium Risk
2025-04-29,NVDA,Medium Risk
2025-04-30,NVDA,Medium Risk
2025-05-01,NVDA,Medium Risk
2025-05-02,NVDA,Medium Risk
2025-05-05,NVDA,Medium Risk
2025-05-06,NVDA,Medium Risk
2025-05-07,NVDA,Medium Risk
2025-05-08,NVDA,Medium Risk
2025-05-09,NVDA,Medium Risk
2022-01-03,PEP,High Risk
2022-01-04,PEP,High Risk
2022-01-05,PEP,High Risk
2022-01-06,PEP,High Risk
2022-01-07,PEP,High Risk
2022-01-10,PEP,High Risk
2022-01-11,PEP,High Risk
2022-01-12,PEP,High Risk
2022-01-13,PEP,High Risk
2022-01-14,PEP,High Risk
2022-01-18,PEP,High Risk
2022-01-19,PEP,High Risk
2022-01-20,PEP,High Risk
2022-01-21,PEP,High Risk
2022-01-24,PEP,High Risk
2022-01-25,PEP,High Risk
2022-01-26,PEP,High Risk
2022-01-27,PEP,High Risk
2022-01-28,PEP,High Risk
2022-01-31,PEP,High Risk
2022-02-01,PEP,High Risk
2022-02-02,PEP,High Risk
2022-02-03,PEP,High Risk
2022-02-04,PEP,High Risk
2022-02-07,PEP,High Risk
2022-02-08,PEP,High Risk
2022-02-09,PEP,High Risk
2022-02-10,PEP,High Risk
2022-02-11,PEP,High Risk
2022-02-14,PEP,High Risk
2022-02-15,PEP,High Risk
2022-02-16,PEP,High Risk
2022-02-17,PEP,High Risk
2022-02-18,PEP,High Risk
2022-02-22,PEP,High Risk
2022-02-23,PEP,High Risk
2022-02-24,PEP,High Risk
2022-02-25,PEP,High Risk
2022-02-28,PEP,High Risk
2022-03-01,PEP,High Risk
2022-03-02,PEP,High Risk
2022-03-03,PEP,High Risk
2022-03-04,PEP,High Risk
2022-03-07,PEP,High Risk
2022-03-08,PEP,High Risk
2022-03-09,PEP,High Risk
2022-03-10,PEP,High Risk
2022-03-11,PEP,High Risk
2022-03-14,PEP,High Risk
2022-03-15,PEP,High Risk
2022-03-16,PEP,High Risk
2022-03-17,PEP,High Risk
2022-03-18,PEP,High Risk
2022-03-21,PEP,High Risk
2022-03-22,PEP,High Risk
2022-03-23,PEP,High Risk
2022-03-24,PEP,High Risk
2022-03-25,PEP,High Risk
2022-03-28,PEP,High Risk
2022-03-29,PEP,High Risk
2022-03-30,PEP,High Risk
2022-03-31,PEP,High Risk
2022-04-01,PEP,High Risk
2022-04-04,PEP,High Risk
2022-04-05,PEP,High Risk
2022-04-06,PEP,High Risk
2022-04-07,PEP,High Risk
2022-04-08,PEP,High Risk
2022-04-11,PEP,High Risk
2022-04-12,PEP,High Risk
2022-04-13,PEP,High Risk
2022-04-14,PEP,High Risk
2022-04-18,PEP,High Risk
2022-04-19,PEP,High Risk
2022-04-20,PEP,High Risk
2022-04-21,PEP,High Risk
2022-04-22,PEP,High Risk
2022-04-25,PEP,High Risk
2022-04-26,PEP,High Risk
2022-04-27,PEP,High Risk
2022-04-28,PEP,High Risk
2022-04-29,PEP,High Risk
2022-05-02,PEP,High Risk
2022-05-03,PEP,High Risk
2022-05-04,PEP,High Risk
2022-05-05,PEP,High Risk
2022-05-06,PEP,High Risk
2022-05-09,PEP,High Risk
2022-05-10,PEP,High Risk
2022-05-11,PEP,High Risk
2022-05-12,PEP,High Risk
2022-05-13,PEP,High Risk
2022-05-16,PEP,High Risk
2022-05-17,PEP,High Risk
2022-05-18,PEP,High Risk
2022-05-19,PEP,High Risk
2022-05-20,PEP,High Risk
2022-05-23,PEP,High Risk
2022-05-24,PEP,High Risk
2022-05-25,PEP,High Risk
2022-05-26,PEP,High Risk
2022-05-27,PEP,High Risk
2022-05-31,PEP,High Risk
2022-06-01,PEP,High Risk
2022-06-02,PEP,High Risk
2022-06-03,PEP,High Risk
2022-06-06,PEP,High Risk
2022-06-07,PEP,High Risk
2022-06-08,PEP,High Risk
2022-06-09,PEP,High Risk
2022-06-10,PEP,High Risk
2022-06-13,PEP,High Risk
2022-06-14,PEP,High Risk
2022-06-15,PEP,High Risk
2022-06-16,PEP,High Risk
2022-06-17,PEP,High Risk
2022-06-21,PEP,High Risk
2022-06-22,PEP,High Risk
2022-06-23,PEP,High Risk
2022-06-24,PEP,High Risk
2022-06-27,PEP,High Risk
2022-06-28,PEP,High Risk
2022-06-29,PEP,High Risk
2022-06-30,PEP,High Risk
2022-07-01,PEP,High Risk
2022-07-05,PEP,High Risk
2022-07-06,PEP,High Risk
2022-07-07,PEP,High Risk
2022-07-08,PEP,High Risk
2022-07-11,PEP,High Risk
2022-07-12,PEP,High Risk
2022-07-13,PEP,High Risk
2022-07-14,PEP,High Risk
2022-07-15,PEP,High Risk
2022-07-18,PEP,High Risk
2022-07-19,PEP,High Risk
2022-07-20,PEP,High Risk
2022-07-21,PEP,High Risk
2022-07-22,PEP,High Risk
2022-07-25,PEP,High Risk
2022-07-26,PEP,High Risk
2022-07-27,PEP,High Risk
2022-07-28,PEP,High Risk
2022-07-29,PEP,High Risk
2022-08-01,PEP,High Risk
2022-08-02,PEP,High Risk
2022-08-03,PEP,High Risk
2022-08-04,PEP,High Risk
2022-08-05,PEP,High Risk
2022-08-08,PEP,High Risk
2022-08-09,PEP,High Risk
2022-08-10,PEP,High Risk
2022-08-11,PEP,High Risk
2022-08-12,PEP,High Risk
2022-08-15,PEP,High Risk
2022-08-16,PEP,High Risk
2022-08-17,PEP,High Risk
2022-08-18,PEP,High Risk
2022-08-19,PEP,High Risk
2022-08-22,PEP,High Risk
2022-08-23,PEP,High Risk
2022-08-24,PEP,High Risk
2022-08-25,PEP,High Risk
2022-08-26,PEP,High Risk
2022-08-29,PEP,High Risk
2022-08-30,PEP,High Risk
2022-08-31,PEP,High Risk
2022-09-01,PEP,High Risk
2022-09-02,PEP,High Risk
2022-09-06,PEP,High Risk
2022-09-07,PEP,High Risk
2022-09-08,PEP,High Risk
2022-09-09,PEP,High Risk
2022-09-12,PEP,High Risk
2022-09-13,PEP,High Risk
2022-09-14,PEP,High Risk
2022-09-15,PEP,High Risk
2022-09-16,PEP,High Risk
2022-09-19,PEP,High Risk
2022-09-20,PEP,High Risk
2022-09-21,PEP,High Risk
2022-09-22,PEP,High Risk
2022-09-23,PEP,High Risk
2022-09-26,PEP,High Risk
2022-09-27,PEP,High Risk
2022-09-28,PEP,High Risk
2022-09-29,PEP,High Risk
2022-09-30,PEP,High Risk
2022-10-03,PEP,High Risk
2022-10-04,PEP,High Risk
2022-10-05,PEP,High Risk
2022-10-06,PEP,High Risk
2022-10-07,PEP,High Risk
2022-10-10,PEP,High Risk
2022-10-11,PEP,High Risk
2022-10-12,PEP,High Risk
2022-10-13,PEP,High Risk
2022-10-14,PEP,High Risk
2022-10-17,PEP,High Risk
2022-10-18,PEP,High Risk
2022-10-19,PEP,High Risk
2022-10-20,PEP,High Risk
2022-10-21,PEP,High Risk
2022-10-24,PEP,High Risk
2022-10-25,PEP,High Risk
2022-10-26,PEP,High Risk
2022-10-27,PEP,High Risk
2022-10-28,PEP,High Risk
2022-10-31,PEP,High Risk
2022-11-01,PEP,High Risk
2022-11-02,PEP,High Risk
2022-11-03,PEP,High Risk
2022-11-04,PEP,High Risk
2022-11-07,PEP,High Risk
2022-11-08,PEP,High Risk
2022-11-09,PEP,High Risk
2022-11-10,PEP,High Risk
2022-11-11,PEP,High Risk
2022-11-14,PEP,High Risk
2022-11-15,PEP,High Risk
2022-11-16,PEP,High Risk
2022-11-17,PEP,High Risk
2022-11-18,PEP,High Risk
2022-11-21,PEP,High Risk
2022-11-22,PEP,High Risk
2022-11-23,PEP,High Risk
2022-11-25,PEP,High Risk
2022-11-28,PEP,High Risk
2022-11-29,PEP,High Risk
2022-11-30,PEP,High Risk
2022-12-01,PEP,High Risk
2022-12-02,PEP,High Risk
2022-12-05,PEP,High Risk
2022-12-06,PEP,High Risk
2022-12-07,PEP,High Risk
2022-12-08,PEP,High Risk
2022-12-09,PEP,High Risk
2022-12-12,PEP,High Risk
2022-12-13,PEP,High Risk
2022-12-14,PEP,High Risk
2022-12-15,PEP,High Risk
2022-12-16,PEP,High Risk
2022-12-19,PEP,High Risk
2022-12-20,PEP,High Risk
2022-12-21,PEP,High Risk
2022-12-22,PEP,High Risk
2022-12-23,PEP,High Risk
2022-12-27,PEP,High Risk
2022-12-28,PEP,High Risk
2022-12-29,PEP,High Risk
2022-12-30,PEP,High Risk
2023-01-03,PEP,High Risk
2023-01-04,PEP,High Risk
2023-01-05,PEP,High Risk
2023-01-06,PEP,High Risk
2023-01-09,PEP,High Risk
2023-01-10,PEP,High Risk
2023-01-11,PEP,High Risk
2023-01-12,PEP,High Risk
2023-01-13,PEP,High Risk
2023-01-17,PEP,High Risk
2023-01-18,PEP,High Risk
2023-01-19,PEP,High Risk
2023-01-20,PEP,High Risk
2023-01-23,PEP,High Risk
2023-01-24,PEP,High Risk
2023-01-25,PEP,High Risk
2023-01-26,PEP,High Risk
2023-01-27,PEP,High Risk
2023-01-30,PEP,High Risk
2023-01-31,PEP,High Risk
2023-02-01,PEP,High Risk
2023-02-02,PEP,High Risk
2023-02-03,PEP,High Risk
2023-02-06,PEP,High Risk
2023-02-07,PEP,High Risk
2023-02-08,PEP,High Risk
2023-02-09,PEP,High Risk
2023-02-10,PEP,High Risk
2023-02-13,PEP,High Risk
2023-02-14,PEP,High Risk
2023-02-15,PEP,High Risk
2023-02-16,PEP,High Risk
2023-02-17,PEP,High Risk
2023-02-21,PEP,High Risk
2023-02-22,PEP,High Risk
2023-02-23,PEP,High Risk
2023-02-24,PEP,High Risk
2023-02-27,PEP,High Risk
2023-02-28,PEP,High Risk
2023-03-01,PEP,High Risk
2023-03-02,PEP,High Risk
2023-03-03,PEP,High Risk
2023-03-06,PEP,High Risk
2023-03-07,PEP,High Risk
2023-03-08,PEP,High Risk
2023-03-09,PEP,High Risk
2023-03-10,PEP,High Risk
2023-03-13,PEP,High Risk
2023-03-14,PEP,High Risk
2023-03-15,PEP,High Risk
2023-03-16,PEP,High Risk
2023-03-17,PEP,High Risk
2023-03-20,PEP,High Risk
2023-03-21,PEP,High Risk
2023-03-22,PEP,High Risk
2023-03-23,PEP,High Risk
2023-03-24,PEP,High Risk
2023-03-27,PEP,High Risk
2023-03-28,PEP,High Risk
2023-03-29,PEP,High Risk
2023-03-30,PEP,High Risk
2023-03-31,PEP,High Risk
2023-04-03,PEP,High Risk
2023-04-04,PEP,High Risk
2023-04-05,PEP,High Risk
2023-04-06,PEP,High Risk
2023-04-10,PEP,High Risk
2023-04-11,PEP,High Risk
2023-04-12,PEP,High Risk
2023-04-13,PEP,High Risk
2023-04-14,PEP,High Risk
2023-04-17,PEP,High Risk
2023-04-18,PEP,High Risk
2023-04-19,PEP,High Risk
2023-04-20,PEP,High Risk
2023-04-21,PEP,High Risk
2023-04-24,PEP,High Risk
2023-04-25,PEP,High Risk
2023-04-26,PEP,High Risk
2023-04-27,PEP,High Risk
2023-04-28,PEP,High Risk
2023-05-01,PEP,High Risk
2023-05-02,PEP,High Risk
2023-05-03,PEP,High Risk
2023-05-04,PEP,High Risk
2023-05-05,PEP,High Risk
2023-05-08,PEP,High Risk
2023-05-09,PEP,High Risk
2023-05-10,PEP,High Risk
2023-05-11,PEP,High Risk
2023-05-12,PEP,High Risk
2023-05-15,PEP,High Risk
2023-05-16,PEP,High Risk
2023-05-17,PEP,High Risk
2023-05-18,PEP,High Risk
2023-05-19,PEP,High Risk
2023-05-22,PEP,High Risk
2023-05-23,PEP,High Risk
2023-05-24,PEP,High Risk
2023-05-25,PEP,High Risk
2023-05-26,PEP,High Risk
2023-05-30,PEP,High Risk
2023-05-31,PEP,High Risk
2023-06-01,PEP,High Risk
2023-06-02,PEP,High Risk
2023-06-05,PEP,High Risk
2023-06-06,PEP,High Risk
2023-06-07,PEP,High Risk
2023-06-08,PEP,High Risk
2023-06-09,PEP,High Risk
2023-06-12,PEP,High Risk
2023-06-13,PEP,High Risk
2023-06-14,PEP,High Risk
2023-06-15,PEP,High Risk
2023-06-16,PEP,High Risk
2023-06-20,PEP,High Risk
2023-06-21,PEP,High Risk
2023-06-22,PEP,High Risk
2023-06-23,PEP,High Risk
2023-06-26,PEP,High Risk
2023-06-27,PEP,High Risk
2023-06-28,PEP,High Risk
2023-06-29,PEP,High Risk
2023-06-30,PEP,High Risk
2023-07-03,PEP,High Risk
2023-07-05,PEP,High Risk
2023-07-06,PEP,High Risk
2023-07-07,PEP,High Risk
2023-07-10,PEP,High Risk
2023-07-11,PEP,High Risk
2023-07-12,PEP,High Risk
2023-07-13,PEP,High Risk
2023-07-14,PEP,High Risk
2023-07-17,PEP,High Risk
2023-07-18,PEP,High Risk
2023-07-19,PEP,High Risk
2023-07-20,PEP,High Risk
2023-07-21,PEP,High Risk
2023-07-24,PEP,High Risk
2023-07-25,PEP,High Risk
2023-07-26,PEP,High Risk
2023-07-27,PEP,High Risk
2023-07-28,PEP,High Risk
2023-07-31,PEP,High Risk
2023-08-01,PEP,High Risk
2023-08-02,PEP,High Risk
2023-08-03,PEP,High Risk
2023-08-04,PEP,High Risk
2023-08-07,PEP,High Risk
2023-08-08,PEP,High Risk
2023-08-09,PEP,High Risk
2023-08-10,PEP,High Risk
2023-08-11,PEP,High Risk
2023-08-14,PEP,High Risk
2023-08-15,PEP,High Risk
2023-08-16,PEP,High Risk
2023-08-17,PEP,High Risk
2023-08-18,PEP,High Risk
2023-08-21,PEP,High Risk
2023-08-22,PEP,High Risk
2023-08-23,PEP,High Risk
2023-08-24,PEP,High Risk
2023-08-25,PEP,High Risk
2023-08-28,PEP,High Risk
2023-08-29,PEP,High Risk
2023-08-30,PEP,High Risk
2023-08-31,PEP,High Risk
2023-09-01,PEP,High Risk
2023-09-05,PEP,High Risk
2023-09-06,PEP,High Risk
2023-09-07,PEP,High Risk
2023-09-08,PEP,High Risk
2023-09-11,PEP,High Risk
2023-09-12,PEP,High Risk
2023-09-13,PEP,High Risk
2023-09-14,PEP,High Risk
2023-09-15,PEP,High Risk
2023-09-18,PEP,High Risk
2023-09-19,PEP,High Risk
2023-09-20,PEP,High Risk
2023-09-21,PEP,High Risk
2023-09-22,PEP,High Risk
2023-09-25,PEP,High Risk
2023-09-26,PEP,High Risk
2023-09-27,PEP,High Risk
2023-09-28,PEP,High Risk
2023-09-29,PEP,High Risk
2023-10-02,PEP,High Risk
2023-10-03,PEP,High Risk
2023-10-04,PEP,High Risk
2023-10-05,PEP,High Risk
2023-10-06,PEP,High Risk
2023-10-09,PEP,High Risk
2023-10-10,PEP,High Risk
2023-10-11,PEP,High Risk
2023-10-12,PEP,High Risk
2023-10-13,PEP,High Risk
2023-10-16,PEP,High Risk
2023-10-17,PEP,High Risk
2023-10-18,PEP,High Risk
2023-10-19,PEP,High Risk
2023-10-20,PEP,High Risk
2023-10-23,PEP,High Risk
2023-10-24,PEP,High Risk
2023-10-25,PEP,High Risk
2023-10-26,PEP,High Risk
2023-10-27,PEP,High Risk
2023-10-30,PEP,High Risk
2023-10-31,PEP,High Risk
2023-11-01,PEP,High Risk
2023-11-02,PEP,High Risk
2023-11-03,PEP,High Risk
2023-11-06,PEP,High Risk
2023-11-07,PEP,High Risk
2023-11-08,PEP,High Risk
2023-11-09,PEP,High Risk
2023-11-10,PEP,High Risk
2023-11-13,PEP,High Risk
2023-11-14,PEP,High Risk
2023-11-15,PEP,High Risk
2023-11-16,PEP,High Risk
2023-11-17,PEP,High Risk
2023-11-20,PEP,High Risk
2023-11-21,PEP,High Risk
2023-11-22,PEP,High Risk
2023-11-24,PEP,High Risk
2023-11-27,PEP,High Risk
2023-11-28,PEP,High Risk
2023-11-29,PEP,High Risk
2023-11-30,PEP,High Risk
2023-12-01,PEP,High Risk
2023-12-04,PEP,High Risk
2023-12-05,PEP,High Risk
2023-12-06,PEP,High Risk
2023-12-07,PEP,High Risk
2023-12-08,PEP,High Risk
2023-12-11,PEP,High Risk
2023-12-12,PEP,High Risk
2023-12-13,PEP,High Risk
2023-12-14,PEP,High Risk
2023-12-15,PEP,High Risk
2023-12-18,PEP,High Risk
2023-12-19,PEP,High Risk
2023-12-20,PEP,High Risk
2023-12-21,PEP,High Risk
2023-12-22,PEP,High Risk
2023-12-26,PEP,High Risk
2023-12-27,PEP,High Risk
2023-12-28,PEP,High Risk
2023-12-29,PEP,High Risk
2024-01-02,PEP,High Risk
2024-01-03,PEP,High Risk
2024-01-04,PEP,High Risk
2024-01-05,PEP,High Risk
2024-01-08,PEP,High Risk
2024-01-09,PEP,High Risk
2024-01-10,PEP,High Risk
2024-01-11,PEP,High Risk
2024-01-12,PEP,High Risk
2024-01-16,PEP,High Risk
2024-01-17,PEP,High Risk
2024-01-18,PEP,High Risk
2024-01-19,PEP,High Risk
2024-01-22,PEP,High Risk
2024-01-23,PEP,High Risk
2024-01-24,PEP,High Risk
2024-01-25,PEP,High Risk
2024-01-26,PEP,High Risk
2024-01-29,PEP,High Risk
2024-01-30,PEP,High Risk
2024-01-31,PEP,High Risk
2024-02-01,PEP,High Risk
2024-02-02,PEP,High Risk
2024-02-05,PEP,High Risk
2024-02-06,PEP,High Risk
2024-02-07,PEP,High Risk
2024-02-08,PEP,High Risk
2024-02-09,PEP,High Risk
2024-02-12,PEP,High Risk
2024-02-13,PEP,High Risk
2024-02-14,PEP,High Risk
2024-02-15,PEP,High Risk
2024-02-16,PEP,High Risk
2024-02-20,PEP,High Risk
2024-02-21,PEP,High Risk
2024-02-22,PEP,High Risk
2024-02-23,PEP,High Risk
2024-02-26,PEP,High Risk
2024-02-27,PEP,High Risk
2024-02-28,PEP,High Risk
2024-02-29,PEP,High Risk
2024-03-01,PEP,High Risk
2024-03-04,PEP,High Risk
2024-03-05,PEP,High Risk
2024-03-06,PEP,High Risk
2024-03-07,PEP,High Risk
2024-03-08,PEP,High Risk
2024-03-11,PEP,High Risk
2024-03-12,PEP,High Risk
2024-03-13,PEP,High Risk
2024-03-14,PEP,High Risk
2024-03-15,PEP,High Risk
2024-03-18,PEP,High Risk
2024-03-19,PEP,High Risk
2024-03-20,PEP,High Risk
2024-03-21,PEP,High Risk
2024-03-22,PEP,High Risk
2024-03-25,PEP,High Risk
2024-03-26,PEP,High Risk
2024-03-27,PEP,High Risk
2024-03-28,PEP,High Risk
2024-04-01,PEP,High Risk
2024-04-02,PEP,High Risk
2024-04-03,PEP,High Risk
2024-04-04,PEP,High Risk
2024-04-05,PEP,High Risk
2024-04-08,PEP,High Risk
2024-04-09,PEP,High Risk
2024-04-10,PEP,High Risk
2024-04-11,PEP,High Risk
2024-04-12,PEP,High Risk
2024-04-15,PEP,High Risk
2024-04-16,PEP,High Risk
2024-04-17,PEP,High Risk
2024-04-18,PEP,High Risk
2024-04-19,PEP,High Risk
2024-04-22,PEP,High Risk
2024-04-23,PEP,High Risk
2024-04-24,PEP,High Risk
2024-04-25,PEP,High Risk
2024-04-26,PEP,High Risk
2024-04-29,PEP,High Risk
2024-04-30,PEP,High Risk
2024-05-01,PEP,High Risk
2024-05-02,PEP,High Risk
2024-05-03,PEP,High Risk
2024-05-06,PEP,High Risk
2024-05-07,PEP,High Risk
2024-05-08,PEP,High Risk
2024-05-09,PEP,High Risk
2024-05-10,PEP,High Risk
2024-05-13,PEP,High Risk
2024-05-14,PEP,High Risk
2024-05-15,PEP,High Risk
2024-05-16,PEP,High Risk
2024-05-17,PEP,High Risk
2024-05-20,PEP,High Risk
2024-05-21,PEP,High Risk
2024-05-22,PEP,High Risk
2024-05-23,PEP,High Risk
2024-05-24,PEP,High Risk
2024-05-28,PEP,High Risk
2024-05-29,PEP,High Risk
2024-05-30,PEP,High Risk
2024-05-31,PEP,High Risk
2024-06-03,PEP,High Risk
2024-06-04,PEP,High Risk
2024-06-05,PEP,High Risk
2024-06-06,PEP,High Risk
2024-06-07,PEP,High Risk
2024-06-10,PEP,High Risk
2024-06-11,PEP,High Risk
2024-06-12,PEP,High Risk
2024-06-13,PEP,High Risk
2024-06-14,PEP,High Risk
2024-06-17,PEP,High Risk
2024-06-18,PEP,High Risk
2024-06-20,PEP,High Risk
2024-06-21,PEP,High Risk
2024-06-24,PEP,High Risk
2024-06-25,PEP,High Risk
2024-06-26,PEP,High Risk
2024-06-27,PEP,High Risk
2024-06-28,PEP,High Risk
2024-07-01,PEP,High Risk
2024-07-02,PEP,High Risk
2024-07-03,PEP,High Risk
2024-07-05,PEP,High Risk
2024-07-08,PEP,High Risk
2024-07-09,PEP,High Risk
2024-07-10,PEP,High Risk
2024-07-11,PEP,High Risk
2024-07-12,PEP,High Risk
2024-07-15,PEP,High Risk
2024-07-16,PEP,High Risk
2024-07-17,PEP,High Risk
2024-07-18,PEP,High Risk
2024-07-19,PEP,High Risk
2024-07-22,PEP,High Risk
2024-07-23,PEP,High Risk
2024-07-24,PEP,High Risk
2024-07-25,PEP,High Risk
2024-07-26,PEP,High Risk
2024-07-29,PEP,High Risk
2024-07-30,PEP,High Risk
2024-07-31,PEP,High Risk
2024-08-01,PEP,High Risk
2024-08-02,PEP,High Risk
2024-08-05,PEP,High Risk
2024-08-06,PEP,High Risk
2024-08-07,PEP,High Risk
2024-08-08,PEP,High Risk
2024-08-09,PEP,High Risk
2024-08-12,PEP,High Risk
2024-08-13,PEP,High Risk
2024-08-14,PEP,High Risk
2024-08-15,PEP,High Risk
2024-08-16,PEP,High Risk
2024-08-19,PEP,High Risk
2024-08-20,PEP,High Risk
2024-08-21,PEP,High Risk
2024-08-22,PEP,High Risk
2024-08-23,PEP,High Risk
2024-08-26,PEP,High Risk
2024-08-27,PEP,High Risk
2024-08-28,PEP,High Risk
2024-08-29,PEP,High Risk
2024-08-30,PEP,High Risk
2024-09-03,PEP,High Risk
2024-09-04,PEP,High Risk
2024-09-05,PEP,High Risk
2024-09-06,PEP,High Risk
2024-09-09,PEP,High Risk
2024-09-10,PEP,High Risk
2024-09-11,PEP,High Risk
2024-09-12,PEP,High Risk
2024-09-13,PEP,High Risk
2024-09-16,PEP,High Risk
2024-09-17,PEP,High Risk
2024-09-18,PEP,High Risk
2024-09-19,PEP,High Risk
2024-09-20,PEP,High Risk
2024-09-23,PEP,High Risk
2024-09-24,PEP,High Risk
2024-09-25,PEP,High Risk
2024-09-26,PEP,High Risk
2024-09-27,PEP,High Risk
2024-09-30,PEP,High Risk
2024-10-01,PEP,High Risk
2024-10-02,PEP,High Risk
2024-10-03,PEP,High Risk
2024-10-04,PEP,High Risk
2024-10-07,PEP,High Risk
2024-10-08,PEP,High Risk
2024-10-09,PEP,High Risk
2024-10-10,PEP,High Risk
2024-10-11,PEP,High Risk
2024-10-14,PEP,High Risk
2024-10-15,PEP,High Risk
2024-10-16,PEP,High Risk
2024-10-17,PEP,High Risk
2024-10-18,PEP,High Risk
2024-10-21,PEP,High Risk
2024-10-22,PEP,High Risk
2024-10-23,PEP,High Risk
2024-10-24,PEP,High Risk
2024-10-25,PEP,High Risk
2024-10-28,PEP,High Risk
2024-10-29,PEP,High Risk
2024-10-30,PEP,High Risk
2024-10-31,PEP,High Risk
2024-11-01,PEP,High Risk
2024-11-04,PEP,High Risk
2024-11-05,PEP,High Risk
2024-11-06,PEP,High Risk
2024-11-07,PEP,High Risk
2024-11-08,PEP,High Risk
2024-11-11,PEP,High Risk
2024-11-12,PEP,High Risk
2024-11-13,PEP,High Risk
2024-11-14,PEP,High Risk
2024-11-15,PEP,High Risk
2024-11-18,PEP,High Risk
2024-11-19,PEP,High Risk
2024-11-20,PEP,High Risk
2024-11-21,PEP,High Risk
2024-11-22,PEP,High Risk
2024-11-25,PEP,High Risk
2024-11-26,PEP,High Risk
2024-11-27,PEP,High Risk
2024-11-29,PEP,High Risk
2024-12-02,PEP,High Risk
2024-12-03,PEP,High Risk
2024-12-04,PEP,High Risk
2024-12-05,PEP,High Risk
2024-12-06,PEP,High Risk
2024-12-09,PEP,High Risk
2024-12-10,PEP,High Risk
2024-12-11,PEP,High Risk
2024-12-12,PEP,High Risk
2024-12-13,PEP,High Risk
2024-12-16,PEP,High Risk
2024-12-17,PEP,High Risk
2024-12-18,PEP,High Risk
2024-12-19,PEP,High Risk
2024-12-20,PEP,High Risk
2024-12-23,PEP,High Risk
2024-12-24,PEP,High Risk
2024-12-26,PEP,High Risk
2024-12-27,PEP,High Risk
2024-12-30,PEP,High Risk
2024-12-31,PEP,High Risk
2025-01-02,PEP,High Risk
2025-01-03,PEP,High Risk
2025-01-06,PEP,High Risk
2025-01-07,PEP,High Risk
2025-01-08,PEP,High Risk
2025-01-10,PEP,High Risk
2025-01-13,PEP,High Risk
2025-01-14,PEP,High Risk
2025-01-15,PEP,High Risk
2025-01-16,PEP,High Risk
2025-01-17,PEP,High Risk
2025-01-21,PEP,High Risk
2025-01-22,PEP,High Risk
2025-01-23,PEP,High Risk
2025-01-24,PEP,High Risk
2025-01-27,PEP,High Risk
2025-01-28,PEP,High Risk
2025-01-29,PEP,High Risk
2025-01-30,PEP,High Risk
2025-01-31,PEP,High Risk
2025-02-03,PEP,High Risk
2025-02-04,PEP,High Risk
2025-02-05,PEP,High Risk
2025-02-06,PEP,High Risk
2025-02-07,PEP,High Risk
2025-02-10,PEP,High Risk
2025-02-11,PEP,High Risk
2025-02-12,PEP,High Risk
2025-02-13,PEP,High Risk
2025-02-14,PEP,High Risk
2025-02-18,PEP,High Risk
2025-02-19,PEP,High Risk
2025-02-20,PEP,High Risk
2025-02-21,PEP,High Risk
2025-02-24,PEP,High Risk
2025-02-25,PEP,High Risk
2025-02-26,PEP,High Risk
2025-02-27,PEP,High Risk
2025-02-28,PEP,High Risk
2025-03-03,PEP,High Risk
2025-03-04,PEP,High Risk
2025-03-05,PEP,High Risk
2025-03-06,PEP,High Risk
2025-03-07,PEP,High Risk
2025-03-10,PEP,High Risk
2025-03-11,PEP,High Risk
2025-03-12,PEP,High Risk
2025-03-13,PEP,High Risk
2025-03-14,PEP,High Risk
2025-03-17,PEP,High Risk
2025-03-18,PEP,High Risk
2025-03-19,PEP,High Risk
2025-03-20,PEP,High Risk
2025-03-21,PEP,High Risk
2025-03-24,PEP,High Risk
2025-03-25,PEP,High Risk
2025-03-26,PEP,High Risk
2025-03-27,PEP,High Risk
2025-03-28,PEP,High Risk
2025-03-31,PEP,High Risk
2025-04-01,PEP,High Risk
2025-04-02,PEP,High Risk
2025-04-03,PEP,High Risk
2025-04-04,PEP,High Risk
2025-04-07,PEP,High Risk
2025-04-08,PEP,High Risk
2025-04-09,PEP,High Risk
2025-04-10,PEP,High Risk
2025-04-11,PEP,High Risk
2025-04-14,PEP,High Risk
2025-04-15,PEP,High Risk
2025-04-16,PEP,High Risk
2025-04-17,PEP,High Risk
2025-04-21,PEP,High Risk
2025-04-22,PEP,High Risk
2025-04-23,PEP,High Risk
2025-04-24,PEP,High Risk
2025-04-25,PEP,High Risk
2025-04-28,PEP,High Risk
2025-04-29,PEP,High Risk
2025-04-30,PEP,High Risk
2025-05-01,PEP,High Risk
2025-05-02,PEP,High Risk
2025-05-05,PEP,High Risk
2025-05-06,PEP,High Risk
2025-05-07,PEP,High Risk
2025-05-08,PEP,High Risk
2025-05-09,PEP,High Risk
2022-01-03,PFE,Medium Risk
2022-01-04,PFE,Medium Risk
2022-01-05,PFE,Medium Risk
2022-01-06,PFE,Medium Risk
2022-01-07,PFE,Medium Risk
2022-01-10,PFE,Medium Risk
2022-01-11,PFE,Medium Risk
2022-01-12,PFE,Medium Risk
2022-01-13,PFE,Medium Risk
2022-01-14,PFE,Medium Risk
2022-01-18,PFE,Medium Risk
2022-01-19,PFE,Medium Risk
2022-01-20,PFE,Medium Risk
2022-01-21,PFE,Medium Risk
2022-01-24,PFE,Medium Risk
2022-01-25,PFE,Medium Risk
2022-01-26,PFE,Medium Risk
2022-01-27,PFE,Medium Risk
2022-01-28,PFE,Medium Risk
2022-01-31,PFE,Medium Risk
2022-02-01,PFE,Medium Risk
2022-02-02,PFE,Medium Risk
2022-02-03,PFE,Medium Risk
2022-02-04,PFE,Medium Risk
2022-02-07,PFE,Medium Risk
2022-02-08,PFE,Medium Risk
2022-02-09,PFE,Medium Risk
2022-02-10,PFE,Medium Risk
2022-02-11,PFE,Medium Risk
2022-02-14,PFE,Medium Risk
2022-02-15,PFE,Medium Risk
2022-02-16,PFE,Medium Risk
2022-02-17,PFE,Medium Risk
2022-02-18,PFE,Medium Risk
2022-02-22,PFE,Medium Risk
2022-02-23,PFE,Medium Risk
2022-02-24,PFE,Medium Risk
2022-02-25,PFE,Medium Risk
2022-02-28,PFE,Medium Risk
2022-03-01,PFE,Medium Risk
2022-03-02,PFE,Medium Risk
2022-03-03,PFE,Medium Risk
2022-03-04,PFE,Medium Risk
2022-03-07,PFE,Medium Risk
2022-03-08,PFE,Medium Risk
2022-03-09,PFE,Medium Risk
2022-03-10,PFE,Medium Risk
2022-03-11,PFE,Medium Risk
2022-03-14,PFE,Medium Risk
2022-03-15,PFE,Medium Risk
2022-03-16,PFE,Medium Risk
2022-03-17,PFE,Medium Risk
2022-03-18,PFE,Medium Risk
2022-03-21,PFE,Medium Risk
2022-03-22,PFE,Medium Risk
2022-03-23,PFE,Medium Risk
2022-03-24,PFE,Medium Risk
2022-03-25,PFE,Medium Risk
2022-03-28,PFE,Medium Risk
2022-03-29,PFE,Medium Risk
2022-03-30,PFE,Medium Risk
2022-03-31,PFE,Medium Risk
2022-04-01,PFE,Medium Risk
2022-04-04,PFE,Medium Risk
2022-04-05,PFE,Medium Risk
2022-04-06,PFE,Medium Risk
2022-04-07,PFE,Medium Risk
2022-04-08,PFE,Medium Risk
2022-04-11,PFE,Medium Risk
2022-04-12,PFE,Medium Risk
2022-04-13,PFE,Medium Risk
2022-04-14,PFE,Medium Risk
2022-04-18,PFE,Medium Risk
2022-04-19,PFE,Medium Risk
2022-04-20,PFE,Medium Risk
2022-04-21,PFE,Medium Risk
2022-04-22,PFE,Medium Risk
2022-04-25,PFE,Medium Risk
2022-04-26,PFE,Medium Risk
2022-04-27,PFE,Medium Risk
2022-04-28,PFE,Medium Risk
2022-04-29,PFE,Medium Risk
2022-05-02,PFE,Medium Risk
2022-05-03,PFE,Medium Risk
2022-05-04,PFE,Medium Risk
2022-05-05,PFE,Medium Risk
2022-05-06,PFE,Medium Risk
2022-05-09,PFE,Medium Risk
2022-05-10,PFE,Medium Risk
2022-05-11,PFE,Medium Risk
2022-05-12,PFE,Medium Risk
2022-05-13,PFE,Medium Risk
2022-05-16,PFE,Medium Risk
2022-05-17,PFE,Medium Risk
2022-05-18,PFE,Medium Risk
2022-05-19,PFE,Medium Risk
2022-05-20,PFE,Medium Risk
2022-05-23,PFE,Medium Risk
2022-05-24,PFE,Medium Risk
2022-05-25,PFE,Medium Risk
2022-05-26,PFE,Medium Risk
2022-05-27,PFE,Medium Risk
2022-05-31,PFE,Medium Risk
2022-06-01,PFE,Medium Risk
2022-06-02,PFE,Medium Risk
2022-06-03,PFE,Medium Risk
2022-06-06,PFE,Medium Risk
2022-06-07,PFE,Medium Risk
2022-06-08,PFE,Medium Risk
2022-06-09,PFE,Medium Risk
2022-06-10,PFE,Medium Risk
2022-06-13,PFE,Medium Risk
2022-06-14,PFE,Medium Risk
2022-06-15,PFE,Medium Risk
2022-06-16,PFE,Medium Risk
2022-06-17,PFE,Medium Risk
2022-06-21,PFE,Medium Risk
2022-06-22,PFE,Medium Risk
2022-06-23,PFE,Medium Risk
2022-06-24,PFE,Medium Risk
2022-06-27,PFE,Medium Risk
2022-06-28,PFE,Medium Risk
2022-06-29,PFE,Medium Risk
2022-06-30,PFE,Medium Risk
2022-07-01,PFE,Medium Risk
2022-07-05,PFE,Medium Risk
2022-07-06,PFE,Medium Risk
2022-07-07,PFE,Medium Risk
2022-07-08,PFE,Medium Risk
2022-07-11,PFE,Medium Risk
2022-07-12,PFE,Medium Risk
2022-07-13,PFE,Medium Risk
2022-07-14,PFE,Medium Risk
2022-07-15,PFE,Medium Risk
2022-07-18,PFE,Medium Risk
2022-07-19,PFE,Medium Risk
2022-07-20,PFE,Medium Risk
2022-07-21,PFE,Medium Risk
2022-07-22,PFE,Medium Risk
2022-07-25,PFE,Medium Risk
2022-07-26,PFE,Medium Risk
2022-07-27,PFE,Medium Risk
2022-07-28,PFE,Medium Risk
2022-07-29,PFE,Medium Risk
2022-08-01,PFE,Medium Risk
2022-08-02,PFE,Medium Risk
2022-08-03,PFE,Medium Risk
2022-08-04,PFE,Medium Risk
2022-08-05,PFE,Medium Risk
2022-08-08,PFE,Medium Risk
2022-08-09,PFE,Medium Risk
2022-08-10,PFE,Medium Risk
2022-08-11,PFE,Medium Risk
2022-08-12,PFE,Medium Risk
2022-08-15,PFE,Medium Risk
2022-08-16,PFE,Medium Risk
2022-08-17,PFE,Medium Risk
2022-08-18,PFE,Medium Risk
2022-08-19,PFE,Medium Risk
2022-08-22,PFE,Medium Risk
2022-08-23,PFE,Medium Risk
2022-08-24,PFE,Medium Risk
2022-08-25,PFE,Medium Risk
2022-08-26,PFE,Medium Risk
2022-08-29,PFE,Medium Risk
2022-08-30,PFE,Medium Risk
2022-08-31,PFE,Medium Risk
2022-09-01,PFE,Medium Risk
2022-09-02,PFE,Medium Risk
2022-09-06,PFE,Medium Risk
2022-09-07,PFE,Medium Risk
2022-09-08,PFE,Medium Risk
2022-09-09,PFE,Medium Risk
2022-09-12,PFE,Medium Risk
2022-09-13,PFE,Medium Risk
2022-09-14,PFE,Medium Risk
2022-09-15,PFE,Medium Risk
2022-09-16,PFE,Medium Risk
2022-09-19,PFE,Medium Risk
2022-09-20,PFE,Medium Risk
2022-09-21,PFE,Medium Risk
2022-09-22,PFE,Medium Risk
2022-09-23,PFE,Medium Risk
2022-09-26,PFE,Medium Risk
2022-09-27,PFE,Medium Risk
2022-09-28,PFE,Medium Risk
2022-09-29,PFE,Medium Risk
2022-09-30,PFE,Medium Risk
2022-10-03,PFE,Medium Risk
2022-10-04,PFE,Medium Risk
2022-10-05,PFE,Medium Risk
2022-10-06,PFE,Medium Risk
2022-10-07,PFE,Medium Risk
2022-10-10,PFE,Medium Risk
2022-10-11,PFE,Medium Risk
2022-10-12,PFE,Medium Risk
2022-10-13,PFE,Medium Risk
2022-10-14,PFE,Medium Risk
2022-10-17,PFE,Medium Risk
2022-10-18,PFE,Medium Risk
2022-10-19,PFE,Medium Risk
2022-10-20,PFE,Medium Risk
2022-10-21,PFE,Medium Risk
2022-10-24,PFE,Medium Risk
2022-10-25,PFE,Medium Risk
2022-10-26,PFE,Medium Risk
2022-10-27,PFE,Medium Risk
2022-10-28,PFE,Medium Risk
2022-10-31,PFE,Medium Risk
2022-11-01,PFE,Medium Risk
2022-11-02,PFE,Medium Risk
2022-11-03,PFE,Medium Risk
2022-11-04,PFE,Medium Risk
2022-11-07,PFE,Medium Risk
2022-11-08,PFE,Medium Risk
2022-11-09,PFE,Medium Risk
2022-11-10,PFE,Medium Risk
2022-11-11,PFE,Medium Risk
2022-11-14,PFE,Medium Risk
2022-11-15,PFE,Medium Risk
2022-11-16,PFE,Medium Risk
2022-11-17,PFE,Medium Risk
2022-11-18,PFE,Medium Risk
2022-11-21,PFE,Medium Risk
2022-11-22,PFE,Medium Risk
2022-11-23,PFE,Medium Risk
2022-11-25,PFE,Medium Risk
2022-11-28,PFE,Medium Risk
2022-11-29,PFE,Medium Risk
2022-11-30,PFE,Medium Risk
2022-12-01,PFE,Medium Risk
2022-12-02,PFE,Medium Risk
2022-12-05,PFE,Medium Risk
2022-12-06,PFE,Medium Risk
2022-12-07,PFE,Medium Risk
2022-12-08,PFE,Medium Risk
2022-12-09,PFE,Medium Risk
2022-12-12,PFE,Medium Risk
2022-12-13,PFE,Medium Risk
2022-12-14,PFE,Medium Risk
2022-12-15,PFE,Medium Risk
2022-12-16,PFE,Medium Risk
2022-12-19,PFE,Medium Risk
2022-12-20,PFE,Medium Risk
2022-12-21,PFE,Medium Risk
2022-12-22,PFE,Medium Risk
2022-12-23,PFE,Medium Risk
2022-12-27,PFE,Medium Risk
2022-12-28,PFE,Medium Risk
2022-12-29,PFE,Medium Risk
2022-12-30,PFE,Medium Risk
2023-01-03,PFE,Medium Risk
2023-01-04,PFE,Medium Risk
2023-01-05,PFE,Medium Risk
2023-01-06,PFE,Medium Risk
2023-01-09,PFE,Medium Risk
2023-01-10,PFE,Medium Risk
2023-01-11,PFE,Medium Risk
2023-01-12,PFE,Medium Risk
2023-01-13,PFE,Medium Risk
2023-01-17,PFE,Medium Risk
2023-01-18,PFE,Medium Risk
2023-01-19,PFE,Medium Risk
2023-01-20,PFE,Medium Risk
2023-01-23,PFE,Medium Risk
2023-01-24,PFE,Medium Risk
2023-01-25,PFE,Medium Risk
2023-01-26,PFE,Medium Risk
2023-01-27,PFE,Medium Risk
2023-01-30,PFE,Medium Risk
2023-01-31,PFE,Medium Risk
2023-02-01,PFE,Medium Risk
2023-02-02,PFE,Medium Risk
2023-02-03,PFE,Medium Risk
2023-02-06,PFE,Medium Risk
2023-02-07,PFE,Medium Risk
2023-02-08,PFE,Medium Risk
2023-02-09,PFE,Medium Risk
2023-02-10,PFE,Medium Risk
2023-02-13,PFE,Medium Risk
2023-02-14,PFE,Medium Risk
2023-02-15,PFE,Medium Risk
2023-02-16,PFE,Medium Risk
2023-02-17,PFE,Medium Risk
2023-02-21,PFE,Medium Risk
2023-02-22,PFE,Medium Risk
2023-02-23,PFE,Medium Risk
2023-02-24,PFE,Medium Risk
2023-02-27,PFE,Medium Risk
2023-02-28,PFE,Medium Risk
2023-03-01,PFE,Medium Risk
2023-03-02,PFE,Medium Risk
2023-03-03,PFE,Medium Risk
2023-03-06,PFE,Medium Risk
2023-03-07,PFE,Medium Risk
2023-03-08,PFE,Medium Risk
2023-03-09,PFE,Medium Risk
2023-03-10,PFE,Medium Risk
2023-03-13,PFE,Medium Risk
2023-03-14,PFE,Medium Risk
2023-03-15,PFE,Medium Risk
2023-03-16,PFE,Medium Risk
2023-03-17,PFE,Medium Risk
2023-03-20,PFE,Medium Risk
2023-03-21,PFE,Medium Risk
2023-03-22,PFE,Medium Risk
2023-03-23,PFE,Medium Risk
2023-03-24,PFE,Medium Risk
2023-03-27,PFE,Medium Risk
2023-03-28,PFE,Medium Risk
2023-03-29,PFE,Medium Risk
2023-03-30,PFE,Medium Risk
2023-03-31,PFE,Medium Risk
2023-04-03,PFE,Medium Risk
2023-04-04,PFE,Medium Risk
2023-04-05,PFE,Medium Risk
2023-04-06,PFE,Medium Risk
2023-04-10,PFE,Medium Risk
2023-04-11,PFE,Medium Risk
2023-04-12,PFE,Medium Risk
2023-04-13,PFE,Medium Risk
2023-04-14,PFE,Medium Risk
2023-04-17,PFE,Medium Risk
2023-04-18,PFE,Medium Risk
2023-04-19,PFE,Medium Risk
2023-04-20,PFE,Medium Risk
2023-04-21,PFE,Medium Risk
2023-04-24,PFE,Medium Risk
2023-04-25,PFE,Medium Risk
2023-04-26,PFE,Medium Risk
2023-04-27,PFE,Medium Risk
2023-04-28,PFE,Medium Risk
2023-05-01,PFE,Medium Risk
2023-05-02,PFE,Medium Risk
2023-05-03,PFE,Medium Risk
2023-05-04,PFE,Medium Risk
2023-05-05,PFE,Medium Risk
2023-05-08,PFE,Medium Risk
2023-05-09,PFE,Medium Risk
2023-05-10,PFE,Medium Risk
2023-05-11,PFE,Medium Risk
2023-05-12,PFE,Medium Risk
2023-05-15,PFE,Medium Risk
2023-05-16,PFE,Medium Risk
2023-05-17,PFE,Medium Risk
2023-05-18,PFE,Medium Risk
2023-05-19,PFE,Medium Risk
2023-05-22,PFE,Medium Risk
2023-05-23,PFE,Medium Risk
2023-05-24,PFE,Medium Risk
2023-05-25,PFE,Medium Risk
2023-05-26,PFE,Medium Risk
2023-05-30,PFE,Medium Risk
2023-05-31,PFE,Medium Risk
2023-06-01,PFE,Medium Risk
2023-06-02,PFE,Medium Risk
2023-06-05,PFE,Medium Risk
2023-06-06,PFE,Medium Risk
2023-06-07,PFE,Medium Risk
2023-06-08,PFE,Medium Risk
2023-06-09,PFE,Medium Risk
2023-06-12,PFE,Medium Risk
2023-06-13,PFE,Medium Risk
2023-06-14,PFE,Medium Risk
2023-06-15,PFE,Medium Risk
2023-06-16,PFE,Medium Risk
2023-06-20,PFE,Medium Risk
2023-06-21,PFE,Medium Risk
2023-06-22,PFE,Medium Risk
2023-06-23,PFE,Medium Risk
2023-06-26,PFE,Medium Risk
2023-06-27,PFE,Medium Risk
2023-06-28,PFE,Medium Risk
2023-06-29,PFE,Medium Risk
2023-06-30,PFE,Medium Risk
2023-07-03,PFE,Medium Risk
2023-07-05,PFE,Medium Risk
2023-07-06,PFE,Medium Risk
2023-07-07,PFE,Medium Risk
2023-07-10,PFE,Medium Risk
2023-07-11,PFE,Medium Risk
2023-07-12,PFE,Medium Risk
2023-07-13,PFE,Medium Risk
2023-07-14,PFE,Medium Risk
2023-07-17,PFE,Medium Risk
2023-07-18,PFE,Medium Risk
2023-07-19,PFE,Medium Risk
2023-07-20,PFE,Medium Risk
2023-07-21,PFE,Medium Risk
2023-07-24,PFE,Medium Risk
2023-07-25,PFE,Medium Risk
2023-07-26,PFE,Medium Risk
2023-07-27,PFE,Medium Risk
2023-07-28,PFE,Medium Risk
2023-07-31,PFE,Medium Risk
2023-08-01,PFE,Medium Risk
2023-08-02,PFE,Medium Risk
2023-08-03,PFE,Medium Risk
2023-08-04,PFE,Medium Risk
2023-08-07,PFE,Medium Risk
2023-08-08,PFE,Medium Risk
2023-08-09,PFE,Medium Risk
2023-08-10,PFE,Medium Risk
2023-08-11,PFE,Medium Risk
2023-08-14,PFE,Medium Risk
2023-08-15,PFE,Medium Risk
2023-08-16,PFE,Medium Risk
2023-08-17,PFE,Medium Risk
2023-08-18,PFE,Medium Risk
2023-08-21,PFE,Medium Risk
2023-08-22,PFE,Medium Risk
2023-08-23,PFE,Medium Risk
2023-08-24,PFE,Medium Risk
2023-08-25,PFE,Medium Risk
2023-08-28,PFE,Medium Risk
2023-08-29,PFE,Medium Risk
2023-08-30,PFE,Medium Risk
2023-08-31,PFE,Medium Risk
2023-09-01,PFE,Medium Risk
2023-09-05,PFE,Medium Risk
2023-09-06,PFE,Medium Risk
2023-09-07,PFE,Medium Risk
2023-09-08,PFE,Medium Risk
2023-09-11,PFE,Medium Risk
2023-09-12,PFE,Medium Risk
2023-09-13,PFE,Medium Risk
2023-09-14,PFE,Medium Risk
2023-09-15,PFE,Medium Risk
2023-09-18,PFE,Medium Risk
2023-09-19,PFE,Medium Risk
2023-09-20,PFE,Medium Risk
2023-09-21,PFE,Medium Risk
2023-09-22,PFE,Medium Risk
2023-09-25,PFE,Medium Risk
2023-09-26,PFE,Medium Risk
2023-09-27,PFE,Medium Risk
2023-09-28,PFE,Medium Risk
2023-09-29,PFE,Medium Risk
2023-10-02,PFE,Medium Risk
2023-10-03,PFE,Medium Risk
2023-10-04,PFE,Medium Risk
2023-10-05,PFE,Medium Risk
2023-10-06,PFE,Medium Risk
2023-10-09,PFE,Medium Risk
2023-10-10,PFE,Medium Risk
2023-10-11,PFE,Medium Risk
2023-10-12,PFE,Medium Risk
2023-10-13,PFE,Medium Risk
2023-10-16,PFE,Medium Risk
2023-10-17,PFE,Medium Risk
2023-10-18,PFE,Medium Risk
2023-10-19,PFE,Medium Risk
2023-10-20,PFE,Medium Risk
2023-10-23,PFE,Medium Risk
2023-10-24,PFE,Medium Risk
2023-10-25,PFE,Medium Risk
2023-10-26,PFE,Medium Risk
2023-10-27,PFE,Medium Risk
2023-10-30,PFE,Medium Risk
2023-10-31,PFE,Medium Risk
2023-11-01,PFE,Medium Risk
2023-11-02,PFE,Medium Risk
2023-11-03,PFE,Medium Risk
2023-11-06,PFE,Medium Risk
2023-11-07,PFE,Medium Risk
2023-11-08,PFE,Medium Risk
2023-11-09,PFE,Medium Risk
2023-11-10,PFE,Medium Risk
2023-11-13,PFE,Medium Risk
2023-11-14,PFE,Medium Risk
2023-11-15,PFE,Medium Risk
2023-11-16,PFE,Medium Risk
2023-11-17,PFE,Medium Risk
2023-11-20,PFE,Medium Risk
2023-11-21,PFE,Medium Risk
2023-11-22,PFE,Medium Risk
2023-11-24,PFE,Medium Risk
2023-11-27,PFE,Medium Risk
2023-11-28,PFE,Medium Risk
2023-11-29,PFE,Medium Risk
2023-11-30,PFE,Medium Risk
2023-12-01,PFE,Medium Risk
2023-12-04,PFE,Medium Risk
2023-12-05,PFE,Medium Risk
2023-12-06,PFE,Medium Risk
2023-12-07,PFE,Medium Risk
2023-12-08,PFE,Medium Risk
2023-12-11,PFE,Medium Risk
2023-12-12,PFE,Medium Risk
2023-12-13,PFE,Medium Risk
2023-12-14,PFE,Medium Risk
2023-12-15,PFE,Medium Risk
2023-12-18,PFE,Medium Risk
2023-12-19,PFE,Medium Risk
2023-12-20,PFE,Medium Risk
2023-12-21,PFE,Medium Risk
2023-12-22,PFE,Medium Risk
2023-12-26,PFE,Medium Risk
2023-12-27,PFE,Medium Risk
2023-12-28,PFE,Medium Risk
2023-12-29,PFE,Medium Risk
2024-01-02,PFE,Medium Risk
2024-01-03,PFE,Medium Risk
2024-01-04,PFE,Medium Risk
2024-01-05,PFE,Medium Risk
2024-01-08,PFE,Medium Risk
2024-01-09,PFE,Medium Risk
2024-01-10,PFE,Medium Risk
2024-01-11,PFE,Medium Risk
2024-01-12,PFE,Medium Risk
2024-01-16,PFE,Medium Risk
2024-01-17,PFE,Medium Risk
2024-01-18,PFE,Medium Risk
2024-01-19,PFE,Medium Risk
2024-01-22,PFE,Medium Risk
2024-01-23,PFE,Medium Risk
2024-01-24,PFE,Medium Risk
2024-01-25,PFE,Medium Risk
2024-01-26,PFE,Medium Risk
2024-01-29,PFE,Medium Risk
2024-01-30,PFE,Medium Risk
2024-01-31,PFE,Medium Risk
2024-02-01,PFE,Medium Risk
2024-02-02,PFE,Medium Risk
2024-02-05,PFE,Medium Risk
2024-02-06,PFE,Medium Risk
2024-02-07,PFE,Medium Risk
2024-02-08,PFE,Medium Risk
2024-02-09,PFE,Medium Risk
2024-02-12,PFE,Medium Risk
2024-02-13,PFE,Medium Risk
2024-02-14,PFE,Medium Risk
2024-02-15,PFE,Medium Risk
2024-02-16,PFE,Medium Risk
2024-02-20,PFE,Medium Risk
2024-02-21,PFE,Medium Risk
2024-02-22,PFE,Medium Risk
2024-02-23,PFE,Medium Risk
2024-02-26,PFE,Medium Risk
2024-02-27,PFE,Medium Risk
2024-02-28,PFE,Medium Risk
2024-02-29,PFE,Medium Risk
2024-03-01,PFE,Medium Risk
2024-03-04,PFE,Medium Risk
2024-03-05,PFE,Medium Risk
2024-03-06,PFE,Medium Risk
2024-03-07,PFE,Medium Risk
2024-03-08,PFE,Medium Risk
2024-03-11,PFE,Medium Risk
2024-03-12,PFE,Medium Risk
2024-03-13,PFE,Medium Risk
2024-03-14,PFE,Medium Risk
2024-03-15,PFE,Medium Risk
2024-03-18,PFE,Medium Risk
2024-03-19,PFE,Medium Risk
2024-03-20,PFE,Medium Risk
2024-03-21,PFE,Medium Risk
2024-03-22,PFE,Medium Risk
2024-03-25,PFE,Medium Risk
2024-03-26,PFE,Medium Risk
2024-03-27,PFE,Medium Risk
2024-03-28,PFE,Medium Risk
2024-04-01,PFE,Medium Risk
2024-04-02,PFE,Medium Risk
2024-04-03,PFE,Medium Risk
2024-04-04,PFE,Medium Risk
2024-04-05,PFE,Medium Risk
2024-04-08,PFE,Medium Risk
2024-04-09,PFE,Medium Risk
2024-04-10,PFE,Medium Risk
2024-04-11,PFE,Medium Risk
2024-04-12,PFE,Medium Risk
2024-04-15,PFE,Medium Risk
2024-04-16,PFE,Medium Risk
2024-04-17,PFE,Medium Risk
2024-04-18,PFE,Medium Risk
2024-04-19,PFE,Medium Risk
2024-04-22,PFE,Medium Risk
2024-04-23,PFE,Medium Risk
2024-04-24,PFE,Medium Risk
2024-04-25,PFE,Medium Risk
2024-04-26,PFE,Medium Risk
2024-04-29,PFE,Medium Risk
2024-04-30,PFE,Medium Risk
2024-05-01,PFE,Medium Risk
2024-05-02,PFE,Medium Risk
2024-05-03,PFE,Medium Risk
2024-05-06,PFE,Medium Risk
2024-05-07,PFE,Medium Risk
2024-05-08,PFE,Medium Risk
2024-05-09,PFE,Medium Risk
2024-05-10,PFE,Medium Risk
2024-05-13,PFE,Medium Risk
2024-05-14,PFE,Medium Risk
2024-05-15,PFE,Medium Risk
2024-05-16,PFE,Medium Risk
2024-05-17,PFE,Medium Risk
2024-05-20,PFE,Medium Risk
2024-05-21,PFE,Medium Risk
2024-05-22,PFE,Medium Risk
2024-05-23,PFE,Medium Risk
2024-05-24,PFE,Medium Risk
2024-05-28,PFE,Medium Risk
2024-05-29,PFE,Medium Risk
2024-05-30,PFE,Medium Risk
2024-05-31,PFE,Medium Risk
2024-06-03,PFE,Medium Risk
2024-06-04,PFE,Medium Risk
2024-06-05,PFE,Medium Risk
2024-06-06,PFE,Medium Risk
2024-06-07,PFE,Medium Risk
2024-06-10,PFE,Medium Risk
2024-06-11,PFE,Medium Risk
2024-06-12,PFE,Medium Risk
2024-06-13,PFE,Medium Risk
2024-06-14,PFE,Medium Risk
2024-06-17,PFE,Medium Risk
2024-06-18,PFE,Medium Risk
2024-06-20,PFE,Medium Risk
2024-06-21,PFE,Medium Risk
2024-06-24,PFE,Medium Risk
2024-06-25,PFE,Medium Risk
2024-06-26,PFE,Medium Risk
2024-06-27,PFE,Medium Risk
2024-06-28,PFE,Medium Risk
2024-07-01,PFE,Medium Risk
2024-07-02,PFE,Medium Risk
2024-07-03,PFE,Medium Risk
2024-07-05,PFE,Medium Risk
2024-07-08,PFE,Medium Risk
2024-07-09,PFE,Medium Risk
2024-07-10,PFE,Medium Risk
2024-07-11,PFE,Medium Risk
2024-07-12,PFE,Medium Risk
2024-07-15,PFE,Medium Risk
2024-07-16,PFE,Medium Risk
2024-07-17,PFE,Medium Risk
2024-07-18,PFE,Medium Risk
2024-07-19,PFE,Medium Risk
2024-07-22,PFE,Medium Risk
2024-07-23,PFE,Medium Risk
2024-07-24,PFE,Medium Risk
2024-07-25,PFE,Medium Risk
2024-07-26,PFE,Medium Risk
2024-07-29,PFE,Medium Risk
2024-07-30,PFE,Medium Risk
2024-07-31,PFE,Medium Risk
2024-08-01,PFE,Medium Risk
2024-08-02,PFE,Medium Risk
2024-08-05,PFE,Medium Risk
2024-08-06,PFE,Medium Risk
2024-08-07,PFE,Medium Risk
2024-08-08,PFE,Medium Risk
2024-08-09,PFE,Medium Risk
2024-08-12,PFE,Medium Risk
2024-08-13,PFE,Medium Risk
2024-08-14,PFE,Medium Risk
2024-08-15,PFE,Medium Risk
2024-08-16,PFE,Medium Risk
2024-08-19,PFE,Medium Risk
2024-08-20,PFE,Medium Risk
2024-08-21,PFE,Medium Risk
2024-08-22,PFE,Medium Risk
2024-08-23,PFE,Medium Risk
2024-08-26,PFE,Medium Risk
2024-08-27,PFE,Medium Risk
2024-08-28,PFE,Medium Risk
2024-08-29,PFE,Medium Risk
2024-08-30,PFE,Medium Risk
2024-09-03,PFE,Medium Risk
2024-09-04,PFE,Medium Risk
2024-09-05,PFE,Medium Risk
2024-09-06,PFE,Medium Risk
2024-09-09,PFE,Medium Risk
2024-09-10,PFE,Medium Risk
2024-09-11,PFE,Medium Risk
2024-09-12,PFE,Medium Risk
2024-09-13,PFE,Medium Risk
2024-09-16,PFE,Medium Risk
2024-09-17,PFE,Medium Risk
2024-09-18,PFE,Medium Risk
2024-09-19,PFE,Medium Risk
2024-09-20,PFE,Medium Risk
2024-09-23,PFE,Medium Risk
2024-09-24,PFE,Medium Risk
2024-09-25,PFE,Medium Risk
2024-09-26,PFE,Medium Risk
2024-09-27,PFE,Medium Risk
2024-09-30,PFE,Medium Risk
2024-10-01,PFE,Medium Risk
2024-10-02,PFE,Medium Risk
2024-10-03,PFE,Medium Risk
2024-10-04,PFE,Medium Risk
2024-10-07,PFE,Medium Risk
2024-10-08,PFE,Medium Risk
2024-10-09,PFE,Medium Risk
2024-10-10,PFE,Medium Risk
2024-10-11,PFE,Medium Risk
2024-10-14,PFE,Medium Risk
2024-10-15,PFE,Medium Risk
2024-10-16,PFE,Medium Risk
2024-10-17,PFE,Medium Risk
2024-10-18,PFE,Medium Risk
2024-10-21,PFE,Medium Risk
2024-10-22,PFE,Medium Risk
2024-10-23,PFE,Medium Risk
2024-10-24,PFE,Medium Risk
2024-10-25,PFE,Medium Risk
2024-10-28,PFE,Medium Risk
2024-10-29,PFE,Medium Risk
2024-10-30,PFE,Medium Risk
2024-10-31,PFE,Medium Risk
2024-11-01,PFE,Medium Risk
2024-11-04,PFE,Medium Risk
2024-11-05,PFE,Medium Risk
2024-11-06,PFE,Medium Risk
2024-11-07,PFE,Medium Risk
2024-11-08,PFE,Medium Risk
2024-11-11,PFE,Medium Risk
2024-11-12,PFE,Medium Risk
2024-11-13,PFE,Medium Risk
2024-11-14,PFE,Medium Risk
2024-11-15,PFE,Medium Risk
2024-11-18,PFE,Medium Risk
2024-11-19,PFE,Medium Risk
2024-11-20,PFE,Medium Risk
2024-11-21,PFE,Medium Risk
2024-11-22,PFE,Medium Risk
2024-11-25,PFE,Medium Risk
2024-11-26,PFE,Medium Risk
2024-11-27,PFE,Medium Risk
2024-11-29,PFE,Medium Risk
2024-12-02,PFE,Medium Risk
2024-12-03,PFE,Medium Risk
2024-12-04,PFE,Medium Risk
2024-12-05,PFE,Medium Risk
2024-12-06,PFE,Medium Risk
2024-12-09,PFE,Medium Risk
2024-12-10,PFE,Medium Risk
2024-12-11,PFE,Medium Risk
2024-12-12,PFE,Medium Risk
2024-12-13,PFE,Medium Risk
2024-12-16,PFE,Medium Risk
2024-12-17,PFE,Medium Risk
2024-12-18,PFE,Medium Risk
2024-12-19,PFE,Medium Risk
2024-12-20,PFE,Medium Risk
2024-12-23,PFE,Medium Risk
2024-12-24,PFE,Medium Risk
2024-12-26,PFE,Medium Risk
2024-12-27,PFE,Medium Risk
2024-12-30,PFE,Medium Risk
2024-12-31,PFE,Medium Risk
2025-01-02,PFE,Medium Risk
2025-01-03,PFE,Medium Risk
2025-01-06,PFE,Medium Risk
2025-01-07,PFE,Medium Risk
2025-01-08,PFE,Medium Risk
2025-01-10,PFE,Medium Risk
2025-01-13,PFE,Medium Risk
2025-01-14,PFE,Medium Risk
2025-01-15,PFE,Medium Risk
2025-01-16,PFE,Medium Risk
2025-01-17,PFE,Medium Risk
2025-01-21,PFE,Medium Risk
2025-01-22,PFE,Medium Risk
2025-01-23,PFE,Medium Risk
2025-01-24,PFE,Medium Risk
2025-01-27,PFE,Medium Risk
2025-01-28,PFE,Medium Risk
2025-01-29,PFE,Medium Risk
2025-01-30,PFE,Medium Risk
2025-01-31,PFE,Medium Risk
2025-02-03,PFE,Medium Risk
2025-02-04,PFE,Medium Risk
2025-02-05,PFE,Medium Risk
2025-02-06,PFE,Medium Risk
2025-02-07,PFE,Medium Risk
2025-02-10,PFE,Medium Risk
2025-02-11,PFE,Medium Risk
2025-02-12,PFE,Medium Risk
2025-02-13,PFE,Medium Risk
2025-02-14,PFE,Medium Risk
2025-02-18,PFE,Medium Risk
2025-02-19,PFE,Medium Risk
2025-02-20,PFE,Medium Risk
2025-02-21,PFE,Medium Risk
2025-02-24,PFE,Medium Risk
2025-02-25,PFE,Medium Risk
2025-02-26,PFE,Medium Risk
2025-02-27,PFE,Medium Risk
2025-02-28,PFE,Medium Risk
2025-03-03,PFE,Medium Risk
2025-03-04,PFE,Medium Risk
2025-03-05,PFE,Medium Risk
2025-03-06,PFE,Medium Risk
2025-03-07,PFE,Medium Risk
2025-03-10,PFE,Medium Risk
2025-03-11,PFE,Medium Risk
2025-03-12,PFE,Medium Risk
2025-03-13,PFE,Medium Risk
2025-03-14,PFE,Medium Risk
2025-03-17,PFE,Medium Risk
2025-03-18,PFE,Medium Risk
2025-03-19,PFE,Medium Risk
2025-03-20,PFE,Medium Risk
2025-03-24,PFE,Medium Risk
2025-03-25,PFE,Medium Risk
2025-03-26,PFE,Medium Risk
2025-03-27,PFE,Medium Risk
2025-03-28,PFE,Medium Risk
2025-03-31,PFE,Medium Risk
2025-04-01,PFE,Medium Risk
2025-04-02,PFE,Medium Risk
2025-04-03,PFE,Medium Risk
2025-04-04,PFE,Medium Risk
2025-04-07,PFE,Medium Risk
2025-04-08,PFE,Medium Risk
2025-04-09,PFE,Medium Risk
2025-04-10,PFE,Medium Risk
2025-04-11,PFE,Medium Risk
2025-04-14,PFE,Medium Risk
2025-04-15,PFE,Medium Risk
2025-04-16,PFE,Medium Risk
2025-04-17,PFE,Medium Risk
2025-04-21,PFE,Medium Risk
2025-04-22,PFE,Medium Risk
2025-04-23,PFE,Medium Risk
2025-04-24,PFE,Medium Risk
2025-04-25,PFE,Medium Risk
2025-04-28,PFE,Medium Risk
2025-04-29,PFE,Medium Risk
2025-04-30,PFE,Medium Risk
2025-05-01,PFE,Medium Risk
2025-05-02,PFE,Medium Risk
2025-05-05,PFE,Medium Risk
2025-05-06,PFE,Medium Risk
2025-05-07,PFE,Medium Risk
2025-05-08,PFE,Medium Risk
2025-05-09,PFE,Medium Risk
2022-01-03,PG,High Risk
2022-01-04,PG,High Risk
2022-01-05,PG,High Risk
2022-01-06,PG,High Risk
2022-01-07,PG,High Risk
2022-01-10,PG,High Risk
2022-01-11,PG,High Risk
2022-01-12,PG,High Risk
2022-01-13,PG,High Risk
2022-01-14,PG,High Risk
2022-01-18,PG,High Risk
2022-01-19,PG,High Risk
2022-01-20,PG,High Risk
2022-01-21,PG,High Risk
2022-01-24,PG,High Risk
2022-01-25,PG,High Risk
2022-01-26,PG,High Risk
2022-01-27,PG,High Risk
2022-01-28,PG,High Risk
2022-01-31,PG,High Risk
2022-02-01,PG,High Risk
2022-02-02,PG,High Risk
2022-02-03,PG,High Risk
2022-02-04,PG,High Risk
2022-02-07,PG,High Risk
2022-02-08,PG,High Risk
2022-02-09,PG,High Risk
2022-02-10,PG,High Risk
2022-02-11,PG,High Risk
2022-02-14,PG,High Risk
2022-02-15,PG,High Risk
2022-02-16,PG,High Risk
2022-02-17,PG,High Risk
2022-02-18,PG,High Risk
2022-02-22,PG,High Risk
2022-02-23,PG,High Risk
2022-02-24,PG,High Risk
2022-02-25,PG,High Risk
2022-02-28,PG,High Risk
2022-03-01,PG,High Risk
2022-03-02,PG,High Risk
2022-03-03,PG,High Risk
2022-03-04,PG,High Risk
2022-03-07,PG,High Risk
2022-03-08,PG,High Risk
2022-03-09,PG,High Risk
2022-03-10,PG,High Risk
2022-03-11,PG,High Risk
2022-03-14,PG,High Risk
2022-03-15,PG,High Risk
2022-03-16,PG,High Risk
2022-03-17,PG,High Risk
2022-03-18,PG,High Risk
2022-03-21,PG,High Risk
2022-03-22,PG,High Risk
2022-03-23,PG,High Risk
2022-03-24,PG,High Risk
2022-03-25,PG,High Risk
2022-03-28,PG,High Risk
2022-03-29,PG,High Risk
2022-03-30,PG,High Risk
2022-03-31,PG,High Risk
2022-04-01,PG,High Risk
2022-04-04,PG,High Risk
2022-04-05,PG,High Risk
2022-04-06,PG,High Risk
2022-04-07,PG,High Risk
2022-04-08,PG,High Risk
2022-04-11,PG,High Risk
2022-04-12,PG,High Risk
2022-04-13,PG,High Risk
2022-04-14,PG,High Risk
2022-04-18,PG,High Risk
2022-04-19,PG,High Risk
2022-04-20,PG,High Risk
2022-04-21,PG,High Risk
2022-04-22,PG,High Risk
2022-04-25,PG,High Risk
2022-04-26,PG,High Risk
2022-04-27,PG,High Risk
2022-04-28,PG,High Risk
2022-04-29,PG,High Risk
2022-05-02,PG,High Risk
2022-05-03,PG,High Risk
2022-05-04,PG,High Risk
2022-05-05,PG,High Risk
2022-05-06,PG,High Risk
2022-05-09,PG,High Risk
2022-05-10,PG,High Risk
2022-05-11,PG,High Risk
2022-05-12,PG,High Risk
2022-05-13,PG,High Risk
2022-05-16,PG,High Risk
2022-05-17,PG,High Risk
2022-05-18,PG,High Risk
2022-05-19,PG,High Risk
2022-05-20,PG,High Risk
2022-05-23,PG,High Risk
2022-05-24,PG,High Risk
2022-05-25,PG,High Risk
2022-05-26,PG,High Risk
2022-05-27,PG,High Risk
2022-05-31,PG,High Risk
2022-06-01,PG,High Risk
2022-06-02,PG,High Risk
2022-06-03,PG,High Risk
2022-06-06,PG,High Risk
2022-06-07,PG,High Risk
2022-06-08,PG,High Risk
2022-06-09,PG,High Risk
2022-06-10,PG,High Risk
2022-06-13,PG,High Risk
2022-06-14,PG,High Risk
2022-06-15,PG,High Risk
2022-06-16,PG,High Risk
2022-06-17,PG,High Risk
2022-06-21,PG,Medium Risk
2022-06-22,PG,High Risk
2022-06-23,PG,High Risk
2022-06-24,PG,High Risk
2022-06-27,PG,High Risk
2022-06-28,PG,High Risk
2022-06-29,PG,High Risk
2022-06-30,PG,High Risk
2022-07-01,PG,High Risk
2022-07-05,PG,High Risk
2022-07-06,PG,High Risk
2022-07-07,PG,High Risk
2022-07-08,PG,High Risk
2022-07-11,PG,High Risk
2022-07-12,PG,High Risk
2022-07-13,PG,High Risk
2022-07-14,PG,High Risk
2022-07-15,PG,High Risk
2022-07-18,PG,High Risk
2022-07-19,PG,High Risk
2022-07-20,PG,High Risk
2022-07-21,PG,High Risk
2022-07-22,PG,High Risk
2022-07-25,PG,High Risk
2022-07-26,PG,High Risk
2022-07-27,PG,High Risk
2022-07-28,PG,High Risk
2022-07-29,PG,High Risk
2022-08-01,PG,High Risk
2022-08-02,PG,High Risk
2022-08-03,PG,High Risk
2022-08-04,PG,High Risk
2022-08-05,PG,High Risk
2022-08-08,PG,High Risk
2022-08-09,PG,High Risk
2022-08-10,PG,High Risk
2022-08-11,PG,High Risk
2022-08-12,PG,High Risk
2022-08-15,PG,High Risk
2022-08-16,PG,High Risk
2022-08-17,PG,High Risk
2022-08-18,PG,High Risk
2022-08-19,PG,High Risk
2022-08-22,PG,High Risk
2022-08-23,PG,High Risk
2022-08-24,PG,High Risk
2022-08-25,PG,High Risk
2022-08-26,PG,High Risk
2022-08-29,PG,High Risk
2022-08-30,PG,High Risk
2022-08-31,PG,High Risk
2022-09-01,PG,High Risk
2022-09-02,PG,High Risk
2022-09-06,PG,High Risk
2022-09-07,PG,High Risk
2022-09-08,PG,High Risk
2022-09-09,PG,High Risk
2022-09-12,PG,High Risk
2022-09-13,PG,High Risk
2022-09-14,PG,High Risk
2022-09-15,PG,High Risk
2022-09-16,PG,High Risk
2022-09-19,PG,High Risk
2022-09-20,PG,High Risk
2022-09-21,PG,High Risk
2022-09-22,PG,High Risk
2022-09-23,PG,High Risk
2022-09-26,PG,High Risk
2022-09-27,PG,High Risk
2022-09-28,PG,High Risk
2022-09-29,PG,Medium Risk
2022-09-30,PG,Medium Risk
2022-10-03,PG,Medium Risk
2022-10-04,PG,Medium Risk
2022-10-05,PG,Medium Risk
2022-10-06,PG,Medium Risk
2022-10-07,PG,Medium Risk
2022-10-10,PG,Medium Risk
2022-10-11,PG,Medium Risk
2022-10-12,PG,Medium Risk
2022-10-13,PG,Medium Risk
2022-10-14,PG,Medium Risk
2022-10-17,PG,Medium Risk
2022-10-18,PG,Medium Risk
2022-10-19,PG,Medium Risk
2022-10-20,PG,Medium Risk
2022-10-21,PG,Medium Risk
2022-10-24,PG,Medium Risk
2022-10-25,PG,Medium Risk
2022-10-26,PG,Medium Risk
2022-10-27,PG,Medium Risk
2022-10-28,PG,Medium Risk
2022-10-31,PG,Medium Risk
2022-11-01,PG,Medium Risk
2022-11-02,PG,Medium Risk
2022-11-03,PG,Medium Risk
2022-11-04,PG,Medium Risk
2022-11-07,PG,Medium Risk
2022-11-08,PG,Medium Risk
2022-11-09,PG,High Risk
2022-11-10,PG,High Risk
2022-11-11,PG,High Risk
2022-11-14,PG,High Risk
2022-11-15,PG,High Risk
2022-11-16,PG,High Risk
2022-11-17,PG,High Risk
2022-11-18,PG,High Risk
2022-11-21,PG,High Risk
2022-11-22,PG,High Risk
2022-11-23,PG,High Risk
2022-11-25,PG,High Risk
2022-11-28,PG,High Risk
2022-11-29,PG,High Risk
2022-11-30,PG,High Risk
2022-12-01,PG,High Risk
2022-12-02,PG,High Risk
2022-12-05,PG,High Risk
2022-12-06,PG,High Risk
2022-12-07,PG,High Risk
2022-12-08,PG,High Risk
2022-12-09,PG,High Risk
2022-12-12,PG,High Risk
2022-12-13,PG,High Risk
2022-12-14,PG,High Risk
2022-12-15,PG,High Risk
2022-12-16,PG,High Risk
2022-12-19,PG,High Risk
2022-12-20,PG,High Risk
2022-12-21,PG,High Risk
2022-12-22,PG,High Risk
2022-12-23,PG,High Risk
2022-12-27,PG,High Risk
2022-12-28,PG,High Risk
2022-12-29,PG,High Risk
2022-12-30,PG,High Risk
2023-01-03,PG,High Risk
2023-01-04,PG,High Risk
2023-01-05,PG,High Risk
2023-01-06,PG,High Risk
2023-01-09,PG,High Risk
2023-01-10,PG,High Risk
2023-01-11,PG,High Risk
2023-01-12,PG,High Risk
2023-01-13,PG,High Risk
2023-01-17,PG,High Risk
2023-01-18,PG,High Risk
2023-01-19,PG,High Risk
2023-01-20,PG,High Risk
2023-01-23,PG,High Risk
2023-01-24,PG,High Risk
2023-01-25,PG,High Risk
2023-01-26,PG,High Risk
2023-01-27,PG,High Risk
2023-01-30,PG,High Risk
2023-01-31,PG,High Risk
2023-02-01,PG,High Risk
2023-02-02,PG,High Risk
2023-02-03,PG,High Risk
2023-02-06,PG,High Risk
2023-02-07,PG,High Risk
2023-02-08,PG,High Risk
2023-02-09,PG,High Risk
2023-02-10,PG,High Risk
2023-02-13,PG,High Risk
2023-02-14,PG,High Risk
2023-02-15,PG,High Risk
2023-02-16,PG,High Risk
2023-02-17,PG,High Risk
2023-02-21,PG,High Risk
2023-02-22,PG,High Risk
2023-02-23,PG,High Risk
2023-02-24,PG,High Risk
2023-02-27,PG,High Risk
2023-02-28,PG,High Risk
2023-03-01,PG,High Risk
2023-03-02,PG,High Risk
2023-03-03,PG,High Risk
2023-03-06,PG,High Risk
2023-03-07,PG,High Risk
2023-03-08,PG,High Risk
2023-03-09,PG,High Risk
2023-03-10,PG,High Risk
2023-03-13,PG,High Risk
2023-03-14,PG,High Risk
2023-03-15,PG,High Risk
2023-03-16,PG,High Risk
2023-03-17,PG,High Risk
2023-03-20,PG,High Risk
2023-03-21,PG,High Risk
2023-03-22,PG,High Risk
2023-03-23,PG,High Risk
2023-03-24,PG,High Risk
2023-03-27,PG,High Risk
2023-03-28,PG,High Risk
2023-03-29,PG,High Risk
2023-03-30,PG,High Risk
2023-03-31,PG,High Risk
2023-04-03,PG,High Risk
2023-04-04,PG,High Risk
2023-04-05,PG,High Risk
2023-04-06,PG,High Risk
2023-04-10,PG,High Risk
2023-04-11,PG,High Risk
2023-04-12,PG,High Risk
2023-04-13,PG,High Risk
2023-04-14,PG,High Risk
2023-04-17,PG,High Risk
2023-04-18,PG,High Risk
2023-04-19,PG,High Risk
2023-04-20,PG,High Risk
2023-04-21,PG,High Risk
2023-04-24,PG,High Risk
2023-04-25,PG,High Risk
2023-04-26,PG,High Risk
2023-04-27,PG,High Risk
2023-04-28,PG,High Risk
2023-05-01,PG,High Risk
2023-05-02,PG,High Risk
2023-05-03,PG,High Risk
2023-05-04,PG,High Risk
2023-05-05,PG,High Risk
2023-05-08,PG,High Risk
2023-05-09,PG,High Risk
2023-05-10,PG,High Risk
2023-05-11,PG,High Risk
2023-05-12,PG,High Risk
2023-05-15,PG,High Risk
2023-05-16,PG,High Risk
2023-05-17,PG,High Risk
2023-05-18,PG,High Risk
2023-05-19,PG,High Risk
2023-05-22,PG,High Risk
2023-05-23,PG,High Risk
2023-05-24,PG,High Risk
2023-05-25,PG,High Risk
2023-05-26,PG,High Risk
2023-05-30,PG,High Risk
2023-05-31,PG,High Risk
2023-06-01,PG,High Risk
2023-06-02,PG,High Risk
2023-06-05,PG,High Risk
2023-06-06,PG,High Risk
2023-06-07,PG,High Risk
2023-06-08,PG,High Risk
2023-06-09,PG,High Risk
2023-06-12,PG,High Risk
2023-06-13,PG,High Risk
2023-06-14,PG,High Risk
2023-06-15,PG,High Risk
2023-06-16,PG,High Risk
2023-06-20,PG,High Risk
2023-06-21,PG,High Risk
2023-06-22,PG,High Risk
2023-06-23,PG,High Risk
2023-06-26,PG,High Risk
2023-06-27,PG,High Risk
2023-06-28,PG,High Risk
2023-06-29,PG,High Risk
2023-06-30,PG,High Risk
2023-07-03,PG,High Risk
2023-07-05,PG,High Risk
2023-07-06,PG,High Risk
2023-07-07,PG,High Risk
2023-07-10,PG,High Risk
2023-07-11,PG,High Risk
2023-07-12,PG,High Risk
2023-07-13,PG,High Risk
2023-07-14,PG,High Risk
2023-07-17,PG,High Risk
2023-07-18,PG,High Risk
2023-07-19,PG,High Risk
2023-07-20,PG,High Risk
2023-07-21,PG,High Risk
2023-07-24,PG,High Risk
2023-07-25,PG,High Risk
2023-07-26,PG,High Risk
2023-07-27,PG,High Risk
2023-07-28,PG,High Risk
2023-07-31,PG,High Risk
2023-08-01,PG,High Risk
2023-08-02,PG,High Risk
2023-08-03,PG,High Risk
2023-08-04,PG,High Risk
2023-08-07,PG,High Risk
2023-08-08,PG,High Risk
2023-08-09,PG,High Risk
2023-08-10,PG,High Risk
2023-08-11,PG,High Risk
2023-08-14,PG,High Risk
2023-08-15,PG,High Risk
2023-08-16,PG,High Risk
2023-08-17,PG,High Risk
2023-08-18,PG,High Risk
2023-08-21,PG,High Risk
2023-08-22,PG,High Risk
2023-08-23,PG,High Risk
2023-08-24,PG,High Risk
2023-08-25,PG,High Risk
2023-08-28,PG,High Risk
2023-08-29,PG,High Risk
2023-08-30,PG,High Risk
2023-08-31,PG,High Risk
2023-09-01,PG,High Risk
2023-09-05,PG,High Risk
2023-09-06,PG,High Risk
2023-09-07,PG,High Risk
2023-09-08,PG,High Risk
2023-09-11,PG,High Risk
2023-09-12,PG,High Risk
2023-09-13,PG,High Risk
2023-09-14,PG,High Risk
2023-09-15,PG,High Risk
2023-09-18,PG,High Risk
2023-09-19,PG,High Risk
2023-09-20,PG,High Risk
2023-09-21,PG,High Risk
2023-09-22,PG,High Risk
2023-09-25,PG,High Risk
2023-09-26,PG,High Risk
2023-09-27,PG,High Risk
2023-09-28,PG,High Risk
2023-09-29,PG,High Risk
2023-10-02,PG,High Risk
2023-10-03,PG,High Risk
2023-10-04,PG,High Risk
2023-10-05,PG,High Risk
2023-10-06,PG,High Risk
2023-10-09,PG,High Risk
2023-10-10,PG,High Risk
2023-10-11,PG,High Risk
2023-10-12,PG,High Risk
2023-10-13,PG,High Risk
2023-10-16,PG,High Risk
2023-10-17,PG,High Risk
2023-10-18,PG,High Risk
2023-10-19,PG,High Risk
2023-10-20,PG,High Risk
2023-10-23,PG,High Risk
2023-10-24,PG,High Risk
2023-10-25,PG,High Risk
2023-10-26,PG,High Risk
2023-10-27,PG,High Risk
2023-10-30,PG,High Risk
2023-10-31,PG,High Risk
2023-11-01,PG,High Risk
2023-11-02,PG,High Risk
2023-11-03,PG,High Risk
2023-11-06,PG,High Risk
2023-11-07,PG,High Risk
2023-11-08,PG,High Risk
2023-11-09,PG,High Risk
2023-11-10,PG,High Risk
2023-11-13,PG,High Risk
2023-11-14,PG,High Risk
2023-11-15,PG,High Risk
2023-11-16,PG,High Risk
2023-11-17,PG,High Risk
2023-11-20,PG,High Risk
2023-11-21,PG,High Risk
2023-11-22,PG,High Risk
2023-11-24,PG,High Risk
2023-11-27,PG,High Risk
2023-11-28,PG,High Risk
2023-11-29,PG,High Risk
2023-11-30,PG,High Risk
2023-12-01,PG,High Risk
2023-12-04,PG,High Risk
2023-12-05,PG,High Risk
2023-12-06,PG,High Risk
2023-12-07,PG,High Risk
2023-12-08,PG,High Risk
2023-12-11,PG,High Risk
2023-12-12,PG,High Risk
2023-12-13,PG,High Risk
2023-12-14,PG,High Risk
2023-12-15,PG,High Risk
2023-12-18,PG,High Risk
2023-12-19,PG,High Risk
2023-12-20,PG,High Risk
2023-12-21,PG,High Risk
2023-12-22,PG,High Risk
2023-12-26,PG,High Risk
2023-12-27,PG,High Risk
2023-12-28,PG,High Risk
2023-12-29,PG,High Risk
2024-01-02,PG,High Risk
2024-01-03,PG,High Risk
2024-01-04,PG,High Risk
2024-01-05,PG,High Risk
2024-01-08,PG,High Risk
2024-01-09,PG,High Risk
2024-01-10,PG,High Risk
2024-01-11,PG,High Risk
2024-01-12,PG,High Risk
2024-01-16,PG,High Risk
2024-01-17,PG,High Risk
2024-01-18,PG,High Risk
2024-01-19,PG,High Risk
2024-01-22,PG,High Risk
2024-01-23,PG,High Risk
2024-01-24,PG,High Risk
2024-01-25,PG,High Risk
2024-01-26,PG,High Risk
2024-01-29,PG,High Risk
2024-01-30,PG,High Risk
2024-01-31,PG,High Risk
2024-02-01,PG,High Risk
2024-02-02,PG,High Risk
2024-02-05,PG,High Risk
2024-02-06,PG,High Risk
2024-02-07,PG,High Risk
2024-02-08,PG,High Risk
2024-02-09,PG,High Risk
2024-02-12,PG,High Risk
2024-02-13,PG,High Risk
2024-02-14,PG,High Risk
2024-02-15,PG,High Risk
2024-02-16,PG,High Risk
2024-02-20,PG,High Risk
2024-02-21,PG,High Risk
2024-02-22,PG,High Risk
2024-02-23,PG,High Risk
2024-02-26,PG,High Risk
2024-02-27,PG,High Risk
2024-02-28,PG,High Risk
2024-02-29,PG,High Risk
2024-03-01,PG,High Risk
2024-03-04,PG,High Risk
2024-03-05,PG,High Risk
2024-03-06,PG,High Risk
2024-03-07,PG,High Risk
2024-03-08,PG,High Risk
2024-03-11,PG,High Risk
2024-03-12,PG,High Risk
2024-03-13,PG,High Risk
2024-03-14,PG,High Risk
2024-03-15,PG,High Risk
2024-03-18,PG,High Risk
2024-03-19,PG,High Risk
2024-03-20,PG,High Risk
2024-03-21,PG,High Risk
2024-03-22,PG,High Risk
2024-03-25,PG,High Risk
2024-03-26,PG,High Risk
2024-03-27,PG,High Risk
2024-03-28,PG,High Risk
2024-04-01,PG,High Risk
2024-04-02,PG,High Risk
2024-04-03,PG,High Risk
2024-04-04,PG,High Risk
2024-04-05,PG,High Risk
2024-04-08,PG,High Risk
2024-04-09,PG,High Risk
2024-04-10,PG,High Risk
2024-04-11,PG,High Risk
2024-04-12,PG,High Risk
2024-04-15,PG,High Risk
2024-04-16,PG,High Risk
2024-04-17,PG,High Risk
2024-04-18,PG,High Risk
2024-04-19,PG,High Risk
2024-04-22,PG,High Risk
2024-04-23,PG,High Risk
2024-04-24,PG,High Risk
2024-04-25,PG,High Risk
2024-04-26,PG,High Risk
2024-04-29,PG,High Risk
2024-04-30,PG,High Risk
2024-05-01,PG,High Risk
2024-05-02,PG,High Risk
2024-05-03,PG,High Risk
2024-05-06,PG,High Risk
2024-05-07,PG,High Risk
2024-05-08,PG,High Risk
2024-05-09,PG,High Risk
2024-05-10,PG,High Risk
2024-05-13,PG,High Risk
2024-05-14,PG,High Risk
2024-05-15,PG,High Risk
2024-05-16,PG,High Risk
2024-05-17,PG,High Risk
2024-05-20,PG,High Risk
2024-05-21,PG,High Risk
2024-05-22,PG,High Risk
2024-05-23,PG,High Risk
2024-05-24,PG,High Risk
2024-05-28,PG,High Risk
2024-05-29,PG,High Risk
2024-05-30,PG,High Risk
2024-05-31,PG,High Risk
2024-06-03,PG,High Risk
2024-06-04,PG,High Risk
2024-06-05,PG,High Risk
2024-06-06,PG,High Risk
2024-06-07,PG,High Risk
2024-06-10,PG,High Risk
2024-06-11,PG,High Risk
2024-06-12,PG,High Risk
2024-06-13,PG,High Risk
2024-06-14,PG,High Risk
2024-06-17,PG,High Risk
2024-06-18,PG,High Risk
2024-06-20,PG,High Risk
2024-06-21,PG,High Risk
2024-06-24,PG,High Risk
2024-06-25,PG,High Risk
2024-06-26,PG,High Risk
2024-06-27,PG,High Risk
2024-06-28,PG,High Risk
2024-07-01,PG,High Risk
2024-07-02,PG,High Risk
2024-07-03,PG,High Risk
2024-07-05,PG,High Risk
2024-07-08,PG,High Risk
2024-07-09,PG,High Risk
2024-07-10,PG,High Risk
2024-07-11,PG,High Risk
2024-07-12,PG,High Risk
2024-07-15,PG,High Risk
2024-07-16,PG,High Risk
2024-07-17,PG,High Risk
2024-07-18,PG,High Risk
2024-07-19,PG,High Risk
2024-07-22,PG,High Risk
2024-07-23,PG,High Risk
2024-07-24,PG,High Risk
2024-07-25,PG,High Risk
2024-07-26,PG,High Risk
2024-07-29,PG,High Risk
2024-07-30,PG,High Risk
2024-07-31,PG,High Risk
2024-08-01,PG,High Risk
2024-08-02,PG,High Risk
2024-08-05,PG,High Risk
2024-08-06,PG,High Risk
2024-08-07,PG,High Risk
2024-08-08,PG,High Risk
2024-08-09,PG,High Risk
2024-08-12,PG,High Risk
2024-08-13,PG,High Risk
2024-08-14,PG,High Risk
2024-08-15,PG,High Risk
2024-08-16,PG,High Risk
2024-08-19,PG,High Risk
2024-08-20,PG,High Risk
2024-08-21,PG,High Risk
2024-08-22,PG,High Risk
2024-08-23,PG,High Risk
2024-08-26,PG,High Risk
2024-08-27,PG,High Risk
2024-08-28,PG,High Risk
2024-08-29,PG,High Risk
2024-08-30,PG,High Risk
2024-09-03,PG,High Risk
2024-09-04,PG,High Risk
2024-09-05,PG,High Risk
2024-09-06,PG,High Risk
2024-09-09,PG,High Risk
2024-09-10,PG,High Risk
2024-09-11,PG,High Risk
2024-09-12,PG,High Risk
2024-09-13,PG,High Risk
2024-09-16,PG,High Risk
2024-09-17,PG,High Risk
2024-09-18,PG,High Risk
2024-09-19,PG,High Risk
2024-09-20,PG,High Risk
2024-09-23,PG,High Risk
2024-09-24,PG,High Risk
2024-09-25,PG,High Risk
2024-09-26,PG,High Risk
2024-09-27,PG,High Risk
2024-09-30,PG,High Risk
2024-10-01,PG,High Risk
2024-10-02,PG,High Risk
2024-10-03,PG,High Risk
2024-10-04,PG,High Risk
2024-10-07,PG,High Risk
2024-10-08,PG,High Risk
2024-10-09,PG,High Risk
2024-10-10,PG,High Risk
2024-10-11,PG,High Risk
2024-10-14,PG,High Risk
2024-10-15,PG,High Risk
2024-10-16,PG,High Risk
2024-10-17,PG,High Risk
2024-10-18,PG,High Risk
2024-10-21,PG,High Risk
2024-10-22,PG,High Risk
2024-10-23,PG,High Risk
2024-10-24,PG,High Risk
2024-10-25,PG,High Risk
2024-10-28,PG,High Risk
2024-10-29,PG,High Risk
2024-10-30,PG,High Risk
2024-10-31,PG,High Risk
2024-11-01,PG,High Risk
2024-11-04,PG,High Risk
2024-11-05,PG,High Risk
2024-11-06,PG,High Risk
2024-11-07,PG,High Risk
2024-11-08,PG,High Risk
2024-11-11,PG,High Risk
2024-11-12,PG,High Risk
2024-11-13,PG,High Risk
2024-11-14,PG,High Risk
2024-11-15,PG,High Risk
2024-11-18,PG,High Risk
2024-11-19,PG,High Risk
2024-11-20,PG,High Risk
2024-11-21,PG,High Risk
2024-11-22,PG,High Risk
2024-11-25,PG,High Risk
2024-11-26,PG,High Risk
2024-11-27,PG,High Risk
2024-11-29,PG,High Risk
2024-12-02,PG,High Risk
2024-12-03,PG,High Risk
2024-12-04,PG,High Risk
2024-12-05,PG,High Risk
2024-12-06,PG,High Risk
2024-12-09,PG,High Risk
2024-12-10,PG,High Risk
2024-12-11,PG,High Risk
2024-12-12,PG,High Risk
2024-12-13,PG,High Risk
2024-12-16,PG,High Risk
2024-12-17,PG,High Risk
2024-12-18,PG,High Risk
2024-12-19,PG,High Risk
2024-12-20,PG,High Risk
2024-12-23,PG,High Risk
2024-12-24,PG,High Risk
2024-12-26,PG,High Risk
2024-12-27,PG,High Risk
2024-12-30,PG,High Risk
2024-12-31,PG,High Risk
2025-01-02,PG,High Risk
2025-01-03,PG,High Risk
2025-01-06,PG,High Risk
2025-01-07,PG,High Risk
2025-01-08,PG,High Risk
2025-01-10,PG,High Risk
2025-01-13,PG,High Risk
2025-01-14,PG,High Risk
2025-01-15,PG,High Risk
2025-01-16,PG,High Risk
2025-01-17,PG,High Risk
2025-01-21,PG,High Risk
2025-01-22,PG,High Risk
2025-01-23,PG,High Risk
2025-01-24,PG,High Risk
2025-01-27,PG,High Risk
2025-01-28,PG,High Risk
2025-01-29,PG,High Risk
2025-01-30,PG,High Risk
2025-01-31,PG,High Risk
2025-02-03,PG,High Risk
2025-02-04,PG,High Risk
2025-02-05,PG,High Risk
2025-02-06,PG,High Risk
2025-02-07,PG,High Risk
2025-02-10,PG,High Risk
2025-02-11,PG,High Risk
2025-02-12,PG,High Risk
2025-02-13,PG,High Risk
2025-02-14,PG,High Risk
2025-02-18,PG,High Risk
2025-02-19,PG,High Risk
2025-02-20,PG,High Risk
2025-02-21,PG,High Risk
2025-02-24,PG,High Risk
2025-02-25,PG,High Risk
2025-02-26,PG,High Risk
2025-02-27,PG,High Risk
2025-02-28,PG,High Risk
2025-03-03,PG,High Risk
2025-03-04,PG,High Risk
2025-03-05,PG,High Risk
2025-03-06,PG,High Risk
2025-03-07,PG,High Risk
2025-03-10,PG,High Risk
2025-03-11,PG,High Risk
2025-03-12,PG,High Risk
2025-03-13,PG,High Risk
2025-03-14,PG,High Risk
2025-03-17,PG,High Risk
2025-03-18,PG,High Risk
2025-03-19,PG,High Risk
2025-03-20,PG,High Risk
2025-03-21,PG,High Risk
2025-03-24,PG,High Risk
2025-03-25,PG,High Risk
2025-03-26,PG,High Risk
2025-03-27,PG,High Risk
2025-03-28,PG,High Risk
2025-03-31,PG,High Risk
2025-04-01,PG,High Risk
2025-04-02,PG,High Risk
2025-04-03,PG,High Risk
2025-04-04,PG,High Risk
2025-04-07,PG,High Risk
2025-04-08,PG,High Risk
2025-04-09,PG,High Risk
2025-04-10,PG,High Risk
2025-04-11,PG,High Risk
2025-04-14,PG,High Risk
2025-04-15,PG,High Risk
2025-04-16,PG,High Risk
2025-04-17,PG,High Risk
2025-04-21,PG,High Risk
2025-04-22,PG,High Risk
2025-04-23,PG,High Risk
2025-04-24,PG,High Risk
2025-04-25,PG,High Risk
2025-04-28,PG,High Risk
2025-04-29,PG,High Risk
2025-04-30,PG,High Risk
2025-05-01,PG,High Risk
2025-05-02,PG,High Risk
2025-05-05,PG,High Risk
2025-05-06,PG,High Risk
2025-05-07,PG,High Risk
2025-05-08,PG,High Risk
2025-05-09,PG,High Risk
2022-01-03,T,Medium Risk
2022-01-04,T,Medium Risk
2022-01-05,T,Medium Risk
2022-01-06,T,Medium Risk
2022-01-07,T,Medium Risk
2022-01-10,T,Medium Risk
2022-01-11,T,Medium Risk
2022-01-12,T,Medium Risk
2022-01-13,T,Medium Risk
2022-01-14,T,Medium Risk
2022-01-18,T,Medium Risk
2022-01-19,T,Medium Risk
2022-01-20,T,Medium Risk
2022-01-21,T,Medium Risk
2022-01-24,T,Medium Risk
2022-01-25,T,Medium Risk
2022-01-26,T,Medium Risk
2022-01-27,T,Medium Risk
2022-01-28,T,Medium Risk
2022-01-31,T,Medium Risk
2022-02-01,T,Medium Risk
2022-02-02,T,Medium Risk
2022-02-03,T,Medium Risk
2022-02-04,T,Medium Risk
2022-02-07,T,Medium Risk
2022-02-08,T,Medium Risk
2022-02-09,T,Medium Risk
2022-02-10,T,Medium Risk
2022-02-11,T,Medium Risk
2022-02-14,T,Medium Risk
2022-02-15,T,Medium Risk
2022-02-16,T,Medium Risk
2022-02-17,T,Medium Risk
2022-02-18,T,Medium Risk
2022-02-22,T,Medium Risk
2022-02-23,T,Medium Risk
2022-02-24,T,Medium Risk
2022-02-25,T,Medium Risk
2022-02-28,T,Medium Risk
2022-03-01,T,Medium Risk
2022-03-02,T,Medium Risk
2022-03-03,T,Medium Risk
2022-03-04,T,Medium Risk
2022-03-07,T,Medium Risk
2022-03-08,T,Medium Risk
2022-03-09,T,Medium Risk
2022-03-10,T,Medium Risk
2022-03-11,T,Medium Risk
2022-03-14,T,Medium Risk
2022-03-15,T,Medium Risk
2022-03-16,T,Medium Risk
2022-03-17,T,Medium Risk
2022-03-18,T,Medium Risk
2022-03-21,T,Medium Risk
2022-03-22,T,Medium Risk
2022-03-23,T,Medium Risk
2022-03-24,T,Medium Risk
2022-03-25,T,Medium Risk
2022-03-28,T,Medium Risk
2022-03-29,T,Medium Risk
2022-03-30,T,Medium Risk
2022-03-31,T,Medium Risk
2022-04-01,T,Medium Risk
2022-04-04,T,Medium Risk
2022-04-05,T,Medium Risk
2022-04-06,T,Medium Risk
2022-04-07,T,Medium Risk
2022-04-08,T,Medium Risk
2022-04-11,T,Medium Risk
2022-04-12,T,Medium Risk
2022-04-13,T,Medium Risk
2022-04-14,T,Medium Risk
2022-04-18,T,Medium Risk
2022-04-19,T,Medium Risk
2022-04-20,T,Medium Risk
2022-04-21,T,Medium Risk
2022-04-22,T,Medium Risk
2022-04-25,T,Medium Risk
2022-04-26,T,Medium Risk
2022-04-27,T,Medium Risk
2022-04-28,T,Medium Risk
2022-04-29,T,Medium Risk
2022-05-02,T,Medium Risk
2022-05-03,T,Medium Risk
2022-05-04,T,Medium Risk
2022-05-05,T,Medium Risk
2022-05-06,T,Medium Risk
2022-05-09,T,Medium Risk
2022-05-10,T,Medium Risk
2022-05-11,T,Medium Risk
2022-05-12,T,Medium Risk
2022-05-13,T,Medium Risk
2022-05-16,T,Medium Risk
2022-05-17,T,Medium Risk
2022-05-18,T,Medium Risk
2022-05-19,T,Medium Risk
2022-05-20,T,Medium Risk
2022-05-23,T,Medium Risk
2022-05-24,T,Medium Risk
2022-05-25,T,Medium Risk
2022-05-26,T,Medium Risk
2022-05-27,T,Medium Risk
2022-05-31,T,Medium Risk
2022-06-01,T,Medium Risk
2022-06-02,T,Medium Risk
2022-06-03,T,Medium Risk
2022-06-06,T,Medium Risk
2022-06-07,T,Medium Risk
2022-06-08,T,Medium Risk
2022-06-09,T,Medium Risk
2022-06-10,T,Medium Risk
2022-06-13,T,Medium Risk
2022-06-14,T,Medium Risk
2022-06-15,T,Medium Risk
2022-06-16,T,Medium Risk
2022-06-17,T,Medium Risk
2022-06-21,T,Medium Risk
2022-06-22,T,Medium Risk
2022-06-23,T,Medium Risk
2022-06-24,T,Medium Risk
2022-06-27,T,Medium Risk
2022-06-28,T,Medium Risk
2022-06-29,T,Medium Risk
2022-06-30,T,Medium Risk
2022-07-01,T,Medium Risk
2022-07-05,T,Medium Risk
2022-07-06,T,Medium Risk
2022-07-07,T,Medium Risk
2022-07-08,T,Medium Risk
2022-07-11,T,Medium Risk
2022-07-12,T,Medium Risk
2022-07-13,T,Medium Risk
2022-07-14,T,Medium Risk
2022-07-15,T,Medium Risk
2022-07-18,T,Medium Risk
2022-07-19,T,Medium Risk
2022-07-20,T,Medium Risk
2022-07-21,T,Medium Risk
2022-07-22,T,Medium Risk
2022-07-25,T,Medium Risk
2022-07-26,T,Medium Risk
2022-07-27,T,Medium Risk
2022-07-28,T,Medium Risk
2022-07-29,T,Medium Risk
2022-08-01,T,Medium Risk
2022-08-02,T,Medium Risk
2022-08-03,T,Medium Risk
2022-08-04,T,Medium Risk
2022-08-05,T,Medium Risk
2022-08-08,T,Medium Risk
2022-08-09,T,Medium Risk
2022-08-10,T,Medium Risk
2022-08-11,T,Medium Risk
2022-08-12,T,Medium Risk
2022-08-15,T,Medium Risk
2022-08-16,T,Medium Risk
2022-08-17,T,Medium Risk
2022-08-18,T,Medium Risk
2022-08-19,T,Medium Risk
2022-08-22,T,Medium Risk
2022-08-23,T,Medium Risk
2022-08-24,T,Medium Risk
2022-08-25,T,Medium Risk
2022-08-26,T,Medium Risk
2022-08-29,T,Medium Risk
2022-08-30,T,Medium Risk
2022-08-31,T,Medium Risk
2022-09-01,T,Medium Risk
2022-09-02,T,Medium Risk
2022-09-06,T,Medium Risk
2022-09-07,T,Medium Risk
2022-09-08,T,Medium Risk
2022-09-09,T,Medium Risk
2022-09-12,T,Medium Risk
2022-09-13,T,Medium Risk
2022-09-14,T,Medium Risk
2022-09-15,T,Medium Risk
2022-09-16,T,Medium Risk
2022-09-19,T,Medium Risk
2022-09-20,T,Medium Risk
2022-09-21,T,Medium Risk
2022-09-22,T,Medium Risk
2022-09-23,T,Medium Risk
2022-09-26,T,Medium Risk
2022-09-27,T,Medium Risk
2022-09-28,T,Medium Risk
2022-09-29,T,Medium Risk
2022-09-30,T,Medium Risk
2022-10-03,T,Medium Risk
2022-10-04,T,Medium Risk
2022-10-05,T,Medium Risk
2022-10-06,T,Medium Risk
2022-10-07,T,Medium Risk
2022-10-10,T,Medium Risk
2022-10-11,T,Medium Risk
2022-10-12,T,Medium Risk
2022-10-13,T,Medium Risk
2022-10-14,T,Medium Risk
2022-10-17,T,Medium Risk
2022-10-18,T,Medium Risk
2022-10-19,T,Medium Risk
2022-10-20,T,Medium Risk
2022-10-21,T,Medium Risk
2022-10-24,T,Medium Risk
2022-10-25,T,Medium Risk
2022-10-26,T,Medium Risk
2022-10-27,T,Medium Risk
2022-10-28,T,Medium Risk
2022-10-31,T,Medium Risk
2022-11-01,T,Medium Risk
2022-11-02,T,Medium Risk
2022-11-03,T,Medium Risk
2022-11-04,T,Medium Risk
2022-11-07,T,Medium Risk
2022-11-08,T,Medium Risk
2022-11-09,T,Medium Risk
2022-11-10,T,Medium Risk
2022-11-11,T,Medium Risk
2022-11-14,T,Medium Risk
2022-11-15,T,Medium Risk
2022-11-16,T,Medium Risk
2022-11-17,T,Medium Risk
2022-11-18,T,Medium Risk
2022-11-21,T,Medium Risk
2022-11-22,T,Medium Risk
2022-11-23,T,Medium Risk
2022-11-25,T,Medium Risk
2022-11-28,T,Medium Risk
2022-11-29,T,Medium Risk
2022-11-30,T,Medium Risk
2022-12-01,T,Medium Risk
2022-12-02,T,Medium Risk
2022-12-05,T,Medium Risk
2022-12-06,T,Medium Risk
2022-12-07,T,Medium Risk
2022-12-08,T,Medium Risk
2022-12-09,T,Medium Risk
2022-12-12,T,Medium Risk
2022-12-13,T,Medium Risk
2022-12-14,T,Medium Risk
2022-12-15,T,Medium Risk
2022-12-16,T,Medium Risk
2022-12-19,T,Medium Risk
2022-12-20,T,Medium Risk
2022-12-21,T,Medium Risk
2022-12-22,T,Medium Risk
2022-12-23,T,Medium Risk
2022-12-27,T,Medium Risk
2022-12-28,T,Medium Risk
2022-12-29,T,Medium Risk
2022-12-30,T,Medium Risk
2023-01-03,T,Medium Risk
2023-01-04,T,Medium Risk
2023-01-05,T,Medium Risk
2023-01-06,T,Medium Risk
2023-01-09,T,Medium Risk
2023-01-10,T,Medium Risk
2023-01-11,T,Medium Risk
2023-01-12,T,Medium Risk
2023-01-13,T,Medium Risk
2023-01-17,T,Medium Risk
2023-01-18,T,Medium Risk
2023-01-19,T,Medium Risk
2023-01-20,T,Medium Risk
2023-01-23,T,Medium Risk
2023-01-24,T,Medium Risk
2023-01-25,T,Medium Risk
2023-01-26,T,Medium Risk
2023-01-27,T,Medium Risk
2023-01-30,T,Medium Risk
2023-01-31,T,Medium Risk
2023-02-01,T,Medium Risk
2023-02-02,T,Medium Risk
2023-02-03,T,Medium Risk
2023-02-06,T,Medium Risk
2023-02-07,T,Medium Risk
2023-02-08,T,Medium Risk
2023-02-09,T,Medium Risk
2023-02-10,T,Medium Risk
2023-02-13,T,Medium Risk
2023-02-14,T,Medium Risk
2023-02-15,T,Medium Risk
2023-02-16,T,Medium Risk
2023-02-17,T,Medium Risk
2023-02-21,T,Medium Risk
2023-02-22,T,Medium Risk
2023-02-23,T,Medium Risk
2023-02-24,T,Medium Risk
2023-02-27,T,Medium Risk
2023-02-28,T,Medium Risk
2023-03-01,T,Medium Risk
2023-03-02,T,Medium Risk
2023-03-03,T,Medium Risk
2023-03-06,T,Medium Risk
2023-03-07,T,Medium Risk
2023-03-08,T,Medium Risk
2023-03-09,T,Medium Risk
2023-03-10,T,Medium Risk
2023-03-13,T,Medium Risk
2023-03-14,T,Medium Risk
2023-03-15,T,Medium Risk
2023-03-16,T,Medium Risk
2023-03-17,T,Medium Risk
2023-03-20,T,Medium Risk
2023-03-21,T,Medium Risk
2023-03-22,T,Medium Risk
2023-03-23,T,Medium Risk
2023-03-24,T,Medium Risk
2023-03-27,T,Medium Risk
2023-03-28,T,Medium Risk
2023-03-29,T,Medium Risk
2023-03-30,T,Medium Risk
2023-03-31,T,Medium Risk
2023-04-03,T,Medium Risk
2023-04-04,T,Medium Risk
2023-04-05,T,Medium Risk
2023-04-06,T,Medium Risk
2023-04-10,T,Medium Risk
2023-04-11,T,Medium Risk
2023-04-12,T,Medium Risk
2023-04-13,T,Medium Risk
2023-04-14,T,Medium Risk
2023-04-17,T,Medium Risk
2023-04-18,T,Medium Risk
2023-04-19,T,Medium Risk
2023-04-20,T,Medium Risk
2023-04-21,T,Medium Risk
2023-04-24,T,Medium Risk
2023-04-25,T,Medium Risk
2023-04-26,T,Medium Risk
2023-04-27,T,Medium Risk
2023-04-28,T,Medium Risk
2023-05-01,T,Medium Risk
2023-05-02,T,Medium Risk
2023-05-03,T,Medium Risk
2023-05-04,T,Medium Risk
2023-05-05,T,Medium Risk
2023-05-08,T,Medium Risk
2023-05-09,T,Medium Risk
2023-05-10,T,Medium Risk
2023-05-11,T,Medium Risk
2023-05-12,T,Medium Risk
2023-05-15,T,Medium Risk
2023-05-16,T,Medium Risk
2023-05-17,T,Medium Risk
2023-05-18,T,Medium Risk
2023-05-19,T,Medium Risk
2023-05-22,T,Medium Risk
2023-05-23,T,Medium Risk
2023-05-24,T,Medium Risk
2023-05-25,T,Medium Risk
2023-05-26,T,Medium Risk
2023-05-30,T,Medium Risk
2023-05-31,T,Medium Risk
2023-06-01,T,Medium Risk
2023-06-02,T,Medium Risk
2023-06-05,T,Medium Risk
2023-06-06,T,Medium Risk
2023-06-07,T,Medium Risk
2023-06-08,T,Medium Risk
2023-06-09,T,Medium Risk
2023-06-12,T,Medium Risk
2023-06-13,T,Medium Risk
2023-06-14,T,Medium Risk
2023-06-15,T,Medium Risk
2023-06-16,T,Medium Risk
2023-06-20,T,Medium Risk
2023-06-21,T,Medium Risk
2023-06-22,T,Medium Risk
2023-06-23,T,Medium Risk
2023-06-26,T,Medium Risk
2023-06-27,T,Medium Risk
2023-06-28,T,Medium Risk
2023-06-29,T,Medium Risk
2023-06-30,T,Medium Risk
2023-07-03,T,Medium Risk
2023-07-05,T,Medium Risk
2023-07-06,T,Medium Risk
2023-07-07,T,Medium Risk
2023-07-10,T,Medium Risk
2023-07-11,T,Medium Risk
2023-07-12,T,Medium Risk
2023-07-13,T,Medium Risk
2023-07-14,T,Medium Risk
2023-07-17,T,Medium Risk
2023-07-18,T,Medium Risk
2023-07-19,T,Medium Risk
2023-07-20,T,Medium Risk
2023-07-21,T,Medium Risk
2023-07-24,T,Medium Risk
2023-07-25,T,Medium Risk
2023-07-26,T,Medium Risk
2023-07-27,T,Medium Risk
2023-07-28,T,Medium Risk
2023-07-31,T,Medium Risk
2023-08-01,T,Medium Risk
2023-08-02,T,Medium Risk
2023-08-03,T,Medium Risk
2023-08-04,T,Medium Risk
2023-08-07,T,Medium Risk
2023-08-08,T,Medium Risk
2023-08-09,T,Medium Risk
2023-08-10,T,Medium Risk
2023-08-11,T,Medium Risk
2023-08-14,T,Medium Risk
2023-08-15,T,Medium Risk
2023-08-16,T,Medium Risk
2023-08-17,T,Medium Risk
2023-08-18,T,Medium Risk
2023-08-21,T,Medium Risk
2023-08-22,T,Medium Risk
2023-08-23,T,Medium Risk
2023-08-24,T,Medium Risk
2023-08-25,T,Medium Risk
2023-08-28,T,Medium Risk
2023-08-29,T,Medium Risk
2023-08-30,T,Medium Risk
2023-08-31,T,Medium Risk
2023-09-01,T,Medium Risk
2023-09-05,T,Medium Risk
2023-09-06,T,Medium Risk
2023-09-07,T,Medium Risk
2023-09-08,T,Medium Risk
2023-09-11,T,Medium Risk
2023-09-12,T,Medium Risk
2023-09-13,T,Medium Risk
2023-09-14,T,Medium Risk
2023-09-15,T,Medium Risk
2023-09-18,T,Medium Risk
2023-09-19,T,Medium Risk
2023-09-20,T,Medium Risk
2023-09-21,T,Medium Risk
2023-09-22,T,Medium Risk
2023-09-25,T,Medium Risk
2023-09-26,T,Medium Risk
2023-09-27,T,Medium Risk
2023-09-28,T,Medium Risk
2023-09-29,T,Medium Risk
2023-10-02,T,Medium Risk
2023-10-03,T,Medium Risk
2023-10-04,T,Medium Risk
2023-10-05,T,Medium Risk
2023-10-06,T,Medium Risk
2023-10-09,T,Medium Risk
2023-10-10,T,Medium Risk
2023-10-11,T,Medium Risk
2023-10-12,T,Medium Risk
2023-10-13,T,Medium Risk
2023-10-16,T,Medium Risk
2023-10-17,T,Medium Risk
2023-10-18,T,Medium Risk
2023-10-19,T,Medium Risk
2023-10-20,T,Medium Risk
2023-10-23,T,Medium Risk
2023-10-24,T,Medium Risk
2023-10-25,T,Medium Risk
2023-10-26,T,Medium Risk
2023-10-27,T,Medium Risk
2023-10-30,T,Medium Risk
2023-10-31,T,Medium Risk
2023-11-01,T,Medium Risk
2023-11-02,T,Medium Risk
2023-11-03,T,Medium Risk
2023-11-06,T,Medium Risk
2023-11-07,T,Medium Risk
2023-11-08,T,Medium Risk
2023-11-09,T,Medium Risk
2023-11-10,T,Medium Risk
2023-11-13,T,Medium Risk
2023-11-14,T,Medium Risk
2023-11-15,T,Medium Risk
2023-11-16,T,Medium Risk
2023-11-17,T,Medium Risk
2023-11-20,T,Medium Risk
2023-11-21,T,Medium Risk
2023-11-22,T,Medium Risk
2023-11-24,T,Medium Risk
2023-11-27,T,Medium Risk
2023-11-28,T,Medium Risk
2023-11-29,T,Medium Risk
2023-11-30,T,Medium Risk
2023-12-01,T,Medium Risk
2023-12-04,T,Medium Risk
2023-12-05,T,Medium Risk
2023-12-06,T,Medium Risk
2023-12-07,T,Medium Risk
2023-12-08,T,Medium Risk
2023-12-11,T,Medium Risk
2023-12-12,T,Medium Risk
2023-12-13,T,Medium Risk
2023-12-14,T,Medium Risk
2023-12-15,T,Medium Risk
2023-12-18,T,Medium Risk
2023-12-19,T,Medium Risk
2023-12-20,T,Medium Risk
2023-12-21,T,Medium Risk
2023-12-22,T,Medium Risk
2023-12-26,T,Medium Risk
2023-12-27,T,Medium Risk
2023-12-28,T,Medium Risk
2023-12-29,T,Medium Risk
2024-01-02,T,Medium Risk
2024-01-03,T,Medium Risk
2024-01-04,T,Medium Risk
2024-01-05,T,Medium Risk
2024-01-08,T,Medium Risk
2024-01-09,T,Medium Risk
2024-01-10,T,Medium Risk
2024-01-11,T,Medium Risk
2024-01-12,T,Medium Risk
2024-01-16,T,Medium Risk
2024-01-17,T,Medium Risk
2024-01-18,T,Medium Risk
2024-01-19,T,Medium Risk
2024-01-22,T,Medium Risk
2024-01-23,T,Medium Risk
2024-01-24,T,Medium Risk
2024-01-25,T,Medium Risk
2024-01-26,T,Medium Risk
2024-01-29,T,Medium Risk
2024-01-30,T,Medium Risk
2024-01-31,T,Medium Risk
2024-02-01,T,Medium Risk
2024-02-02,T,Medium Risk
2024-02-05,T,Medium Risk
2024-02-06,T,Medium Risk
2024-02-07,T,Medium Risk
2024-02-08,T,Medium Risk
2024-02-09,T,Medium Risk
2024-02-12,T,Medium Risk
2024-02-13,T,Medium Risk
2024-02-14,T,Medium Risk
2024-02-15,T,Medium Risk
2024-02-16,T,Medium Risk
2024-02-20,T,Medium Risk
2024-02-21,T,Medium Risk
2024-02-22,T,Medium Risk
2024-02-23,T,Medium Risk
2024-02-26,T,Medium Risk
2024-02-27,T,Medium Risk
2024-02-28,T,Medium Risk
2024-02-29,T,Medium Risk
2024-03-01,T,Medium Risk
2024-03-04,T,Medium Risk
2024-03-05,T,Medium Risk
2024-03-06,T,Medium Risk
2024-03-07,T,Medium Risk
2024-03-08,T,Medium Risk
2024-03-11,T,Medium Risk
2024-03-12,T,Medium Risk
2024-03-13,T,Medium Risk
2024-03-14,T,Medium Risk
2024-03-15,T,Medium Risk
2024-03-18,T,Medium Risk
2024-03-19,T,Medium Risk
2024-03-20,T,Medium Risk
2024-03-21,T,Medium Risk
2024-03-22,T,Medium Risk
2024-03-25,T,Medium Risk
2024-03-26,T,Medium Risk
2024-03-27,T,Medium Risk
2024-03-28,T,Medium Risk
2024-04-01,T,Medium Risk
2024-04-02,T,Medium Risk
2024-04-03,T,Medium Risk
2024-04-04,T,Medium Risk
2024-04-05,T,Medium Risk
2024-04-08,T,Medium Risk
2024-04-09,T,Medium Risk
2024-04-10,T,Medium Risk
2024-04-11,T,Medium Risk
2024-04-12,T,Medium Risk
2024-04-15,T,Medium Risk
2024-04-16,T,Medium Risk
2024-04-17,T,Medium Risk
2024-04-18,T,Medium Risk
2024-04-19,T,Medium Risk
2024-04-22,T,Medium Risk
2024-04-23,T,Medium Risk
2024-04-24,T,Medium Risk
2024-04-25,T,Medium Risk
2024-04-26,T,Medium Risk
2024-04-29,T,Medium Risk
2024-04-30,T,Medium Risk
2024-05-01,T,Medium Risk
2024-05-02,T,Medium Risk
2024-05-03,T,Medium Risk
2024-05-06,T,Medium Risk
2024-05-07,T,Medium Risk
2024-05-08,T,Medium Risk
2024-05-09,T,Medium Risk
2024-05-10,T,Medium Risk
2024-05-13,T,Medium Risk
2024-05-14,T,Medium Risk
2024-05-15,T,Medium Risk
2024-05-16,T,Medium Risk
2024-05-17,T,Medium Risk
2024-05-20,T,Medium Risk
2024-05-21,T,Medium Risk
2024-05-22,T,Medium Risk
2024-05-23,T,Medium Risk
2024-05-24,T,Medium Risk
2024-05-28,T,Medium Risk
2024-05-29,T,Medium Risk
2024-05-30,T,Medium Risk
2024-05-31,T,Medium Risk
2024-06-03,T,Medium Risk
2024-06-04,T,Medium Risk
2024-06-05,T,Medium Risk
2024-06-06,T,Medium Risk
2024-06-07,T,Medium Risk
2024-06-10,T,Medium Risk
2024-06-11,T,Medium Risk
2024-06-12,T,Medium Risk
2024-06-13,T,Medium Risk
2024-06-14,T,Medium Risk
2024-06-17,T,Medium Risk
2024-06-18,T,Medium Risk
2024-06-20,T,Medium Risk
2024-06-21,T,Medium Risk
2024-06-24,T,Medium Risk
2024-06-25,T,Medium Risk
2024-06-26,T,Medium Risk
2024-06-27,T,Medium Risk
2024-06-28,T,Medium Risk
2024-07-01,T,Medium Risk
2024-07-02,T,Medium Risk
2024-07-03,T,Medium Risk
2024-07-05,T,Medium Risk
2024-07-08,T,Medium Risk
2024-07-09,T,Medium Risk
2024-07-10,T,Medium Risk
2024-07-11,T,Medium Risk
2024-07-12,T,Medium Risk
2024-07-15,T,Medium Risk
2024-07-16,T,Medium Risk
2024-07-17,T,Medium Risk
2024-07-18,T,Medium Risk
2024-07-19,T,Medium Risk
2024-07-22,T,Medium Risk
2024-07-23,T,Medium Risk
2024-07-24,T,Medium Risk
2024-07-25,T,Medium Risk
2024-07-26,T,Medium Risk
2024-07-29,T,Medium Risk
2024-07-30,T,Medium Risk
2024-07-31,T,Medium Risk
2024-08-01,T,Medium Risk
2024-08-02,T,Medium Risk
2024-08-05,T,Medium Risk
2024-08-06,T,Medium Risk
2024-08-07,T,Medium Risk
2024-08-08,T,Medium Risk
2024-08-09,T,Medium Risk
2024-08-12,T,Medium Risk
2024-08-13,T,Medium Risk
2024-08-14,T,Medium Risk
2024-08-15,T,Medium Risk
2024-08-16,T,Medium Risk
2024-08-19,T,Medium Risk
2024-08-20,T,Medium Risk
2024-08-21,T,Medium Risk
2024-08-22,T,Medium Risk
2024-08-23,T,Medium Risk
2024-08-26,T,Medium Risk
2024-08-27,T,Medium Risk
2024-08-28,T,Medium Risk
2024-08-29,T,Medium Risk
2024-08-30,T,Medium Risk
2024-09-03,T,Medium Risk
2024-09-04,T,Medium Risk
2024-09-05,T,Medium Risk
2024-09-06,T,Medium Risk
2024-09-09,T,Medium Risk
2024-09-10,T,Medium Risk
2024-09-11,T,Medium Risk
2024-09-12,T,Medium Risk
2024-09-13,T,Medium Risk
2024-09-16,T,Medium Risk
2024-09-17,T,Medium Risk
2024-09-18,T,Medium Risk
2024-09-19,T,Medium Risk
2024-09-20,T,Medium Risk
2024-09-23,T,Medium Risk
2024-09-24,T,Medium Risk
2024-09-25,T,Medium Risk
2024-09-26,T,Medium Risk
2024-09-27,T,Medium Risk
2024-09-30,T,Medium Risk
2024-10-01,T,Medium Risk
2024-10-02,T,Medium Risk
2024-10-03,T,Medium Risk
2024-10-04,T,Medium Risk
2024-10-07,T,Medium Risk
2024-10-08,T,Medium Risk
2024-10-09,T,Medium Risk
2024-10-10,T,Medium Risk
2024-10-11,T,Medium Risk
2024-10-14,T,Medium Risk
2024-10-15,T,Medium Risk
2024-10-16,T,Medium Risk
2024-10-17,T,Medium Risk
2024-10-18,T,Medium Risk
2024-10-21,T,Medium Risk
2024-10-22,T,Medium Risk
2024-10-23,T,Medium Risk
2024-10-24,T,Medium Risk
2024-10-25,T,Medium Risk
2024-10-28,T,Medium Risk
2024-10-29,T,Medium Risk
2024-10-30,T,Medium Risk
2024-10-31,T,Medium Risk
2024-11-01,T,Medium Risk
2024-11-04,T,Medium Risk
2024-11-05,T,Medium Risk
2024-11-06,T,Medium Risk
2024-11-07,T,Medium Risk
2024-11-08,T,Medium Risk
2024-11-11,T,Medium Risk
2024-11-12,T,Medium Risk
2024-11-13,T,Medium Risk
2024-11-14,T,Medium Risk
2024-11-15,T,Medium Risk
2024-11-18,T,Medium Risk
2024-11-19,T,Medium Risk
2024-11-20,T,Medium Risk
2024-11-21,T,Medium Risk
2024-11-22,T,Medium Risk
2024-11-25,T,Medium Risk
2024-11-26,T,Medium Risk
2024-11-27,T,Medium Risk
2024-11-29,T,Medium Risk
2024-12-02,T,Medium Risk
2024-12-03,T,Medium Risk
2024-12-04,T,Medium Risk
2024-12-05,T,Medium Risk
2024-12-06,T,Medium Risk
2024-12-09,T,Medium Risk
2024-12-10,T,Medium Risk
2024-12-11,T,Medium Risk
2024-12-12,T,Medium Risk
2024-12-13,T,Medium Risk
2024-12-16,T,Medium Risk
2024-12-17,T,Medium Risk
2024-12-18,T,Medium Risk
2024-12-19,T,Medium Risk
2024-12-20,T,Medium Risk
2024-12-23,T,Medium Risk
2024-12-24,T,Medium Risk
2024-12-26,T,Medium Risk
2024-12-27,T,Medium Risk
2024-12-30,T,Medium Risk
2024-12-31,T,Medium Risk
2025-01-02,T,Medium Risk
2025-01-03,T,Medium Risk
2025-01-06,T,Medium Risk
2025-01-07,T,Medium Risk
2025-01-08,T,Medium Risk
2025-01-10,T,Medium Risk
2025-01-13,T,Medium Risk
2025-01-14,T,Medium Risk
2025-01-15,T,Medium Risk
2025-01-16,T,Medium Risk
2025-01-17,T,Medium Risk
2025-01-21,T,Medium Risk
2025-01-22,T,Medium Risk
2025-01-23,T,Medium Risk
2025-01-24,T,Medium Risk
2025-01-27,T,Medium Risk
2025-01-28,T,Medium Risk
2025-01-29,T,Medium Risk
2025-01-30,T,Medium Risk
2025-01-31,T,Medium Risk
2025-02-03,T,Medium Risk
2025-02-04,T,Medium Risk
2025-02-05,T,Medium Risk
2025-02-06,T,Medium Risk
2025-02-07,T,Medium Risk
2025-02-10,T,Medium Risk
2025-02-11,T,Medium Risk
2025-02-12,T,Medium Risk
2025-02-13,T,Medium Risk
2025-02-14,T,Medium Risk
2025-02-18,T,Medium Risk
2025-02-19,T,Medium Risk
2025-02-20,T,Medium Risk
2025-02-21,T,Medium Risk
2025-02-24,T,Medium Risk
2025-02-25,T,Medium Risk
2025-02-26,T,Medium Risk
2025-02-27,T,Medium Risk
2025-02-28,T,Medium Risk
2025-03-03,T,Medium Risk
2025-03-04,T,Medium Risk
2025-03-05,T,Medium Risk
2025-03-06,T,Medium Risk
2025-03-07,T,Medium Risk
2025-03-10,T,Medium Risk
2025-03-11,T,Medium Risk
2025-03-12,T,Medium Risk
2025-03-13,T,Medium Risk
2025-03-14,T,Medium Risk
2025-03-17,T,Medium Risk
2025-03-18,T,Medium Risk
2025-03-19,T,Medium Risk
2025-03-20,T,Medium Risk
2025-03-21,T,Medium Risk
2025-03-24,T,Medium Risk
2025-03-25,T,Medium Risk
2025-03-26,T,Medium Risk
2025-03-27,T,Medium Risk
2025-03-28,T,Medium Risk
2025-03-31,T,Medium Risk
2025-04-01,T,Medium Risk
2025-04-02,T,Medium Risk
2025-04-03,T,Medium Risk
2025-04-04,T,Medium Risk
2025-04-07,T,Medium Risk
2025-04-08,T,Medium Risk
2025-04-09,T,Medium Risk
2025-04-10,T,Medium Risk
2025-04-11,T,Medium Risk
2025-04-14,T,Medium Risk
2025-04-15,T,Medium Risk
2025-04-16,T,Medium Risk
2025-04-17,T,Medium Risk
2025-04-21,T,Medium Risk
2025-04-22,T,Medium Risk
2025-04-23,T,Medium Risk
2025-04-24,T,Medium Risk
2025-04-25,T,Medium Risk
2025-04-28,T,Medium Risk
2025-04-29,T,Medium Risk
2025-04-30,T,Medium Risk
2025-05-01,T,Medium Risk
2025-05-02,T,Medium Risk
2025-05-05,T,Medium Risk
2025-05-06,T,Medium Risk
2025-05-07,T,Medium Risk
2025-05-08,T,Medium Risk
2025-05-09,T,Medium Risk
2022-01-03,TSLA,Low Risk
2022-01-04,TSLA,Low Risk
2022-01-05,TSLA,Low Risk
2022-01-06,TSLA,Low Risk
2022-01-07,TSLA,Low Risk
2022-01-10,TSLA,Low Risk
2022-01-11,TSLA,Low Risk
2022-01-12,TSLA,Low Risk
2022-01-13,TSLA,Low Risk
2022-01-14,TSLA,Low Risk
2022-01-18,TSLA,Low Risk
2022-01-19,TSLA,Low Risk
2022-01-20,TSLA,Low Risk
2022-01-21,TSLA,Low Risk
2022-01-24,TSLA,Low Risk
2022-01-25,TSLA,Low Risk
2022-01-26,TSLA,Low Risk
2022-01-27,TSLA,Low Risk
2022-01-28,TSLA,Low Risk
2022-01-31,TSLA,Low Risk
2022-02-01,TSLA,Low Risk
2022-02-02,TSLA,Low Risk
2022-02-03,TSLA,Low Risk
2022-02-04,TSLA,Low Risk
2022-02-07,TSLA,Low Risk
2022-02-08,TSLA,Low Risk
2022-02-09,TSLA,Low Risk
2022-02-10,TSLA,Low Risk
2022-02-11,TSLA,Low Risk
2022-02-14,TSLA,High Risk
2022-02-15,TSLA,High Risk
2022-02-16,TSLA,High Risk
2022-02-17,TSLA,High Risk
2022-02-18,TSLA,High Risk
2022-02-22,TSLA,High Risk
2022-02-23,TSLA,High Risk
2022-02-24,TSLA,High Risk
2022-02-25,TSLA,High Risk
2022-02-28,TSLA,High Risk
2022-03-01,TSLA,High Risk
2022-03-02,TSLA,High Risk
2022-03-03,TSLA,High Risk
2022-03-04,TSLA,High Risk
2022-03-07,TSLA,High Risk
2022-03-08,TSLA,High Risk
2022-03-09,TSLA,High Risk
2022-03-10,TSLA,High Risk
2022-03-11,TSLA,High Risk
2022-03-14,TSLA,High Risk
2022-03-15,TSLA,High Risk
2022-03-16,TSLA,High Risk
2022-03-17,TSLA,High Risk
2022-03-18,TSLA,High Risk
2022-03-21,TSLA,High Risk
2022-03-22,TSLA,High Risk
2022-03-23,TSLA,Low Risk
2022-03-24,TSLA,Low Risk
2022-03-25,TSLA,Low Risk
2022-03-28,TSLA,Low Risk
2022-03-29,TSLA,Low Risk
2022-03-30,TSLA,Low Risk
2022-03-31,TSLA,Low Risk
2022-04-01,TSLA,Low Risk
2022-04-04,TSLA,Low Risk
2022-04-05,TSLA,Low Risk
2022-04-06,TSLA,Low Risk
2022-04-07,TSLA,Low Risk
2022-04-08,TSLA,Low Risk
2022-04-11,TSLA,Low Risk
2022-04-12,TSLA,Low Risk
2022-04-13,TSLA,Low Risk
2022-04-14,TSLA,Low Risk
2022-04-18,TSLA,Low Risk
2022-04-19,TSLA,Low Risk
2022-04-20,TSLA,Low Risk
2022-04-21,TSLA,Low Risk
2022-04-22,TSLA,Low Risk
2022-04-25,TSLA,Low Risk
2022-04-26,TSLA,Low Risk
2022-04-27,TSLA,Low Risk
2022-04-28,TSLA,Low Risk
2022-04-29,TSLA,Low Risk
2022-05-02,TSLA,High Risk
2022-05-03,TSLA,High Risk
2022-05-04,TSLA,Low Risk
2022-05-05,TSLA,Low Risk
2022-05-06,TSLA,High Risk
2022-05-09,TSLA,High Risk
2022-05-10,TSLA,High Risk
2022-05-11,TSLA,High Risk
2022-05-12,TSLA,High Risk
2022-05-13,TSLA,High Risk
2022-05-16,TSLA,High Risk
2022-05-17,TSLA,High Risk
2022-05-18,TSLA,High Risk
2022-05-19,TSLA,High Risk
2022-05-20,TSLA,High Risk
2022-05-23,TSLA,High Risk
2022-05-24,TSLA,High Risk
2022-05-25,TSLA,High Risk
2022-05-26,TSLA,High Risk
2022-05-27,TSLA,High Risk
2022-05-31,TSLA,High Risk
2022-06-01,TSLA,High Risk
2022-06-02,TSLA,High Risk
2022-06-03,TSLA,High Risk
2022-06-06,TSLA,High Risk
2022-06-07,TSLA,High Risk
2022-06-08,TSLA,High Risk
2022-06-09,TSLA,High Risk
2022-06-10,TSLA,High Risk
2022-06-13,TSLA,High Risk
2022-06-14,TSLA,High Risk
2022-06-15,TSLA,High Risk
2022-06-16,TSLA,High Risk
2022-06-17,TSLA,High Risk
2022-06-21,TSLA,High Risk
2022-06-22,TSLA,High Risk
2022-06-23,TSLA,High Risk
2022-06-24,TSLA,High Risk
2022-06-27,TSLA,High Risk
2022-06-28,TSLA,High Risk
2022-06-29,TSLA,High Risk
2022-06-30,TSLA,High Risk
2022-07-01,TSLA,High Risk
2022-07-05,TSLA,High Risk
2022-07-06,TSLA,High Risk
2022-07-07,TSLA,High Risk
2022-07-08,TSLA,High Risk
2022-07-11,TSLA,High Risk
2022-07-12,TSLA,High Risk
2022-07-13,TSLA,High Risk
2022-07-14,TSLA,High Risk
2022-07-15,TSLA,High Risk
2022-07-18,TSLA,High Risk
2022-07-19,TSLA,High Risk
2022-07-20,TSLA,High Risk
2022-07-21,TSLA,High Risk
2022-07-22,TSLA,High Risk
2022-07-25,TSLA,High Risk
2022-07-26,TSLA,High Risk
2022-07-27,TSLA,High Risk
2022-07-28,TSLA,High Risk
2022-07-29,TSLA,High Risk
2022-08-01,TSLA,High Risk
2022-08-02,TSLA,High Risk
2022-08-03,TSLA,High Risk
2022-08-04,TSLA,High Risk
2022-08-05,TSLA,High Risk
2022-08-08,TSLA,High Risk
2022-08-09,TSLA,High Risk
2022-08-10,TSLA,High Risk
2022-08-11,TSLA,High Risk
2022-08-12,TSLA,High Risk
2022-08-15,TSLA,High Risk
2022-08-16,TSLA,High Risk
2022-08-17,TSLA,High Risk
2022-08-18,TSLA,High Risk
2022-08-19,TSLA,High Risk
2022-08-22,TSLA,High Risk
2022-08-23,TSLA,High Risk
2022-08-24,TSLA,High Risk
2022-08-25,TSLA,High Risk
2022-08-26,TSLA,High Risk
2022-08-29,TSLA,High Risk
2022-08-30,TSLA,High Risk
2022-08-31,TSLA,High Risk
2022-09-01,TSLA,High Risk
2022-09-02,TSLA,High Risk
2022-09-06,TSLA,High Risk
2022-09-07,TSLA,High Risk
2022-09-08,TSLA,High Risk
2022-09-09,TSLA,High Risk
2022-09-12,TSLA,High Risk
2022-09-13,TSLA,High Risk
2022-09-14,TSLA,High Risk
2022-09-15,TSLA,High Risk
2022-09-16,TSLA,High Risk
2022-09-19,TSLA,High Risk
2022-09-20,TSLA,High Risk
2022-09-21,TSLA,High Risk
2022-09-22,TSLA,High Risk
2022-09-23,TSLA,High Risk
2022-09-26,TSLA,High Risk
2022-09-27,TSLA,High Risk
2022-09-28,TSLA,High Risk
2022-09-29,TSLA,High Risk
2022-09-30,TSLA,High Risk
2022-10-03,TSLA,High Risk
2022-10-04,TSLA,High Risk
2022-10-05,TSLA,High Risk
2022-10-06,TSLA,High Risk
2022-10-07,TSLA,High Risk
2022-10-10,TSLA,High Risk
2022-10-11,TSLA,High Risk
2022-10-12,TSLA,High Risk
2022-10-13,TSLA,High Risk
2022-10-14,TSLA,High Risk
2022-10-17,TSLA,High Risk
2022-10-18,TSLA,High Risk
2022-10-19,TSLA,High Risk
2022-10-20,TSLA,High Risk
2022-10-21,TSLA,High Risk
2022-10-24,TSLA,High Risk
2022-10-25,TSLA,High Risk
2022-10-26,TSLA,High Risk
2022-10-27,TSLA,High Risk
2022-10-28,TSLA,High Risk
2022-10-31,TSLA,High Risk
2022-11-01,TSLA,High Risk
2022-11-02,TSLA,High Risk
2022-11-03,TSLA,High Risk
2022-11-04,TSLA,High Risk
2022-11-07,TSLA,High Risk
2022-11-08,TSLA,High Risk
2022-11-09,TSLA,High Risk
2022-11-10,TSLA,High Risk
2022-11-11,TSLA,High Risk
2022-11-14,TSLA,High Risk
2022-11-15,TSLA,High Risk
2022-11-16,TSLA,High Risk
2022-11-17,TSLA,High Risk
2022-11-18,TSLA,High Risk
2022-11-21,TSLA,High Risk
2022-11-22,TSLA,High Risk
2022-11-23,TSLA,High Risk
2022-11-25,TSLA,High Risk
2022-11-28,TSLA,High Risk
2022-11-29,TSLA,High Risk
2022-11-30,TSLA,High Risk
2022-12-01,TSLA,High Risk
2022-12-02,TSLA,High Risk
2022-12-05,TSLA,High Risk
2022-12-06,TSLA,High Risk
2022-12-07,TSLA,High Risk
2022-12-08,TSLA,High Risk
2022-12-09,TSLA,High Risk
2022-12-12,TSLA,High Risk
2022-12-13,TSLA,High Risk
2022-12-14,TSLA,High Risk
2022-12-15,TSLA,High Risk
2022-12-16,TSLA,High Risk
2022-12-19,TSLA,High Risk
2022-12-20,TSLA,High Risk
2022-12-21,TSLA,High Risk
2022-12-22,TSLA,High Risk
2022-12-23,TSLA,High Risk
2022-12-27,TSLA,High Risk
2022-12-28,TSLA,High Risk
2022-12-29,TSLA,High Risk
2022-12-30,TSLA,Medium Risk
2023-01-03,TSLA,Medium Risk
2023-01-04,TSLA,Medium Risk
2023-01-05,TSLA,Medium Risk
2023-01-06,TSLA,Medium Risk
2023-01-09,TSLA,Medium Risk
2023-01-10,TSLA,Medium Risk
2023-01-11,TSLA,Medium Risk
2023-01-12,TSLA,Medium Risk
2023-01-13,TSLA,Medium Risk
2023-01-17,TSLA,Medium Risk
2023-01-18,TSLA,Medium Risk
2023-01-19,TSLA,Medium Risk
2023-01-20,TSLA,High Risk
2023-01-23,TSLA,High Risk
2023-01-24,TSLA,High Risk
2023-01-25,TSLA,High Risk
2023-01-26,TSLA,High Risk
2023-01-30,TSLA,High Risk
2023-01-31,TSLA,High Risk
2023-02-01,TSLA,High Risk
2023-02-02,TSLA,High Risk
2023-02-03,TSLA,High Risk
2023-02-06,TSLA,High Risk
2023-02-07,TSLA,High Risk
2023-02-08,TSLA,High Risk
2023-02-09,TSLA,High Risk
2023-02-10,TSLA,High Risk
2023-02-13,TSLA,High Risk
2023-02-14,TSLA,High Risk
2023-02-15,TSLA,High Risk
2023-02-16,TSLA,High Risk
2023-02-17,TSLA,High Risk
2023-02-21,TSLA,High Risk
2023-02-22,TSLA,High Risk
2023-02-23,TSLA,High Risk
2023-02-24,TSLA,High Risk
2023-02-27,TSLA,High Risk
2023-02-28,TSLA,High Risk
2023-03-01,TSLA,High Risk
2023-03-02,TSLA,High Risk
2023-03-03,TSLA,High Risk
2023-03-06,TSLA,High Risk
2023-03-07,TSLA,High Risk
2023-03-08,TSLA,High Risk
2023-03-09,TSLA,High Risk
2023-03-10,TSLA,High Risk
2023-03-13,TSLA,High Risk
2023-03-14,TSLA,High Risk
2023-03-15,TSLA,High Risk
2023-03-16,TSLA,High Risk
2023-03-17,TSLA,High Risk
2023-03-20,TSLA,High Risk
2023-03-21,TSLA,High Risk
2023-03-22,TSLA,High Risk
2023-03-23,TSLA,High Risk
2023-03-24,TSLA,High Risk
2023-03-27,TSLA,High Risk
2023-03-28,TSLA,High Risk
2023-03-29,TSLA,High Risk
2023-03-30,TSLA,High Risk
2023-03-31,TSLA,High Risk
2023-04-03,TSLA,High Risk
2023-04-04,TSLA,High Risk
2023-04-05,TSLA,High Risk
2023-04-06,TSLA,High Risk
2023-04-10,TSLA,High Risk
2023-04-11,TSLA,High Risk
2023-04-12,TSLA,High Risk
2023-04-13,TSLA,High Risk
2023-04-14,TSLA,High Risk
2023-04-17,TSLA,High Risk
2023-04-18,TSLA,High Risk
2023-04-19,TSLA,High Risk
2023-04-20,TSLA,High Risk
2023-04-21,TSLA,High Risk
2023-04-24,TSLA,High Risk
2023-04-25,TSLA,High Risk
2023-04-26,TSLA,High Risk
2023-04-27,TSLA,High Risk
2023-04-28,TSLA,High Risk
2023-05-01,TSLA,High Risk
2023-05-02,TSLA,High Risk
2023-05-03,TSLA,High Risk
2023-05-04,TSLA,High Risk
2023-05-05,TSLA,High Risk
2023-05-08,TSLA,High Risk
2023-05-09,TSLA,High Risk
2023-05-10,TSLA,High Risk
2023-05-11,TSLA,High Risk
2023-05-12,TSLA,High Risk
2023-05-15,TSLA,High Risk
2023-05-16,TSLA,High Risk
2023-05-17,TSLA,High Risk
2023-05-18,TSLA,High Risk
2023-05-19,TSLA,High Risk
2023-05-22,TSLA,High Risk
2023-05-23,TSLA,High Risk
2023-05-24,TSLA,High Risk
2023-05-25,TSLA,High Risk
2023-05-26,TSLA,High Risk
2023-05-30,TSLA,High Risk
2023-05-31,TSLA,High Risk
2023-06-01,TSLA,High Risk
2023-06-02,TSLA,High Risk
2023-06-05,TSLA,High Risk
2023-06-06,TSLA,High Risk
2023-06-07,TSLA,High Risk
2023-06-08,TSLA,High Risk
2023-06-09,TSLA,High Risk
2023-06-12,TSLA,High Risk
2023-06-13,TSLA,High Risk
2023-06-14,TSLA,High Risk
2023-06-15,TSLA,High Risk
2023-06-16,TSLA,High Risk
2023-06-20,TSLA,High Risk
2023-06-21,TSLA,High Risk
2023-06-22,TSLA,High Risk
2023-06-23,TSLA,High Risk
2023-06-26,TSLA,High Risk
2023-06-27,TSLA,High Risk
2023-06-28,TSLA,High Risk
2023-06-29,TSLA,High Risk
2023-06-30,TSLA,High Risk
2023-07-03,TSLA,High Risk
2023-07-05,TSLA,High Risk
2023-07-06,TSLA,High Risk
2023-07-07,TSLA,High Risk
2023-07-10,TSLA,High Risk
2023-07-11,TSLA,High Risk
2023-07-12,TSLA,High Risk
2023-07-13,TSLA,High Risk
2023-07-14,TSLA,High Risk
2023-07-17,TSLA,High Risk
2023-07-18,TSLA,High Risk
2023-07-19,TSLA,High Risk
2023-07-20,TSLA,High Risk
2023-07-21,TSLA,High Risk
2023-07-24,TSLA,High Risk
2023-07-25,TSLA,High Risk
2023-07-26,TSLA,High Risk
2023-07-27,TSLA,High Risk
2023-07-28,TSLA,High Risk
2023-07-31,TSLA,High Risk
2023-08-01,TSLA,High Risk
2023-08-02,TSLA,High Risk
2023-08-03,TSLA,High Risk
2023-08-04,TSLA,High Risk
2023-08-07,TSLA,High Risk
2023-08-08,TSLA,High Risk
2023-08-09,TSLA,High Risk
2023-08-10,TSLA,High Risk
2023-08-11,TSLA,High Risk
2023-08-14,TSLA,High Risk
2023-08-15,TSLA,High Risk
2023-08-16,TSLA,High Risk
2023-08-17,TSLA,High Risk
2023-08-18,TSLA,High Risk
2023-08-21,TSLA,High Risk
2023-08-22,TSLA,High Risk
2023-08-23,TSLA,High Risk
2023-08-24,TSLA,High Risk
2023-08-25,TSLA,High Risk
2023-08-28,TSLA,High Risk
2023-08-29,TSLA,High Risk
2023-08-30,TSLA,High Risk
2023-08-31,TSLA,High Risk
2023-09-01,TSLA,High Risk
2023-09-05,TSLA,High Risk
2023-09-06,TSLA,High Risk
2023-09-07,TSLA,High Risk
2023-09-08,TSLA,High Risk
2023-09-11,TSLA,High Risk
2023-09-12,TSLA,High Risk
2023-09-13,TSLA,High Risk
2023-09-14,TSLA,High Risk
2023-09-15,TSLA,High Risk
2023-09-18,TSLA,High Risk
2023-09-19,TSLA,High Risk
2023-09-20,TSLA,High Risk
2023-09-21,TSLA,High Risk
2023-09-22,TSLA,High Risk
2023-09-25,TSLA,High Risk
2023-09-26,TSLA,High Risk
2023-09-27,TSLA,High Risk
2023-09-28,TSLA,High Risk
2023-09-29,TSLA,High Risk
2023-10-02,TSLA,High Risk
2023-10-03,TSLA,High Risk
2023-10-04,TSLA,High Risk
2023-10-05,TSLA,High Risk
2023-10-06,TSLA,High Risk
2023-10-09,TSLA,High Risk
2023-10-10,TSLA,High Risk
2023-10-11,TSLA,High Risk
2023-10-12,TSLA,High Risk
2023-10-13,TSLA,High Risk
2023-10-16,TSLA,High Risk
2023-10-17,TSLA,High Risk
2023-10-18,TSLA,High Risk
2023-10-19,TSLA,High Risk
2023-10-20,TSLA,High Risk
2023-10-23,TSLA,High Risk
2023-10-24,TSLA,High Risk
2023-10-25,TSLA,High Risk
2023-10-26,TSLA,High Risk
2023-10-27,TSLA,High Risk
2023-10-30,TSLA,High Risk
2023-10-31,TSLA,High Risk
2023-11-01,TSLA,High Risk
2023-11-02,TSLA,High Risk
2023-11-03,TSLA,High Risk
2023-11-06,TSLA,High Risk
2023-11-07,TSLA,High Risk
2023-11-08,TSLA,High Risk
2023-11-09,TSLA,High Risk
2023-11-10,TSLA,High Risk
2023-11-13,TSLA,High Risk
2023-11-14,TSLA,High Risk
2023-11-15,TSLA,High Risk
2023-11-16,TSLA,High Risk
2023-11-17,TSLA,High Risk
2023-11-20,TSLA,High Risk
2023-11-21,TSLA,High Risk
2023-11-22,TSLA,High Risk
2023-11-24,TSLA,High Risk
2023-11-27,TSLA,High Risk
2023-11-28,TSLA,High Risk
2023-11-29,TSLA,High Risk
2023-11-30,TSLA,High Risk
2023-12-01,TSLA,High Risk
2023-12-04,TSLA,High Risk
2023-12-05,TSLA,High Risk
2023-12-06,TSLA,High Risk
2023-12-07,TSLA,High Risk
2023-12-08,TSLA,High Risk
2023-12-11,TSLA,High Risk
2023-12-12,TSLA,High Risk
2023-12-13,TSLA,High Risk
2023-12-14,TSLA,High Risk
2023-12-15,TSLA,High Risk
2023-12-18,TSLA,High Risk
2023-12-19,TSLA,High Risk
2023-12-20,TSLA,High Risk
2023-12-21,TSLA,High Risk
2023-12-22,TSLA,High Risk
2023-12-26,TSLA,High Risk
2023-12-27,TSLA,High Risk
2023-12-28,TSLA,High Risk
2023-12-29,TSLA,High Risk
2024-01-02,TSLA,High Risk
2024-01-03,TSLA,High Risk
2024-01-04,TSLA,High Risk
2024-01-05,TSLA,High Risk
2024-01-08,TSLA,High Risk
2024-01-09,TSLA,High Risk
2024-01-10,TSLA,High Risk
2024-01-11,TSLA,High Risk
2024-01-12,TSLA,High Risk
2024-01-16,TSLA,High Risk
2024-01-17,TSLA,High Risk
2024-01-18,TSLA,High Risk
2024-01-19,TSLA,High Risk
2024-01-22,TSLA,High Risk
2024-01-23,TSLA,High Risk
2024-01-24,TSLA,High Risk
2024-01-25,TSLA,High Risk
2024-01-26,TSLA,High Risk
2024-01-29,TSLA,High Risk
2024-01-30,TSLA,High Risk
2024-01-31,TSLA,High Risk
2024-02-01,TSLA,High Risk
2024-02-02,TSLA,High Risk
2024-02-05,TSLA,High Risk
2024-02-06,TSLA,High Risk
2024-02-07,TSLA,High Risk
2024-02-08,TSLA,High Risk
2024-02-09,TSLA,High Risk
2024-02-12,TSLA,High Risk
2024-02-13,TSLA,High Risk
2024-02-14,TSLA,High Risk
2024-02-15,TSLA,High Risk
2024-02-16,TSLA,High Risk
2024-02-20,TSLA,High Risk
2024-02-21,TSLA,High Risk
2024-02-22,TSLA,High Risk
2024-02-23,TSLA,High Risk
2024-02-26,TSLA,High Risk
2024-02-27,TSLA,High Risk
2024-02-28,TSLA,High Risk
2024-02-29,TSLA,High Risk
2024-03-01,TSLA,High Risk
2024-03-04,TSLA,High Risk
2024-03-05,TSLA,High Risk
2024-03-06,TSLA,High Risk
2024-03-07,TSLA,High Risk
2024-03-08,TSLA,High Risk
2024-03-11,TSLA,High Risk
2024-03-12,TSLA,High Risk
2024-03-13,TSLA,High Risk
2024-03-14,TSLA,High Risk
2024-03-15,TSLA,High Risk
2024-03-18,TSLA,High Risk
2024-03-19,TSLA,High Risk
2024-03-20,TSLA,High Risk
2024-03-21,TSLA,High Risk
2024-03-22,TSLA,High Risk
2024-03-25,TSLA,High Risk
2024-03-26,TSLA,High Risk
2024-03-27,TSLA,High Risk
2024-03-28,TSLA,High Risk
2024-04-01,TSLA,High Risk
2024-04-02,TSLA,High Risk
2024-04-03,TSLA,High Risk
2024-04-04,TSLA,High Risk
2024-04-05,TSLA,High Risk
2024-04-08,TSLA,High Risk
2024-04-09,TSLA,High Risk
2024-04-10,TSLA,High Risk
2024-04-11,TSLA,High Risk
2024-04-12,TSLA,High Risk
2024-04-15,TSLA,High Risk
2024-04-16,TSLA,High Risk
2024-04-17,TSLA,High Risk
2024-04-18,TSLA,High Risk
2024-04-19,TSLA,High Risk
2024-04-22,TSLA,High Risk
2024-04-23,TSLA,High Risk
2024-04-24,TSLA,High Risk
2024-04-25,TSLA,High Risk
2024-04-26,TSLA,High Risk
2024-04-29,TSLA,High Risk
2024-04-30,TSLA,High Risk
2024-05-01,TSLA,High Risk
2024-05-02,TSLA,High Risk
2024-05-03,TSLA,High Risk
2024-05-06,TSLA,High Risk
2024-05-07,TSLA,High Risk
2024-05-08,TSLA,High Risk
2024-05-09,TSLA,High Risk
2024-05-10,TSLA,High Risk
2024-05-13,TSLA,High Risk
2024-05-14,TSLA,High Risk
2024-05-15,TSLA,High Risk
2024-05-16,TSLA,High Risk
2024-05-17,TSLA,High Risk
2024-05-20,TSLA,High Risk
2024-05-21,TSLA,High Risk
2024-05-22,TSLA,High Risk
2024-05-23,TSLA,High Risk
2024-05-24,TSLA,High Risk
2024-05-28,TSLA,High Risk
2024-05-29,TSLA,High Risk
2024-05-30,TSLA,High Risk
2024-05-31,TSLA,High Risk
2024-06-03,TSLA,High Risk
2024-06-04,TSLA,High Risk
2024-06-05,TSLA,High Risk
2024-06-06,TSLA,High Risk
2024-06-07,TSLA,High Risk
2024-06-10,TSLA,High Risk
2024-06-11,TSLA,High Risk
2024-06-12,TSLA,High Risk
2024-06-13,TSLA,High Risk
2024-06-14,TSLA,High Risk
2024-06-17,TSLA,High Risk
2024-06-18,TSLA,High Risk
2024-06-20,TSLA,High Risk
2024-06-21,TSLA,High Risk
2024-06-24,TSLA,High Risk
2024-06-25,TSLA,High Risk
2024-06-26,TSLA,High Risk
2024-06-27,TSLA,High Risk
2024-06-28,TSLA,High Risk
2024-07-01,TSLA,High Risk
2024-07-02,TSLA,High Risk
2024-07-03,TSLA,High Risk
2024-07-05,TSLA,High Risk
2024-07-08,TSLA,High Risk
2024-07-09,TSLA,High Risk
2024-07-10,TSLA,High Risk
2024-07-11,TSLA,High Risk
2024-07-12,TSLA,High Risk
2024-07-15,TSLA,High Risk
2024-07-16,TSLA,High Risk
2024-07-17,TSLA,High Risk
2024-07-18,TSLA,High Risk
2024-07-19,TSLA,High Risk
2024-07-22,TSLA,High Risk
2024-07-23,TSLA,High Risk
2024-07-24,TSLA,High Risk
2024-07-25,TSLA,High Risk
2024-07-26,TSLA,High Risk
2024-07-29,TSLA,High Risk
2024-07-30,TSLA,High Risk
2024-07-31,TSLA,High Risk
2024-08-01,TSLA,High Risk
2024-08-02,TSLA,High Risk
2024-08-05,TSLA,High Risk
2024-08-06,TSLA,High Risk
2024-08-07,TSLA,High Risk
2024-08-08,TSLA,High Risk
2024-08-09,TSLA,High Risk
2024-08-12,TSLA,High Risk
2024-08-13,TSLA,High Risk
2024-08-14,TSLA,High Risk
2024-08-15,TSLA,High Risk
2024-08-16,TSLA,High Risk
2024-08-19,TSLA,High Risk
2024-08-20,TSLA,High Risk
2024-08-21,TSLA,High Risk
2024-08-22,TSLA,High Risk
2024-08-23,TSLA,High Risk
2024-08-26,TSLA,High Risk
2024-08-27,TSLA,High Risk
2024-08-28,TSLA,High Risk
2024-08-29,TSLA,High Risk
2024-08-30,TSLA,High Risk
2024-09-03,TSLA,High Risk
2024-09-04,TSLA,High Risk
2024-09-05,TSLA,High Risk
2024-09-06,TSLA,High Risk
2024-09-09,TSLA,High Risk
2024-09-10,TSLA,High Risk
2024-09-11,TSLA,High Risk
2024-09-12,TSLA,High Risk
2024-09-13,TSLA,High Risk
2024-09-16,TSLA,High Risk
2024-09-17,TSLA,High Risk
2024-09-18,TSLA,High Risk
2024-09-19,TSLA,High Risk
2024-09-20,TSLA,High Risk
2024-09-23,TSLA,High Risk
2024-09-24,TSLA,High Risk
2024-09-25,TSLA,High Risk
2024-09-26,TSLA,High Risk
2024-09-27,TSLA,High Risk
2024-09-30,TSLA,High Risk
2024-10-01,TSLA,High Risk
2024-10-02,TSLA,High Risk
2024-10-03,TSLA,High Risk
2024-10-04,TSLA,High Risk
2024-10-07,TSLA,High Risk
2024-10-08,TSLA,High Risk
2024-10-09,TSLA,High Risk
2024-10-10,TSLA,High Risk
2024-10-11,TSLA,High Risk
2024-10-14,TSLA,High Risk
2024-10-15,TSLA,High Risk
2024-10-16,TSLA,High Risk
2024-10-17,TSLA,High Risk
2024-10-18,TSLA,High Risk
2024-10-21,TSLA,High Risk
2024-10-22,TSLA,High Risk
2024-10-23,TSLA,High Risk
2024-10-24,TSLA,High Risk
2024-10-25,TSLA,High Risk
2024-10-28,TSLA,High Risk
2024-10-29,TSLA,High Risk
2024-10-30,TSLA,High Risk
2024-10-31,TSLA,High Risk
2024-11-01,TSLA,High Risk
2024-11-04,TSLA,High Risk
2024-11-05,TSLA,High Risk
2024-11-06,TSLA,High Risk
2024-11-07,TSLA,High Risk
2024-11-08,TSLA,High Risk
2024-11-11,TSLA,High Risk
2024-11-12,TSLA,Low Risk
2024-11-13,TSLA,Low Risk
2024-11-14,TSLA,Low Risk
2024-11-15,TSLA,Low Risk
2024-11-18,TSLA,Low Risk
2024-11-19,TSLA,Low Risk
2024-11-20,TSLA,Low Risk
2024-11-21,TSLA,Low Risk
2024-11-22,TSLA,Low Risk
2024-11-25,TSLA,Low Risk
2024-11-26,TSLA,Low Risk
2024-11-27,TSLA,Low Risk
2024-11-29,TSLA,Low Risk
2024-12-02,TSLA,Low Risk
2024-12-03,TSLA,Low Risk
2024-12-04,TSLA,Low Risk
2024-12-05,TSLA,Low Risk
2024-12-06,TSLA,Low Risk
2024-12-09,TSLA,Low Risk
2024-12-10,TSLA,Low Risk
2024-12-11,TSLA,Low Risk
2024-12-12,TSLA,Low Risk
2024-12-13,TSLA,Low Risk
2024-12-16,TSLA,Low Risk
2024-12-17,TSLA,Low Risk
2024-12-18,TSLA,Low Risk
2024-12-19,TSLA,Low Risk
2024-12-20,TSLA,Low Risk
2024-12-23,TSLA,Low Risk
2024-12-24,TSLA,Low Risk
2024-12-26,TSLA,Low Risk
2024-12-27,TSLA,Low Risk
2024-12-30,TSLA,Low Risk
2024-12-31,TSLA,Low Risk
2025-01-02,TSLA,Low Risk
2025-01-03,TSLA,Low Risk
2025-01-06,TSLA,Low Risk
2025-01-07,TSLA,Low Risk
2025-01-08,TSLA,Low Risk
2025-01-10,TSLA,Low Risk
2025-01-13,TSLA,Low Risk
2025-01-14,TSLA,Low Risk
2025-01-15,TSLA,Low Risk
2025-01-16,TSLA,Low Risk
2025-01-17,TSLA,Low Risk
2025-01-21,TSLA,Low Risk
2025-01-22,TSLA,Low Risk
2025-01-23,TSLA,Low Risk
2025-01-24,TSLA,Low Risk
2025-01-27,TSLA,Low Risk
2025-01-28,TSLA,Low Risk
2025-01-29,TSLA,Low Risk
2025-01-30,TSLA,Low Risk
2025-01-31,TSLA,Low Risk
2025-02-03,TSLA,Low Risk
2025-02-04,TSLA,Low Risk
2025-02-05,TSLA,Low Risk
2025-02-06,TSLA,Low Risk
2025-02-07,TSLA,Low Risk
2025-02-10,TSLA,Low Risk
2025-02-11,TSLA,Low Risk
2025-02-12,TSLA,Low Risk
2025-02-13,TSLA,Low Risk
2025-02-14,TSLA,Low Risk
2025-02-18,TSLA,Low Risk
2025-02-19,TSLA,Low Risk
2025-02-20,TSLA,Low Risk
2025-02-21,TSLA,Low Risk
2025-02-24,TSLA,Low Risk
2025-02-25,TSLA,Low Risk
2025-02-26,TSLA,Low Risk
2025-02-27,TSLA,Low Risk
2025-02-28,TSLA,Low Risk
2025-03-03,TSLA,High Risk
2025-03-04,TSLA,High Risk
2025-03-05,TSLA,High Risk
2025-03-06,TSLA,High Risk
2025-03-07,TSLA,High Risk
2025-03-10,TSLA,High Risk
2025-03-11,TSLA,High Risk
2025-03-12,TSLA,High Risk
2025-03-13,TSLA,High Risk
2025-03-14,TSLA,High Risk
2025-03-17,TSLA,High Risk
2025-03-18,TSLA,High Risk
2025-03-19,TSLA,High Risk
2025-03-20,TSLA,High Risk
2025-03-21,TSLA,High Risk
2025-03-24,TSLA,High Risk
2025-03-25,TSLA,High Risk
2025-03-26,TSLA,High Risk
2025-03-27,TSLA,High Risk
2025-03-28,TSLA,High Risk
2025-03-31,TSLA,High Risk
2025-04-01,TSLA,High Risk
2025-04-02,TSLA,High Risk
2025-04-03,TSLA,High Risk
2025-04-04,TSLA,High Risk
2025-04-07,TSLA,High Risk
2025-04-08,TSLA,High Risk
2025-04-09,TSLA,High Risk
2025-04-10,TSLA,High Risk
2025-04-11,TSLA,High Risk
2025-04-14,TSLA,High Risk
2025-04-15,TSLA,High Risk
2025-04-16,TSLA,High Risk
2025-04-17,TSLA,High Risk
2025-04-21,TSLA,High Risk
2025-04-22,TSLA,High Risk
2025-04-23,TSLA,High Risk
2025-04-24,TSLA,High Risk
2025-04-25,TSLA,High Risk
2025-04-28,TSLA,High Risk
2025-04-29,TSLA,High Risk
2025-04-30,TSLA,High Risk
2025-05-01,TSLA,High Risk
2025-05-02,TSLA,High Risk
2025-05-05,TSLA,High Risk
2025-05-06,TSLA,High Risk
2025-05-07,TSLA,High Risk
2025-05-08,TSLA,High Risk
2025-05-09,TSLA,High Risk
2022-01-03,V,High Risk
2022-01-04,V,High Risk
2022-01-05,V,High Risk
2022-01-06,V,High Risk
2022-01-07,V,High Risk
2022-01-10,V,High Risk
2022-01-11,V,High Risk
2022-01-12,V,High Risk
2022-01-13,V,High Risk
2022-01-14,V,High Risk
2022-01-18,V,High Risk
2022-01-19,V,High Risk
2022-01-20,V,High Risk
2022-01-21,V,High Risk
2022-01-24,V,High Risk
2022-01-25,V,High Risk
2022-01-26,V,High Risk
2022-01-27,V,High Risk
2022-01-28,V,High Risk
2022-01-31,V,High Risk
2022-02-01,V,High Risk
2022-02-02,V,High Risk
2022-02-03,V,High Risk
2022-02-04,V,High Risk
2022-02-07,V,High Risk
2022-02-08,V,High Risk
2022-02-09,V,High Risk
2022-02-10,V,High Risk
2022-02-11,V,High Risk
2022-02-14,V,High Risk
2022-02-15,V,High Risk
2022-02-16,V,High Risk
2022-02-17,V,High Risk
2022-02-18,V,High Risk
2022-02-22,V,High Risk
2022-02-23,V,High Risk
2022-02-24,V,High Risk
2022-02-25,V,High Risk
2022-02-28,V,High Risk
2022-03-01,V,High Risk
2022-03-02,V,High Risk
2022-03-03,V,High Risk
2022-03-04,V,High Risk
2022-03-07,V,High Risk
2022-03-08,V,High Risk
2022-03-09,V,High Risk
2022-03-10,V,High Risk
2022-03-11,V,High Risk
2022-03-14,V,High Risk
2022-03-15,V,High Risk
2022-03-16,V,High Risk
2022-03-17,V,High Risk
2022-03-18,V,High Risk
2022-03-21,V,High Risk
2022-03-22,V,High Risk
2022-03-23,V,High Risk
2022-03-24,V,High Risk
2022-03-25,V,High Risk
2022-03-28,V,High Risk
2022-03-29,V,High Risk
2022-03-30,V,High Risk
2022-03-31,V,High Risk
2022-04-01,V,High Risk
2022-04-04,V,High Risk
2022-04-05,V,High Risk
2022-04-06,V,High Risk
2022-04-07,V,High Risk
2022-04-08,V,High Risk
2022-04-11,V,High Risk
2022-04-12,V,High Risk
2022-04-13,V,High Risk
2022-04-14,V,High Risk
2022-04-18,V,High Risk
2022-04-19,V,High Risk
2022-04-20,V,High Risk
2022-04-21,V,High Risk
2022-04-22,V,High Risk
2022-04-25,V,High Risk
2022-04-26,V,High Risk
2022-04-27,V,High Risk
2022-04-28,V,High Risk
2022-04-29,V,High Risk
2022-05-02,V,High Risk
2022-05-03,V,High Risk
2022-05-04,V,High Risk
2022-05-05,V,High Risk
2022-05-06,V,High Risk
2022-05-09,V,High Risk
2022-05-10,V,High Risk
2022-05-11,V,High Risk
2022-05-12,V,High Risk
2022-05-13,V,High Risk
2022-05-16,V,High Risk
2022-05-17,V,High Risk
2022-05-18,V,High Risk
2022-05-19,V,High Risk
2022-05-20,V,High Risk
2022-05-23,V,High Risk
2022-05-24,V,High Risk
2022-05-25,V,High Risk
2022-05-26,V,High Risk
2022-05-27,V,High Risk
2022-05-31,V,High Risk
2022-06-01,V,High Risk
2022-06-02,V,High Risk
2022-06-03,V,High Risk
2022-06-06,V,High Risk
2022-06-07,V,High Risk
2022-06-08,V,High Risk
2022-06-09,V,High Risk
2022-06-10,V,High Risk
2022-06-13,V,High Risk
2022-06-14,V,High Risk
2022-06-15,V,High Risk
2022-06-16,V,High Risk
2022-06-17,V,High Risk
2022-06-21,V,High Risk
2022-06-22,V,High Risk
2022-06-23,V,High Risk
2022-06-24,V,High Risk
2022-06-27,V,High Risk
2022-06-28,V,High Risk
2022-06-29,V,High Risk
2022-06-30,V,High Risk
2022-07-01,V,High Risk
2022-07-05,V,High Risk
2022-07-06,V,High Risk
2022-07-07,V,High Risk
2022-07-08,V,High Risk
2022-07-11,V,High Risk
2022-07-12,V,High Risk
2022-07-13,V,High Risk
2022-07-14,V,High Risk
2022-07-15,V,High Risk
2022-07-18,V,High Risk
2022-07-19,V,High Risk
2022-07-20,V,High Risk
2022-07-21,V,High Risk
2022-07-22,V,High Risk
2022-07-25,V,High Risk
2022-07-26,V,High Risk
2022-07-27,V,High Risk
2022-07-28,V,High Risk
2022-07-29,V,High Risk
2022-08-01,V,High Risk
2022-08-02,V,High Risk
2022-08-03,V,High Risk
2022-08-04,V,High Risk
2022-08-05,V,High Risk
2022-08-08,V,High Risk
2022-08-09,V,High Risk
2022-08-10,V,High Risk
2022-08-11,V,High Risk
2022-08-12,V,High Risk
2022-08-15,V,High Risk
2022-08-16,V,High Risk
2022-08-17,V,High Risk
2022-08-18,V,High Risk
2022-08-19,V,High Risk
2022-08-22,V,High Risk
2022-08-23,V,High Risk
2022-08-24,V,High Risk
2022-08-25,V,High Risk
2022-08-26,V,High Risk
2022-08-29,V,High Risk
2022-08-30,V,High Risk
2022-08-31,V,High Risk
2022-09-01,V,High Risk
2022-09-02,V,High Risk
2022-09-06,V,High Risk
2022-09-07,V,High Risk
2022-09-08,V,High Risk
2022-09-09,V,High Risk
2022-09-12,V,High Risk
2022-09-13,V,High Risk
2022-09-14,V,High Risk
2022-09-15,V,High Risk
2022-09-16,V,High Risk
2022-09-19,V,High Risk
2022-09-20,V,High Risk
2022-09-21,V,High Risk
2022-09-22,V,High Risk
2022-09-23,V,High Risk
2022-09-26,V,High Risk
2022-09-27,V,High Risk
2022-09-28,V,High Risk
2022-09-29,V,High Risk
2022-09-30,V,High Risk
2022-10-03,V,High Risk
2022-10-04,V,High Risk
2022-10-05,V,High Risk
2022-10-06,V,High Risk
2022-10-07,V,High Risk
2022-10-10,V,High Risk
2022-10-11,V,High Risk
2022-10-12,V,High Risk
2022-10-13,V,High Risk
2022-10-14,V,High Risk
2022-10-17,V,High Risk
2022-10-18,V,High Risk
2022-10-19,V,High Risk
2022-10-20,V,High Risk
2022-10-21,V,High Risk
2022-10-24,V,High Risk
2022-10-25,V,High Risk
2022-10-26,V,High Risk
2022-10-27,V,High Risk
2022-10-28,V,High Risk
2022-10-31,V,High Risk
2022-11-01,V,High Risk
2022-11-02,V,High Risk
2022-11-03,V,High Risk
2022-11-04,V,High Risk
2022-11-07,V,High Risk
2022-11-08,V,High Risk
2022-11-09,V,High Risk
2022-11-10,V,High Risk
2022-11-11,V,High Risk
2022-11-14,V,High Risk
2022-11-15,V,High Risk
2022-11-16,V,High Risk
2022-11-17,V,High Risk
2022-11-18,V,High Risk
2022-11-21,V,High Risk
2022-11-22,V,High Risk
2022-11-23,V,High Risk
2022-11-25,V,High Risk
2022-11-28,V,High Risk
2022-11-29,V,High Risk
2022-11-30,V,High Risk
2022-12-01,V,High Risk
2022-12-02,V,High Risk
2022-12-05,V,High Risk
2022-12-06,V,High Risk
2022-12-07,V,High Risk
2022-12-08,V,High Risk
2022-12-09,V,High Risk
2022-12-12,V,High Risk
2022-12-13,V,High Risk
2022-12-14,V,High Risk
2022-12-15,V,High Risk
2022-12-16,V,High Risk
2022-12-19,V,High Risk
2022-12-20,V,High Risk
2022-12-21,V,High Risk
2022-12-22,V,High Risk
2022-12-23,V,High Risk
2022-12-27,V,High Risk
2022-12-28,V,High Risk
2022-12-29,V,High Risk
2022-12-30,V,High Risk
2023-01-03,V,High Risk
2023-01-04,V,High Risk
2023-01-05,V,High Risk
2023-01-06,V,High Risk
2023-01-09,V,High Risk
2023-01-10,V,High Risk
2023-01-11,V,High Risk
2023-01-12,V,High Risk
2023-01-13,V,High Risk
2023-01-17,V,High Risk
2023-01-18,V,High Risk
2023-01-19,V,High Risk
2023-01-20,V,High Risk
2023-01-23,V,High Risk
2023-01-24,V,High Risk
2023-01-25,V,High Risk
2023-01-26,V,High Risk
2023-01-27,V,High Risk
2023-01-30,V,High Risk
2023-01-31,V,High Risk
2023-02-01,V,High Risk
2023-02-02,V,High Risk
2023-02-03,V,High Risk
2023-02-06,V,High Risk
2023-02-07,V,High Risk
2023-02-08,V,High Risk
2023-02-09,V,High Risk
2023-02-10,V,High Risk
2023-02-13,V,High Risk
2023-02-14,V,High Risk
2023-02-15,V,High Risk
2023-02-16,V,High Risk
2023-02-17,V,High Risk
2023-02-21,V,High Risk
2023-02-22,V,High Risk
2023-02-23,V,High Risk
2023-02-24,V,High Risk
2023-02-27,V,High Risk
2023-02-28,V,High Risk
2023-03-01,V,High Risk
2023-03-02,V,High Risk
2023-03-03,V,High Risk
2023-03-06,V,High Risk
2023-03-07,V,High Risk
2023-03-08,V,High Risk
2023-03-09,V,High Risk
2023-03-10,V,High Risk
2023-03-13,V,High Risk
2023-03-14,V,High Risk
2023-03-15,V,High Risk
2023-03-16,V,High Risk
2023-03-17,V,High Risk
2023-03-20,V,High Risk
2023-03-21,V,High Risk
2023-03-22,V,High Risk
2023-03-23,V,High Risk
2023-03-24,V,High Risk
2023-03-27,V,High Risk
2023-03-28,V,High Risk
2023-03-29,V,High Risk
2023-03-30,V,High Risk
2023-03-31,V,High Risk
2023-04-03,V,High Risk
2023-04-04,V,High Risk
2023-04-05,V,High Risk
2023-04-06,V,High Risk
2023-04-10,V,High Risk
2023-04-11,V,High Risk
2023-04-12,V,High Risk
2023-04-13,V,High Risk
2023-04-14,V,High Risk
2023-04-17,V,High Risk
2023-04-18,V,High Risk
2023-04-19,V,High Risk
2023-04-20,V,High Risk
2023-04-21,V,High Risk
2023-04-24,V,High Risk
2023-04-25,V,High Risk
2023-04-26,V,High Risk
2023-04-27,V,High Risk
2023-04-28,V,High Risk
2023-05-01,V,High Risk
2023-05-02,V,High Risk
2023-05-03,V,High Risk
2023-05-04,V,High Risk
2023-05-05,V,High Risk
2023-05-08,V,High Risk
2023-05-09,V,High Risk
2023-05-10,V,High Risk
2023-05-11,V,High Risk
2023-05-12,V,High Risk
2023-05-15,V,High Risk
2023-05-16,V,High Risk
2023-05-17,V,High Risk
2023-05-18,V,High Risk
2023-05-19,V,High Risk
2023-05-22,V,High Risk
2023-05-23,V,High Risk
2023-05-24,V,High Risk
2023-05-25,V,High Risk
2023-05-26,V,High Risk
2023-05-30,V,High Risk
2023-05-31,V,High Risk
2023-06-01,V,High Risk
2023-06-02,V,High Risk
2023-06-05,V,High Risk
2023-06-06,V,High Risk
2023-06-07,V,High Risk
2023-06-08,V,High Risk
2023-06-09,V,High Risk
2023-06-12,V,High Risk
2023-06-13,V,High Risk
2023-06-14,V,High Risk
2023-06-15,V,High Risk
2023-06-16,V,High Risk
2023-06-20,V,High Risk
2023-06-21,V,High Risk
2023-06-22,V,High Risk
2023-06-23,V,High Risk
2023-06-26,V,High Risk
2023-06-27,V,High Risk
2023-06-28,V,High Risk
2023-06-29,V,High Risk
2023-06-30,V,High Risk
2023-07-03,V,High Risk
2023-07-05,V,High Risk
2023-07-06,V,High Risk
2023-07-07,V,High Risk
2023-07-10,V,High Risk
2023-07-11,V,High Risk
2023-07-12,V,High Risk
2023-07-13,V,High Risk
2023-07-14,V,High Risk
2023-07-17,V,High Risk
2023-07-18,V,High Risk
2023-07-19,V,High Risk
2023-07-20,V,High Risk
2023-07-21,V,High Risk
2023-07-24,V,High Risk
2023-07-25,V,High Risk
2023-07-26,V,High Risk
2023-07-27,V,High Risk
2023-07-28,V,High Risk
2023-07-31,V,High Risk
2023-08-01,V,High Risk
2023-08-02,V,High Risk
2023-08-03,V,High Risk
2023-08-04,V,High Risk
2023-08-07,V,High Risk
2023-08-08,V,High Risk
2023-08-09,V,High Risk
2023-08-10,V,High Risk
2023-08-11,V,High Risk
2023-08-14,V,High Risk
2023-08-15,V,High Risk
2023-08-16,V,High Risk
2023-08-17,V,High Risk
2023-08-18,V,High Risk
2023-08-21,V,High Risk
2023-08-22,V,High Risk
2023-08-23,V,High Risk
2023-08-24,V,High Risk
2023-08-25,V,High Risk
2023-08-28,V,High Risk
2023-08-29,V,High Risk
2023-08-30,V,High Risk
2023-08-31,V,High Risk
2023-09-01,V,High Risk
2023-09-05,V,High Risk
2023-09-06,V,High Risk
2023-09-07,V,High Risk
2023-09-08,V,High Risk
2023-09-11,V,High Risk
2023-09-12,V,High Risk
2023-09-13,V,High Risk
2023-09-14,V,High Risk
2023-09-15,V,High Risk
2023-09-18,V,High Risk
2023-09-19,V,High Risk
2023-09-20,V,High Risk
2023-09-21,V,High Risk
2023-09-22,V,High Risk
2023-09-25,V,High Risk
2023-09-26,V,High Risk
2023-09-27,V,High Risk
2023-09-28,V,High Risk
2023-09-29,V,High Risk
2023-10-02,V,High Risk
2023-10-03,V,High Risk
2023-10-04,V,High Risk
2023-10-05,V,High Risk
2023-10-06,V,High Risk
2023-10-09,V,High Risk
2023-10-10,V,High Risk
2023-10-11,V,High Risk
2023-10-12,V,High Risk
2023-10-13,V,High Risk
2023-10-16,V,High Risk
2023-10-17,V,High Risk
2023-10-18,V,High Risk
2023-10-19,V,High Risk
2023-10-20,V,High Risk
2023-10-23,V,High Risk
2023-10-24,V,High Risk
2023-10-25,V,High Risk
2023-10-26,V,High Risk
2023-10-27,V,High Risk
2023-10-30,V,High Risk
2023-10-31,V,High Risk
2023-11-01,V,High Risk
2023-11-02,V,High Risk
2023-11-03,V,High Risk
2023-11-06,V,High Risk
2023-11-07,V,High Risk
2023-11-08,V,High Risk
2023-11-09,V,High Risk
2023-11-10,V,High Risk
2023-11-13,V,High Risk
2023-11-14,V,High Risk
2023-11-15,V,High Risk
2023-11-16,V,High Risk
2023-11-17,V,High Risk
2023-11-20,V,High Risk
2023-11-21,V,High Risk
2023-11-22,V,High Risk
2023-11-24,V,High Risk
2023-11-27,V,High Risk
2023-11-28,V,High Risk
2023-11-29,V,High Risk
2023-11-30,V,High Risk
2023-12-01,V,High Risk
2023-12-04,V,High Risk
2023-12-05,V,High Risk
2023-12-06,V,High Risk
2023-12-07,V,High Risk
2023-12-08,V,High Risk
2023-12-11,V,High Risk
2023-12-12,V,High Risk
2023-12-13,V,High Risk
2023-12-14,V,High Risk
2023-12-15,V,High Risk
2023-12-18,V,High Risk
2023-12-19,V,High Risk
2023-12-20,V,High Risk
2023-12-21,V,High Risk
2023-12-22,V,High Risk
2023-12-26,V,High Risk
2023-12-27,V,High Risk
2023-12-28,V,High Risk
2023-12-29,V,High Risk
2024-01-02,V,High Risk
2024-01-03,V,High Risk
2024-01-04,V,High Risk
2024-01-05,V,High Risk
2024-01-08,V,High Risk
2024-01-09,V,High Risk
2024-01-10,V,High Risk
2024-01-11,V,High Risk
2024-01-12,V,High Risk
2024-01-16,V,High Risk
2024-01-17,V,High Risk
2024-01-18,V,High Risk
2024-01-19,V,High Risk
2024-01-22,V,High Risk
2024-01-23,V,High Risk
2024-01-24,V,High Risk
2024-01-25,V,High Risk
2024-01-26,V,High Risk
2024-01-29,V,High Risk
2024-01-30,V,High Risk
2024-01-31,V,High Risk
2024-02-01,V,High Risk
2024-02-02,V,High Risk
2024-02-05,V,High Risk
2024-02-06,V,High Risk
2024-02-07,V,High Risk
2024-02-08,V,High Risk
2024-02-09,V,High Risk
2024-02-12,V,High Risk
2024-02-13,V,High Risk
2024-02-14,V,High Risk
2024-02-15,V,High Risk
2024-02-16,V,High Risk
2024-02-20,V,High Risk
2024-02-21,V,High Risk
2024-02-22,V,High Risk
2024-02-23,V,High Risk
2024-02-26,V,High Risk
2024-02-27,V,High Risk
2024-02-28,V,High Risk
2024-02-29,V,High Risk
2024-03-01,V,High Risk
2024-03-04,V,High Risk
2024-03-05,V,High Risk
2024-03-06,V,High Risk
2024-03-07,V,High Risk
2024-03-08,V,High Risk
2024-03-11,V,High Risk
2024-03-12,V,High Risk
2024-03-13,V,High Risk
2024-03-14,V,High Risk
2024-03-15,V,High Risk
2024-03-18,V,High Risk
2024-03-19,V,High Risk
2024-03-20,V,High Risk
2024-03-21,V,High Risk
2024-03-22,V,High Risk
2024-03-25,V,High Risk
2024-03-26,V,High Risk
2024-03-27,V,High Risk
2024-03-28,V,High Risk
2024-04-01,V,High Risk
2024-04-02,V,High Risk
2024-04-03,V,High Risk
2024-04-04,V,High Risk
2024-04-05,V,High Risk
2024-04-08,V,High Risk
2024-04-09,V,High Risk
2024-04-10,V,High Risk
2024-04-11,V,High Risk
2024-04-12,V,High Risk
2024-04-15,V,High Risk
2024-04-16,V,High Risk
2024-04-17,V,High Risk
2024-04-18,V,High Risk
2024-04-19,V,High Risk
2024-04-22,V,High Risk
2024-04-23,V,High Risk
2024-04-24,V,High Risk
2024-04-25,V,High Risk
2024-04-26,V,High Risk
2024-04-29,V,High Risk
2024-04-30,V,High Risk
2024-05-01,V,High Risk
2024-05-02,V,High Risk
2024-05-03,V,High Risk
2024-05-06,V,High Risk
2024-05-07,V,High Risk
2024-05-08,V,High Risk
2024-05-09,V,High Risk
2024-05-10,V,High Risk
2024-05-13,V,High Risk
2024-05-14,V,High Risk
2024-05-15,V,High Risk
2024-05-16,V,High Risk
2024-05-17,V,High Risk
2024-05-20,V,High Risk
2024-05-21,V,High Risk
2024-05-22,V,High Risk
2024-05-23,V,High Risk
2024-05-24,V,High Risk
2024-05-28,V,High Risk
2024-05-29,V,High Risk
2024-05-30,V,High Risk
2024-05-31,V,High Risk
2024-06-03,V,High Risk
2024-06-04,V,High Risk
2024-06-05,V,High Risk
2024-06-06,V,High Risk
2024-06-07,V,High Risk
2024-06-10,V,High Risk
2024-06-11,V,High Risk
2024-06-12,V,High Risk
2024-06-13,V,High Risk
2024-06-14,V,High Risk
2024-06-17,V,High Risk
2024-06-18,V,High Risk
2024-06-20,V,High Risk
2024-06-21,V,High Risk
2024-06-24,V,High Risk
2024-06-25,V,High Risk
2024-06-26,V,High Risk
2024-06-27,V,High Risk
2024-06-28,V,High Risk
2024-07-01,V,High Risk
2024-07-02,V,High Risk
2024-07-03,V,High Risk
2024-07-05,V,High Risk
2024-07-08,V,High Risk
2024-07-09,V,High Risk
2024-07-10,V,High Risk
2024-07-11,V,High Risk
2024-07-12,V,High Risk
2024-07-15,V,High Risk
2024-07-16,V,High Risk
2024-07-17,V,High Risk
2024-07-18,V,High Risk
2024-07-19,V,High Risk
2024-07-22,V,High Risk
2024-07-23,V,High Risk
2024-07-24,V,High Risk
2024-07-25,V,High Risk
2024-07-26,V,High Risk
2024-07-29,V,High Risk
2024-07-30,V,High Risk
2024-07-31,V,High Risk
2024-08-01,V,High Risk
2024-08-02,V,High Risk
2024-08-05,V,High Risk
2024-08-06,V,High Risk
2024-08-07,V,High Risk
2024-08-08,V,High Risk
2024-08-09,V,High Risk
2024-08-12,V,High Risk
2024-08-13,V,High Risk
2024-08-14,V,High Risk
2024-08-15,V,High Risk
2024-08-16,V,High Risk
2024-08-19,V,High Risk
2024-08-20,V,High Risk
2024-08-21,V,High Risk
2024-08-22,V,High Risk
2024-08-23,V,High Risk
2024-08-26,V,High Risk
2024-08-27,V,High Risk
2024-08-28,V,High Risk
2024-08-29,V,High Risk
2024-08-30,V,High Risk
2024-09-03,V,High Risk
2024-09-04,V,High Risk
2024-09-05,V,High Risk
2024-09-06,V,High Risk
2024-09-09,V,High Risk
2024-09-10,V,High Risk
2024-09-11,V,High Risk
2024-09-12,V,High Risk
2024-09-13,V,High Risk
2024-09-16,V,High Risk
2024-09-17,V,High Risk
2024-09-18,V,High Risk
2024-09-19,V,High Risk
2024-09-20,V,High Risk
2024-09-23,V,High Risk
2024-09-24,V,High Risk
2024-09-25,V,High Risk
2024-09-26,V,High Risk
2024-09-27,V,High Risk
2024-09-30,V,High Risk
2024-10-01,V,High Risk
2024-10-02,V,High Risk
2024-10-03,V,High Risk
2024-10-04,V,High Risk
2024-10-07,V,High Risk
2024-10-08,V,High Risk
2024-10-09,V,High Risk
2024-10-10,V,High Risk
2024-10-11,V,High Risk
2024-10-14,V,High Risk
2024-10-15,V,High Risk
2024-10-16,V,High Risk
2024-10-17,V,High Risk
2024-10-18,V,High Risk
2024-10-21,V,High Risk
2024-10-22,V,High Risk
2024-10-23,V,High Risk
2024-10-24,V,High Risk
2024-10-25,V,High Risk
2024-10-28,V,High Risk
2024-10-29,V,High Risk
2024-10-30,V,High Risk
2024-10-31,V,High Risk
2024-11-01,V,High Risk
2024-11-04,V,High Risk
2024-11-05,V,High Risk
2024-11-06,V,High Risk
2024-11-07,V,High Risk
2024-11-08,V,High Risk
2024-11-11,V,High Risk
2024-11-12,V,High Risk
2024-11-13,V,Low Risk
2024-11-14,V,Low Risk
2024-11-15,V,Low Risk
2024-11-18,V,Low Risk
2024-11-19,V,Low Risk
2024-11-20,V,Low Risk
2024-11-21,V,Low Risk
2024-11-22,V,Low Risk
2024-11-25,V,Low Risk
2024-11-26,V,Low Risk
2024-11-27,V,Low Risk
2024-11-29,V,Low Risk
2024-12-02,V,Low Risk
2024-12-03,V,Low Risk
2024-12-04,V,Low Risk
2024-12-05,V,Low Risk
2024-12-06,V,Low Risk
2024-12-09,V,Low Risk
2024-12-10,V,Low Risk
2024-12-11,V,Low Risk
2024-12-12,V,Low Risk
2024-12-13,V,Low Risk
2024-12-16,V,Low Risk
2024-12-17,V,Low Risk
2024-12-18,V,Low Risk
2024-12-19,V,Low Risk
2024-12-20,V,Low Risk
2024-12-23,V,Low Risk
2024-12-24,V,Low Risk
2024-12-26,V,Low Risk
2024-12-27,V,Low Risk
2024-12-30,V,Low Risk
2024-12-31,V,Low Risk
2025-01-02,V,Low Risk
2025-01-03,V,Low Risk
2025-01-06,V,Low Risk
2025-01-07,V,Low Risk
2025-01-08,V,Low Risk
2025-01-10,V,Low Risk
2025-01-13,V,Low Risk
2025-01-14,V,Low Risk
2025-01-15,V,Low Risk
2025-01-16,V,Low Risk
2025-01-17,V,Low Risk
2025-01-21,V,Low Risk
2025-01-22,V,Low Risk
2025-01-23,V,Low Risk
2025-01-24,V,Low Risk
2025-01-27,V,Low Risk
2025-01-28,V,Low Risk
2025-01-29,V,Low Risk
2025-01-30,V,Low Risk
2025-01-31,V,Low Risk
2025-02-03,V,Low Risk
2025-02-04,V,Low Risk
2025-02-05,V,Low Risk
2025-02-06,V,Low Risk
2025-02-07,V,Low Risk
2025-02-10,V,Low Risk
2025-02-11,V,Low Risk
2025-02-12,V,Low Risk
2025-02-13,V,Low Risk
2025-02-14,V,Low Risk
2025-02-18,V,Low Risk
2025-02-19,V,Low Risk
2025-02-20,V,Low Risk
2025-02-21,V,Low Risk
2025-02-24,V,Low Risk
2025-02-25,V,Low Risk
2025-02-26,V,Low Risk
2025-02-27,V,Low Risk
2025-02-28,V,Low Risk
2025-03-03,V,Low Risk
2025-03-04,V,Low Risk
2025-03-05,V,Low Risk
2025-03-06,V,Low Risk
2025-03-07,V,Low Risk
2025-03-10,V,Low Risk
2025-03-11,V,Low Risk
2025-03-12,V,Low Risk
2025-03-13,V,Low Risk
2025-03-14,V,Low Risk
2025-03-17,V,Low Risk
2025-03-18,V,Low Risk
2025-03-19,V,Low Risk
2025-03-20,V,Low Risk
2025-03-21,V,Low Risk
2025-03-24,V,Low Risk
2025-03-25,V,Low Risk
2025-03-26,V,Low Risk
2025-03-27,V,Low Risk
2025-03-28,V,Low Risk
2025-03-31,V,Low Risk
2025-04-01,V,Low Risk
2025-04-02,V,Low Risk
2025-04-03,V,Low Risk
2025-04-04,V,Low Risk
2025-04-07,V,Low Risk
2025-04-08,V,Low Risk
2025-04-09,V,Low Risk
2025-04-10,V,Low Risk
2025-04-11,V,Low Risk
2025-04-14,V,Low Risk
2025-04-15,V,Low Risk
2025-04-16,V,Low Risk
2025-04-17,V,Low Risk
2025-04-21,V,Low Risk
2025-04-22,V,Low Risk
2025-04-23,V,Low Risk
2025-04-24,V,Low Risk
2025-04-25,V,Low Risk
2025-04-28,V,Low Risk
2025-04-29,V,Low Risk
2025-04-30,V,Low Risk
2025-05-01,V,Low Risk
2025-05-02,V,Low Risk
2025-05-05,V,Low Risk
2025-05-06,V,Low Risk
2025-05-07,V,Low Risk
2025-05-08,V,Low Risk
2025-05-09,V,Low Risk
2022-01-03,VZ,Medium Risk
2022-01-04,VZ,Medium Risk
2022-01-05,VZ,Medium Risk
2022-01-06,VZ,Medium Risk
2022-01-07,VZ,Medium Risk
2022-01-10,VZ,Medium Risk
2022-01-11,VZ,Medium Risk
2022-01-12,VZ,Medium Risk
2022-01-13,VZ,Medium Risk
2022-01-14,VZ,Medium Risk
2022-01-18,VZ,Medium Risk
2022-01-19,VZ,Medium Risk
2022-01-20,VZ,Medium Risk
2022-01-21,VZ,Medium Risk
2022-01-24,VZ,Medium Risk
2022-01-25,VZ,Medium Risk
2022-01-26,VZ,Medium Risk
2022-01-27,VZ,Medium Risk
2022-01-28,VZ,Medium Risk
2022-01-31,VZ,Medium Risk
2022-02-01,VZ,Medium Risk
2022-02-02,VZ,Medium Risk
2022-02-03,VZ,Medium Risk
2022-02-04,VZ,Medium Risk
2022-02-07,VZ,Medium Risk
2022-02-08,VZ,Medium Risk
2022-02-09,VZ,Medium Risk
2022-02-10,VZ,Medium Risk
2022-02-11,VZ,Medium Risk
2022-02-14,VZ,Medium Risk
2022-02-15,VZ,Medium Risk
2022-02-16,VZ,Medium Risk
2022-02-17,VZ,Medium Risk
2022-02-18,VZ,Medium Risk
2022-02-22,VZ,Medium Risk
2022-02-23,VZ,Medium Risk
2022-02-24,VZ,Medium Risk
2022-02-25,VZ,Medium Risk
2022-02-28,VZ,Medium Risk
2022-03-01,VZ,Medium Risk
2022-03-02,VZ,Medium Risk
2022-03-03,VZ,Medium Risk
2022-03-04,VZ,Medium Risk
2022-03-07,VZ,Medium Risk
2022-03-08,VZ,Medium Risk
2022-03-09,VZ,Medium Risk
2022-03-10,VZ,Medium Risk
2022-03-11,VZ,Medium Risk
2022-03-14,VZ,Medium Risk
2022-03-15,VZ,Medium Risk
2022-03-16,VZ,Medium Risk
2022-03-17,VZ,Medium Risk
2022-03-18,VZ,Medium Risk
2022-03-21,VZ,Medium Risk
2022-03-22,VZ,Medium Risk
2022-03-23,VZ,Medium Risk
2022-03-24,VZ,Medium Risk
2022-03-25,VZ,Medium Risk
2022-03-28,VZ,Medium Risk
2022-03-29,VZ,Medium Risk
2022-03-30,VZ,Medium Risk
2022-03-31,VZ,Medium Risk
2022-04-01,VZ,Medium Risk
2022-04-04,VZ,Medium Risk
2022-04-05,VZ,Medium Risk
2022-04-06,VZ,Medium Risk
2022-04-07,VZ,Medium Risk
2022-04-08,VZ,Medium Risk
2022-04-11,VZ,Medium Risk
2022-04-12,VZ,Medium Risk
2022-04-13,VZ,Medium Risk
2022-04-14,VZ,Medium Risk
2022-04-18,VZ,Medium Risk
2022-04-19,VZ,Medium Risk
2022-04-20,VZ,Medium Risk
2022-04-21,VZ,Medium Risk
2022-04-22,VZ,Medium Risk
2022-04-25,VZ,Medium Risk
2022-04-26,VZ,Medium Risk
2022-04-27,VZ,Medium Risk
2022-04-28,VZ,Medium Risk
2022-04-29,VZ,Medium Risk
2022-05-02,VZ,Medium Risk
2022-05-03,VZ,Medium Risk
2022-05-04,VZ,Medium Risk
2022-05-05,VZ,Medium Risk
2022-05-06,VZ,Medium Risk
2022-05-09,VZ,Medium Risk
2022-05-10,VZ,Medium Risk
2022-05-11,VZ,Medium Risk
2022-05-12,VZ,Medium Risk
2022-05-13,VZ,Medium Risk
2022-05-16,VZ,Medium Risk
2022-05-17,VZ,Medium Risk
2022-05-18,VZ,Medium Risk
2022-05-19,VZ,Medium Risk
2022-05-20,VZ,Medium Risk
2022-05-23,VZ,Medium Risk
2022-05-24,VZ,Medium Risk
2022-05-25,VZ,Medium Risk
2022-05-26,VZ,Medium Risk
2022-05-27,VZ,Medium Risk
2022-05-31,VZ,Medium Risk
2022-06-01,VZ,Medium Risk
2022-06-02,VZ,Medium Risk
2022-06-03,VZ,Medium Risk
2022-06-06,VZ,Medium Risk
2022-06-07,VZ,Medium Risk
2022-06-08,VZ,Medium Risk
2022-06-09,VZ,Medium Risk
2022-06-10,VZ,Medium Risk
2022-06-13,VZ,Medium Risk
2022-06-14,VZ,Medium Risk
2022-06-15,VZ,Medium Risk
2022-06-16,VZ,Medium Risk
2022-06-17,VZ,Medium Risk
2022-06-21,VZ,Medium Risk
2022-06-22,VZ,Medium Risk
2022-06-23,VZ,Medium Risk
2022-06-24,VZ,Medium Risk
2022-06-27,VZ,Medium Risk
2022-06-28,VZ,Medium Risk
2022-06-29,VZ,Medium Risk
2022-06-30,VZ,Medium Risk
2022-07-01,VZ,Medium Risk
2022-07-05,VZ,Medium Risk
2022-07-06,VZ,Medium Risk
2022-07-07,VZ,Medium Risk
2022-07-08,VZ,Medium Risk
2022-07-11,VZ,Medium Risk
2022-07-12,VZ,Medium Risk
2022-07-13,VZ,Medium Risk
2022-07-14,VZ,Medium Risk
2022-07-15,VZ,Medium Risk
2022-07-18,VZ,Medium Risk
2022-07-19,VZ,Medium Risk
2022-07-20,VZ,Medium Risk
2022-07-21,VZ,Medium Risk
2022-07-22,VZ,Medium Risk
2022-07-25,VZ,Medium Risk
2022-07-26,VZ,Medium Risk
2022-07-27,VZ,Medium Risk
2022-07-28,VZ,Medium Risk
2022-07-29,VZ,Medium Risk
2022-08-01,VZ,Medium Risk
2022-08-02,VZ,Medium Risk
2022-08-03,VZ,Medium Risk
2022-08-04,VZ,Medium Risk
2022-08-05,VZ,Medium Risk
2022-08-08,VZ,Medium Risk
2022-08-09,VZ,Medium Risk
2022-08-10,VZ,Medium Risk
2022-08-11,VZ,Medium Risk
2022-08-12,VZ,Medium Risk
2022-08-15,VZ,Medium Risk
2022-08-16,VZ,Medium Risk
2022-08-17,VZ,Medium Risk
2022-08-18,VZ,Medium Risk
2022-08-19,VZ,Medium Risk
2022-08-22,VZ,Medium Risk
2022-08-23,VZ,Medium Risk
2022-08-24,VZ,Medium Risk
2022-08-25,VZ,Medium Risk
2022-08-26,VZ,Medium Risk
2022-08-29,VZ,Medium Risk
2022-08-30,VZ,Medium Risk
2022-08-31,VZ,Medium Risk
2022-09-01,VZ,Medium Risk
2022-09-02,VZ,Medium Risk
2022-09-06,VZ,Medium Risk
2022-09-07,VZ,Medium Risk
2022-09-08,VZ,Medium Risk
2022-09-09,VZ,Medium Risk
2022-09-12,VZ,Medium Risk
2022-09-13,VZ,Medium Risk
2022-09-14,VZ,Medium Risk
2022-09-15,VZ,Medium Risk
2022-09-16,VZ,Medium Risk
2022-09-19,VZ,Medium Risk
2022-09-20,VZ,Medium Risk
2022-09-21,VZ,Medium Risk
2022-09-22,VZ,Medium Risk
2022-09-23,VZ,Medium Risk
2022-09-26,VZ,Medium Risk
2022-09-27,VZ,Medium Risk
2022-09-28,VZ,Medium Risk
2022-09-29,VZ,Medium Risk
2022-09-30,VZ,Medium Risk
2022-10-03,VZ,Medium Risk
2022-10-04,VZ,Medium Risk
2022-10-05,VZ,Medium Risk
2022-10-06,VZ,Medium Risk
2022-10-07,VZ,Medium Risk
2022-10-10,VZ,Medium Risk
2022-10-11,VZ,Medium Risk
2022-10-12,VZ,Medium Risk
2022-10-13,VZ,Medium Risk
2022-10-14,VZ,Medium Risk
2022-10-17,VZ,Medium Risk
2022-10-18,VZ,Medium Risk
2022-10-19,VZ,Medium Risk
2022-10-20,VZ,Medium Risk
2022-10-21,VZ,Medium Risk
2022-10-24,VZ,Medium Risk
2022-10-25,VZ,Medium Risk
2022-10-26,VZ,Medium Risk
2022-10-27,VZ,Medium Risk
2022-10-28,VZ,Medium Risk
2022-10-31,VZ,Medium Risk
2022-11-01,VZ,Medium Risk
2022-11-02,VZ,Medium Risk
2022-11-03,VZ,Medium Risk
2022-11-04,VZ,Medium Risk
2022-11-07,VZ,Medium Risk
2022-11-08,VZ,Medium Risk
2022-11-09,VZ,Medium Risk
2022-11-10,VZ,Medium Risk
2022-11-11,VZ,Medium Risk
2022-11-14,VZ,Medium Risk
2022-11-15,VZ,Medium Risk
2022-11-16,VZ,Medium Risk
2022-11-17,VZ,Medium Risk
2022-11-18,VZ,Medium Risk
2022-11-21,VZ,Medium Risk
2022-11-22,VZ,Medium Risk
2022-11-23,VZ,Medium Risk
2022-11-25,VZ,Medium Risk
2022-11-28,VZ,Medium Risk
2022-11-29,VZ,Medium Risk
2022-11-30,VZ,Medium Risk
2022-12-01,VZ,Medium Risk
2022-12-02,VZ,Medium Risk
2022-12-05,VZ,Medium Risk
2022-12-06,VZ,Medium Risk
2022-12-07,VZ,Medium Risk
2022-12-08,VZ,Medium Risk
2022-12-09,VZ,Medium Risk
2022-12-12,VZ,Medium Risk
2022-12-13,VZ,Medium Risk
2022-12-14,VZ,Medium Risk
2022-12-15,VZ,Medium Risk
2022-12-16,VZ,Medium Risk
2022-12-19,VZ,Medium Risk
2022-12-20,VZ,Medium Risk
2022-12-21,VZ,Medium Risk
2022-12-22,VZ,Medium Risk
2022-12-23,VZ,Medium Risk
2022-12-27,VZ,Medium Risk
2022-12-28,VZ,Medium Risk
2022-12-29,VZ,Medium Risk
2022-12-30,VZ,Medium Risk
2023-01-03,VZ,Medium Risk
2023-01-04,VZ,Medium Risk
2023-01-05,VZ,Medium Risk
2023-01-06,VZ,Medium Risk
2023-01-09,VZ,Medium Risk
2023-01-10,VZ,Medium Risk
2023-01-11,VZ,Medium Risk
2023-01-12,VZ,Medium Risk
2023-01-13,VZ,Medium Risk
2023-01-17,VZ,Medium Risk
2023-01-18,VZ,Medium Risk
2023-01-19,VZ,Medium Risk
2023-01-20,VZ,Medium Risk
2023-01-23,VZ,Medium Risk
2023-01-24,VZ,Medium Risk
2023-01-25,VZ,Medium Risk
2023-01-26,VZ,Medium Risk
2023-01-27,VZ,Medium Risk
2023-01-30,VZ,Medium Risk
2023-01-31,VZ,Medium Risk
2023-02-01,VZ,Medium Risk
2023-02-02,VZ,Medium Risk
2023-02-03,VZ,Medium Risk
2023-02-06,VZ,Medium Risk
2023-02-07,VZ,Medium Risk
2023-02-08,VZ,Medium Risk
2023-02-09,VZ,Medium Risk
2023-02-10,VZ,Medium Risk
2023-02-13,VZ,Medium Risk
2023-02-14,VZ,Medium Risk
2023-02-15,VZ,Medium Risk
2023-02-16,VZ,Medium Risk
2023-02-17,VZ,Medium Risk
2023-02-21,VZ,Medium Risk
2023-02-22,VZ,Medium Risk
2023-02-23,VZ,Medium Risk
2023-02-24,VZ,Medium Risk
2023-02-27,VZ,Medium Risk
2023-02-28,VZ,Medium Risk
2023-03-01,VZ,Medium Risk
2023-03-02,VZ,Medium Risk
2023-03-03,VZ,Medium Risk
2023-03-06,VZ,Medium Risk
2023-03-07,VZ,Medium Risk
2023-03-08,VZ,Medium Risk
2023-03-09,VZ,Medium Risk
2023-03-10,VZ,Medium Risk
2023-03-13,VZ,Medium Risk
2023-03-14,VZ,Medium Risk
2023-03-15,VZ,Medium Risk
2023-03-16,VZ,Medium Risk
2023-03-17,VZ,Medium Risk
2023-03-20,VZ,Medium Risk
2023-03-21,VZ,Medium Risk
2023-03-22,VZ,Medium Risk
2023-03-23,VZ,Medium Risk
2023-03-24,VZ,Medium Risk
2023-03-27,VZ,Medium Risk
2023-03-28,VZ,Medium Risk
2023-03-29,VZ,Medium Risk
2023-03-30,VZ,Medium Risk
2023-03-31,VZ,Medium Risk
2023-04-03,VZ,Medium Risk
2023-04-04,VZ,Medium Risk
2023-04-05,VZ,Medium Risk
2023-04-06,VZ,Medium Risk
2023-04-10,VZ,Medium Risk
2023-04-11,VZ,Medium Risk
2023-04-12,VZ,Medium Risk
2023-04-13,VZ,Medium Risk
2023-04-14,VZ,Medium Risk
2023-04-17,VZ,Medium Risk
2023-04-18,VZ,Medium Risk
2023-04-19,VZ,Medium Risk
2023-04-20,VZ,Medium Risk
2023-04-21,VZ,Medium Risk
2023-04-24,VZ,Medium Risk
2023-04-25,VZ,Medium Risk
2023-04-26,VZ,Medium Risk
2023-04-27,VZ,Medium Risk
2023-04-28,VZ,Medium Risk
2023-05-01,VZ,Medium Risk
2023-05-02,VZ,Medium Risk
2023-05-03,VZ,Medium Risk
2023-05-04,VZ,Medium Risk
2023-05-05,VZ,Medium Risk
2023-05-08,VZ,Medium Risk
2023-05-09,VZ,Medium Risk
2023-05-10,VZ,Medium Risk
2023-05-11,VZ,Medium Risk
2023-05-12,VZ,Medium Risk
2023-05-15,VZ,Medium Risk
2023-05-16,VZ,Medium Risk
2023-05-17,VZ,Medium Risk
2023-05-18,VZ,Medium Risk
2023-05-19,VZ,Medium Risk
2023-05-22,VZ,Medium Risk
2023-05-23,VZ,Medium Risk
2023-05-24,VZ,Medium Risk
2023-05-25,VZ,Medium Risk
2023-05-26,VZ,Medium Risk
2023-05-30,VZ,Medium Risk
2023-05-31,VZ,Medium Risk
2023-06-01,VZ,Medium Risk
2023-06-02,VZ,Medium Risk
2023-06-05,VZ,Medium Risk
2023-06-06,VZ,Medium Risk
2023-06-07,VZ,Medium Risk
2023-06-08,VZ,Medium Risk
2023-06-09,VZ,Medium Risk
2023-06-12,VZ,Medium Risk
2023-06-13,VZ,Medium Risk
2023-06-14,VZ,Medium Risk
2023-06-15,VZ,Medium Risk
2023-06-16,VZ,Medium Risk
2023-06-20,VZ,Medium Risk
2023-06-21,VZ,Medium Risk
2023-06-22,VZ,Medium Risk
2023-06-23,VZ,Medium Risk
2023-06-26,VZ,Medium Risk
2023-06-27,VZ,Medium Risk
2023-06-28,VZ,Medium Risk
2023-06-29,VZ,Medium Risk
2023-06-30,VZ,Medium Risk
2023-07-03,VZ,Medium Risk
2023-07-05,VZ,Medium Risk
2023-07-06,VZ,Medium Risk
2023-07-07,VZ,Medium Risk
2023-07-10,VZ,Medium Risk
2023-07-11,VZ,Medium Risk
2023-07-12,VZ,Medium Risk
2023-07-13,VZ,Medium Risk
2023-07-14,VZ,Medium Risk
2023-07-17,VZ,Medium Risk
2023-07-18,VZ,Medium Risk
2023-07-19,VZ,Medium Risk
2023-07-20,VZ,Medium Risk
2023-07-21,VZ,Medium Risk
2023-07-24,VZ,Medium Risk
2023-07-25,VZ,Medium Risk
2023-07-26,VZ,Medium Risk
2023-07-27,VZ,Medium Risk
2023-07-28,VZ,Medium Risk
2023-07-31,VZ,Medium Risk
2023-08-01,VZ,Medium Risk
2023-08-02,VZ,Medium Risk
2023-08-03,VZ,Medium Risk
2023-08-04,VZ,Medium Risk
2023-08-07,VZ,Medium Risk
2023-08-08,VZ,Medium Risk
2023-08-09,VZ,Medium Risk
2023-08-10,VZ,Medium Risk
2023-08-11,VZ,Medium Risk
2023-08-14,VZ,Medium Risk
2023-08-15,VZ,Medium Risk
2023-08-16,VZ,Medium Risk
2023-08-17,VZ,Medium Risk
2023-08-18,VZ,Medium Risk
2023-08-21,VZ,Medium Risk
2023-08-22,VZ,Medium Risk
2023-08-23,VZ,Medium Risk
2023-08-24,VZ,Medium Risk
2023-08-25,VZ,Medium Risk
2023-08-28,VZ,Medium Risk
2023-08-29,VZ,Medium Risk
2023-08-30,VZ,Medium Risk
2023-08-31,VZ,Medium Risk
2023-09-01,VZ,Medium Risk
2023-09-05,VZ,Medium Risk
2023-09-06,VZ,Medium Risk
2023-09-07,VZ,Medium Risk
2023-09-08,VZ,Medium Risk
2023-09-11,VZ,Medium Risk
2023-09-12,VZ,Medium Risk
2023-09-13,VZ,Medium Risk
2023-09-14,VZ,Medium Risk
2023-09-15,VZ,Medium Risk
2023-09-18,VZ,Medium Risk
2023-09-19,VZ,Medium Risk
2023-09-20,VZ,Medium Risk
2023-09-21,VZ,Medium Risk
2023-09-22,VZ,Medium Risk
2023-09-25,VZ,Medium Risk
2023-09-26,VZ,Medium Risk
2023-09-27,VZ,Medium Risk
2023-09-28,VZ,Medium Risk
2023-09-29,VZ,Medium Risk
2023-10-02,VZ,Medium Risk
2023-10-03,VZ,Medium Risk
2023-10-04,VZ,Medium Risk
2023-10-05,VZ,Medium Risk
2023-10-06,VZ,Medium Risk
2023-10-09,VZ,Medium Risk
2023-10-10,VZ,Medium Risk
2023-10-11,VZ,Medium Risk
2023-10-12,VZ,Medium Risk
2023-10-13,VZ,Medium Risk
2023-10-16,VZ,Medium Risk
2023-10-17,VZ,Medium Risk
2023-10-18,VZ,Medium Risk
2023-10-19,VZ,Medium Risk
2023-10-20,VZ,Medium Risk
2023-10-23,VZ,Medium Risk
2023-10-24,VZ,Medium Risk
2023-10-25,VZ,Medium Risk
2023-10-26,VZ,Medium Risk
2023-10-27,VZ,Medium Risk
2023-10-30,VZ,Medium Risk
2023-10-31,VZ,Medium Risk
2023-11-01,VZ,Medium Risk
2023-11-02,VZ,Medium Risk
2023-11-03,VZ,Medium Risk
2023-11-06,VZ,Medium Risk
2023-11-07,VZ,Medium Risk
2023-11-08,VZ,Medium Risk
2023-11-09,VZ,Medium Risk
2023-11-10,VZ,Medium Risk
2023-11-13,VZ,Medium Risk
2023-11-14,VZ,Medium Risk
2023-11-15,VZ,Medium Risk
2023-11-16,VZ,Medium Risk
2023-11-17,VZ,Medium Risk
2023-11-20,VZ,Medium Risk
2023-11-21,VZ,Medium Risk
2023-11-22,VZ,Medium Risk
2023-11-24,VZ,Medium Risk
2023-11-27,VZ,Medium Risk
2023-11-28,VZ,Medium Risk
2023-11-29,VZ,Medium Risk
2023-11-30,VZ,Medium Risk
2023-12-01,VZ,Medium Risk
2023-12-04,VZ,Medium Risk
2023-12-05,VZ,Medium Risk
2023-12-06,VZ,Medium Risk
2023-12-07,VZ,Medium Risk
2023-12-08,VZ,Medium Risk
2023-12-11,VZ,Medium Risk
2023-12-12,VZ,Medium Risk
2023-12-13,VZ,Medium Risk
2023-12-14,VZ,Medium Risk
2023-12-15,VZ,Medium Risk
2023-12-18,VZ,Medium Risk
2023-12-19,VZ,Medium Risk
2023-12-20,VZ,Medium Risk
2023-12-21,VZ,Medium Risk
2023-12-22,VZ,Medium Risk
2023-12-26,VZ,Medium Risk
2023-12-27,VZ,Medium Risk
2023-12-28,VZ,Medium Risk
2023-12-29,VZ,Medium Risk
2024-01-02,VZ,Medium Risk
2024-01-03,VZ,Medium Risk
2024-01-04,VZ,Medium Risk
2024-01-05,VZ,Medium Risk
2024-01-08,VZ,Medium Risk
2024-01-09,VZ,Medium Risk
2024-01-10,VZ,Medium Risk
2024-01-11,VZ,Medium Risk
2024-01-12,VZ,Medium Risk
2024-01-16,VZ,Medium Risk
2024-01-17,VZ,Medium Risk
2024-01-18,VZ,Medium Risk
2024-01-19,VZ,Medium Risk
2024-01-22,VZ,Medium Risk
2024-01-23,VZ,Medium Risk
2024-01-24,VZ,Medium Risk
2024-01-25,VZ,Medium Risk
2024-01-26,VZ,Medium Risk
2024-01-29,VZ,Medium Risk
2024-01-30,VZ,Medium Risk
2024-01-31,VZ,Medium Risk
2024-02-01,VZ,Medium Risk
2024-02-02,VZ,Medium Risk
2024-02-05,VZ,Medium Risk
2024-02-06,VZ,Medium Risk
2024-02-07,VZ,Medium Risk
2024-02-08,VZ,Medium Risk
2024-02-09,VZ,Medium Risk
2024-02-12,VZ,Medium Risk
2024-02-13,VZ,Medium Risk
2024-02-14,VZ,Medium Risk
2024-02-15,VZ,Medium Risk
2024-02-16,VZ,Medium Risk
2024-02-20,VZ,Medium Risk
2024-02-21,VZ,Medium Risk
2024-02-22,VZ,Medium Risk
2024-02-23,VZ,Medium Risk
2024-02-26,VZ,Medium Risk
2024-02-27,VZ,Medium Risk
2024-02-28,VZ,Medium Risk
2024-02-29,VZ,Medium Risk
2024-03-01,VZ,Medium Risk
2024-03-04,VZ,Medium Risk
2024-03-05,VZ,Medium Risk
2024-03-06,VZ,Medium Risk
2024-03-07,VZ,Medium Risk
2024-03-08,VZ,Medium Risk
2024-03-11,VZ,Medium Risk
2024-03-12,VZ,Medium Risk
2024-03-13,VZ,Medium Risk
2024-03-14,VZ,Medium Risk
2024-03-15,VZ,Medium Risk
2024-03-18,VZ,Medium Risk
2024-03-19,VZ,Medium Risk
2024-03-20,VZ,Medium Risk
2024-03-21,VZ,Medium Risk
2024-03-22,VZ,Medium Risk
2024-03-25,VZ,Medium Risk
2024-03-26,VZ,Medium Risk
2024-03-27,VZ,Medium Risk
2024-03-28,VZ,Medium Risk
2024-04-01,VZ,Medium Risk
2024-04-02,VZ,Medium Risk
2024-04-03,VZ,Medium Risk
2024-04-04,VZ,Medium Risk
2024-04-05,VZ,Medium Risk
2024-04-08,VZ,Medium Risk
2024-04-09,VZ,Medium Risk
2024-04-10,VZ,Medium Risk
2024-04-11,VZ,Medium Risk
2024-04-12,VZ,Medium Risk
2024-04-15,VZ,Medium Risk
2024-04-16,VZ,Medium Risk
2024-04-17,VZ,Medium Risk
2024-04-18,VZ,Medium Risk
2024-04-19,VZ,Medium Risk
2024-04-22,VZ,Medium Risk
2024-04-23,VZ,Medium Risk
2024-04-24,VZ,Medium Risk
2024-04-25,VZ,Medium Risk
2024-04-26,VZ,Medium Risk
2024-04-29,VZ,Medium Risk
2024-04-30,VZ,Medium Risk
2024-05-01,VZ,Medium Risk
2024-05-02,VZ,Medium Risk
2024-05-03,VZ,Medium Risk
2024-05-06,VZ,Medium Risk
2024-05-07,VZ,Medium Risk
2024-05-08,VZ,Medium Risk
2024-05-09,VZ,Medium Risk
2024-05-10,VZ,Medium Risk
2024-05-13,VZ,Medium Risk
2024-05-14,VZ,Medium Risk
2024-05-15,VZ,Medium Risk
2024-05-16,VZ,Medium Risk
2024-05-17,VZ,Medium Risk
2024-05-20,VZ,Medium Risk
2024-05-21,VZ,Medium Risk
2024-05-22,VZ,Medium Risk
2024-05-23,VZ,Medium Risk
2024-05-24,VZ,Medium Risk
2024-05-28,VZ,Medium Risk
2024-05-29,VZ,Medium Risk
2024-05-30,VZ,Medium Risk
2024-05-31,VZ,Medium Risk
2024-06-03,VZ,Medium Risk
2024-06-04,VZ,Medium Risk
2024-06-05,VZ,Medium Risk
2024-06-06,VZ,Medium Risk
2024-06-07,VZ,Medium Risk
2024-06-10,VZ,Medium Risk
2024-06-11,VZ,Medium Risk
2024-06-12,VZ,Medium Risk
2024-06-13,VZ,Medium Risk
2024-06-14,VZ,Medium Risk
2024-06-17,VZ,Medium Risk
2024-06-18,VZ,Medium Risk
2024-06-20,VZ,Medium Risk
2024-06-21,VZ,Medium Risk
2024-06-24,VZ,Medium Risk
2024-06-25,VZ,Medium Risk
2024-06-26,VZ,Medium Risk
2024-06-27,VZ,Medium Risk
2024-06-28,VZ,Medium Risk
2024-07-01,VZ,Medium Risk
2024-07-02,VZ,Medium Risk
2024-07-03,VZ,Medium Risk
2024-07-05,VZ,Medium Risk
2024-07-08,VZ,Medium Risk
2024-07-09,VZ,Medium Risk
2024-07-10,VZ,Medium Risk
2024-07-11,VZ,Medium Risk
2024-07-12,VZ,Medium Risk
2024-07-15,VZ,Medium Risk
2024-07-16,VZ,Medium Risk
2024-07-17,VZ,Medium Risk
2024-07-18,VZ,Medium Risk
2024-07-19,VZ,Medium Risk
2024-07-22,VZ,Medium Risk
2024-07-23,VZ,Medium Risk
2024-07-24,VZ,Medium Risk
2024-07-25,VZ,Medium Risk
2024-07-26,VZ,Medium Risk
2024-07-29,VZ,Medium Risk
2024-07-30,VZ,Medium Risk
2024-07-31,VZ,Medium Risk
2024-08-01,VZ,Medium Risk
2024-08-02,VZ,Medium Risk
2024-08-05,VZ,Medium Risk
2024-08-06,VZ,Medium Risk
2024-08-07,VZ,Medium Risk
2024-08-08,VZ,Medium Risk
2024-08-09,VZ,Medium Risk
2024-08-12,VZ,Medium Risk
2024-08-13,VZ,Medium Risk
2024-08-14,VZ,Medium Risk
2024-08-15,VZ,Medium Risk
2024-08-16,VZ,Medium Risk
2024-08-19,VZ,Medium Risk
2024-08-20,VZ,Medium Risk
2024-08-21,VZ,Medium Risk
2024-08-22,VZ,Medium Risk
2024-08-23,VZ,Medium Risk
2024-08-26,VZ,Medium Risk
2024-08-27,VZ,Medium Risk
2024-08-28,VZ,Medium Risk
2024-08-29,VZ,Medium Risk
2024-08-30,VZ,Medium Risk
2024-09-03,VZ,Medium Risk
2024-09-04,VZ,Medium Risk
2024-09-05,VZ,Medium Risk
2024-09-06,VZ,Medium Risk
2024-09-09,VZ,Medium Risk
2024-09-10,VZ,Medium Risk
2024-09-11,VZ,Medium Risk
2024-09-12,VZ,Medium Risk
2024-09-13,VZ,Medium Risk
2024-09-16,VZ,Medium Risk
2024-09-17,VZ,Medium Risk
2024-09-18,VZ,Medium Risk
2024-09-19,VZ,Medium Risk
2024-09-20,VZ,Medium Risk
2024-09-23,VZ,Medium Risk
2024-09-24,VZ,Medium Risk
2024-09-25,VZ,Medium Risk
2024-09-26,VZ,Medium Risk
2024-09-27,VZ,Medium Risk
2024-09-30,VZ,Medium Risk
2024-10-01,VZ,Medium Risk
2024-10-02,VZ,Medium Risk
2024-10-03,VZ,Medium Risk
2024-10-04,VZ,Medium Risk
2024-10-07,VZ,Medium Risk
2024-10-08,VZ,Medium Risk
2024-10-09,VZ,Medium Risk
2024-10-10,VZ,Medium Risk
2024-10-11,VZ,Medium Risk
2024-10-14,VZ,Medium Risk
2024-10-15,VZ,Medium Risk
2024-10-16,VZ,Medium Risk
2024-10-17,VZ,Medium Risk
2024-10-18,VZ,Medium Risk
2024-10-21,VZ,Medium Risk
2024-10-22,VZ,Medium Risk
2024-10-23,VZ,Medium Risk
2024-10-24,VZ,Medium Risk
2024-10-25,VZ,Medium Risk
2024-10-28,VZ,Medium Risk
2024-10-29,VZ,Medium Risk
2024-10-30,VZ,Medium Risk
2024-10-31,VZ,Medium Risk
2024-11-01,VZ,Medium Risk
2024-11-04,VZ,Medium Risk
2024-11-05,VZ,Medium Risk
2024-11-06,VZ,Medium Risk
2024-11-07,VZ,Medium Risk
2024-11-08,VZ,Medium Risk
2024-11-11,VZ,Medium Risk
2024-11-12,VZ,Medium Risk
2024-11-13,VZ,Medium Risk
2024-11-14,VZ,Medium Risk
2024-11-15,VZ,Medium Risk
2024-11-18,VZ,Medium Risk
2024-11-19,VZ,Medium Risk
2024-11-20,VZ,Medium Risk
2024-11-21,VZ,Medium Risk
2024-11-22,VZ,Medium Risk
2024-11-25,VZ,Medium Risk
2024-11-26,VZ,Medium Risk
2024-11-27,VZ,Medium Risk
2024-11-29,VZ,Medium Risk
2024-12-02,VZ,Medium Risk
2024-12-03,VZ,Medium Risk
2024-12-04,VZ,Medium Risk
2024-12-05,VZ,Medium Risk
2024-12-06,VZ,Medium Risk
2024-12-09,VZ,Medium Risk
2024-12-10,VZ,Medium Risk
2024-12-11,VZ,Medium Risk
2024-12-12,VZ,Medium Risk
2024-12-13,VZ,Medium Risk
2024-12-16,VZ,Medium Risk
2024-12-17,VZ,Medium Risk
2024-12-18,VZ,Medium Risk
2024-12-19,VZ,Medium Risk
2024-12-20,VZ,Medium Risk
2024-12-23,VZ,Medium Risk
2024-12-24,VZ,Medium Risk
2024-12-26,VZ,Medium Risk
2024-12-27,VZ,Medium Risk
2024-12-30,VZ,Medium Risk
2024-12-31,VZ,Medium Risk
2025-01-02,VZ,Medium Risk
2025-01-03,VZ,Medium Risk
2025-01-06,VZ,Medium Risk
2025-01-07,VZ,Medium Risk
2025-01-08,VZ,Medium Risk
2025-01-10,VZ,Medium Risk
2025-01-13,VZ,Medium Risk
2025-01-14,VZ,Medium Risk
2025-01-15,VZ,Medium Risk
2025-01-16,VZ,Medium Risk
2025-01-17,VZ,Medium Risk
2025-01-21,VZ,Medium Risk
2025-01-22,VZ,Medium Risk
2025-01-23,VZ,Medium Risk
2025-01-24,VZ,Medium Risk
2025-01-27,VZ,Medium Risk
2025-01-28,VZ,Medium Risk
2025-01-29,VZ,Medium Risk
2025-01-30,VZ,Medium Risk
2025-01-31,VZ,Medium Risk
2025-02-03,VZ,Medium Risk
2025-02-04,VZ,Medium Risk
2025-02-05,VZ,Medium Risk
2025-02-06,VZ,Medium Risk
2025-02-07,VZ,Medium Risk
2025-02-10,VZ,Medium Risk
2025-02-11,VZ,Medium Risk
2025-02-12,VZ,Medium Risk
2025-02-13,VZ,Medium Risk
2025-02-14,VZ,Medium Risk
2025-02-18,VZ,Medium Risk
2025-02-19,VZ,Medium Risk
2025-02-20,VZ,Medium Risk
2025-02-21,VZ,Medium Risk
2025-02-24,VZ,Medium Risk
2025-02-25,VZ,Medium Risk
2025-02-26,VZ,Medium Risk
2025-02-27,VZ,Medium Risk
2025-02-28,VZ,Medium Risk
2025-03-03,VZ,Medium Risk
2025-03-04,VZ,Medium Risk
2025-03-05,VZ,Medium Risk
2025-03-06,VZ,Medium Risk
2025-03-07,VZ,Medium Risk
2025-03-10,VZ,Medium Risk
2025-03-11,VZ,Medium Risk
2025-03-12,VZ,Medium Risk
2025-03-13,VZ,Medium Risk
2025-03-14,VZ,Medium Risk
2025-03-17,VZ,Medium Risk
2025-03-18,VZ,Medium Risk
2025-03-19,VZ,Medium Risk
2025-03-20,VZ,Medium Risk
2025-03-21,VZ,Medium Risk
2025-03-24,VZ,Medium Risk
2025-03-25,VZ,Medium Risk
2025-03-26,VZ,Medium Risk
2025-03-27,VZ,Medium Risk
2025-03-28,VZ,Medium Risk
2025-03-31,VZ,Medium Risk
2025-04-01,VZ,Medium Risk
2025-04-02,VZ,Medium Risk
2025-04-03,VZ,Medium Risk
2025-04-04,VZ,Medium Risk
2025-04-07,VZ,Medium Risk
2025-04-08,VZ,Medium Risk
2025-04-09,VZ,Medium Risk
2025-04-10,VZ,Medium Risk
2025-04-11,VZ,Medium Risk
2025-04-14,VZ,Medium Risk
2025-04-15,VZ,Medium Risk
2025-04-16,VZ,Medium Risk
2025-04-17,VZ,Medium Risk
2025-04-21,VZ,Medium Risk
2025-04-22,VZ,Medium Risk
2025-04-23,VZ,Medium Risk
2025-04-24,VZ,Medium Risk
2025-04-25,VZ,Medium Risk
2025-04-28,VZ,Medium Risk
2025-04-29,VZ,Medium Risk
2025-04-30,VZ,Medium Risk
2025-05-01,VZ,Medium Risk
2025-05-02,VZ,Medium Risk
2025-05-05,VZ,Medium Risk
2025-05-06,VZ,Medium Risk
2025-05-07,VZ,Medium Risk
2025-05-08,VZ,Medium Risk
2025-05-09,VZ,Medium Risk
2022-01-03,XOM,Medium Risk
2022-01-04,XOM,Medium Risk
2022-01-05,XOM,Medium Risk
2022-01-06,XOM,Medium Risk
2022-01-07,XOM,Medium Risk
2022-01-10,XOM,Medium Risk
2022-01-11,XOM,Medium Risk
2022-01-12,XOM,Medium Risk
2022-01-13,XOM,Medium Risk
2022-01-14,XOM,Medium Risk
2022-01-18,XOM,Medium Risk
2022-01-19,XOM,Medium Risk
2022-01-20,XOM,Medium Risk
2022-01-21,XOM,Medium Risk
2022-01-24,XOM,Medium Risk
2022-01-25,XOM,Medium Risk
2022-01-26,XOM,Medium Risk
2022-01-27,XOM,Medium Risk
2022-01-28,XOM,Medium Risk
2022-01-31,XOM,Medium Risk
2022-02-01,XOM,Medium Risk
2022-02-02,XOM,Medium Risk
2022-02-03,XOM,Medium Risk
2022-02-04,XOM,Medium Risk
2022-02-07,XOM,Medium Risk
2022-02-08,XOM,Medium Risk
2022-02-09,XOM,Medium Risk
2022-02-10,XOM,Medium Risk
